ISO-10303-21;
HEADER;
FILE_DESCRIPTION(('Open CASCADE Model'),'2;1');
FILE_NAME('Open CASCADE Shape Model','2026-09-07T01:30:46',('Author'),(
    'Open CASCADE'),'Open CASCADE STEP processor 7.9','Open CASCADE 7.9'
  ,'Unknown');
FILE_SCHEMA(('AUTOMOTIVE_DESIGN { 1 0 10303 214 1 1 1 1 }'));
ENDSEC;
DATA;
#1 = APPLICATION_PROTOCOL_DEFINITION('international standard',
  'automotive_design',2000,#2);
#2 = APPLICATION_CONTEXT(
  'core data for automotive mechanical design processes');
#3 = SHAPE_DEFINITION_REPRESENTATION(#4,#10);
#4 = PRODUCT_DEFINITION_SHAPE('','',#5);
#5 = PRODUCT_DEFINITION('design','',#6,#9);
#6 = PRODUCT_DEFINITION_FORMATION('','',#7);
#7 = PRODUCT('Open CASCADE STEP translator 7.9 1',
  'Open CASCADE STEP translator 7.9 1','',(#8));
#8 = PRODUCT_CONTEXT('',#2,'mechanical');
#9 = PRODUCT_DEFINITION_CONTEXT('part definition',#2,'design');
#10 = ADVANCED_BREP_SHAPE_REPRESENTATION('',(#11,#15),#6667);
#11 = AXIS2_PLACEMENT_3D('',#12,#13,#14);
#12 = CARTESIAN_POINT('',(0.,0.,0.));
#13 = DIRECTION('',(0.,0.,1.));
#14 = DIRECTION('',(1.,0.,-0.));
#15 = MANIFOLD_SOLID_BREP('',#16);
#16 = CLOSED_SHELL('',(#17,#137,#537,#585,#637,#1779,#1853,#1902,#1996,
    #2100,#2169,#2194,#2270,#2374,#2443,#2450,#2713,#2807,#2854,#2906,
    #2953,#3020,#3286,#3383,#3433,#3482,#3534,#3601,#3867,#3961,#4008,
    #4060,#4108,#4177,#4420,#4474,#4533,#4560,#4587,#4641,#4762,#4811,
    #4859,#4948,#5049,#5101,#5150,#5219,#5278,#5569,#5576,#5583,#5590,
    #5597,#5668,#5673,#5722,#5771,#5776,#5784,#5809,#5860,#5909,#5958,
    #5963,#6087,#6112,#6163,#6234,#6239,#6266,#6274,#6345,#6350,#6399,
    #6448,#6453,#6483,#6515,#6546,#6625,#6632,#6639,#6646,#6653,#6660));
#17 = ADVANCED_FACE('',(#18),#32,.F.);
#18 = FACE_BOUND('',#19,.F.);
#19 = EDGE_LOOP('',(#20,#55,#83,#111));
#20 = ORIENTED_EDGE('',*,*,#21,.F.);
#21 = EDGE_CURVE('',#22,#24,#26,.T.);
#22 = VERTEX_POINT('',#23);
#23 = CARTESIAN_POINT('',(-31.,-19.,2.4));
#24 = VERTEX_POINT('',#25);
#25 = CARTESIAN_POINT('',(-31.,19.,2.4));
#26 = SURFACE_CURVE('',#27,(#31,#43),.PCURVE_S1.);
#27 = LINE('',#28,#29);
#28 = CARTESIAN_POINT('',(-31.,-23.,2.4));
#29 = VECTOR('',#30,1.);
#30 = DIRECTION('',(0.,1.,0.));
#31 = PCURVE('',#32,#37);
#32 = PLANE('',#33);
#33 = AXIS2_PLACEMENT_3D('',#34,#35,#36);
#34 = CARTESIAN_POINT('',(-31.,-23.,0.));
#35 = DIRECTION('',(1.,0.,0.));
#36 = DIRECTION('',(0.,0.,1.));
#37 = DEFINITIONAL_REPRESENTATION('',(#38),#42);
#38 = LINE('',#39,#40);
#39 = CARTESIAN_POINT('',(2.4,0.));
#40 = VECTOR('',#41,1.);
#41 = DIRECTION('',(0.,-1.));
#42 = ( GEOMETRIC_REPRESENTATION_CONTEXT(2) 
PARAMETRIC_REPRESENTATION_CONTEXT() REPRESENTATION_CONTEXT('2D SPACE',''
  ) );
#43 = PCURVE('',#44,#49);
#44 = PLANE('',#45);
#45 = AXIS2_PLACEMENT_3D('',#46,#47,#48);
#46 = CARTESIAN_POINT('',(-31.,-23.,2.4));
#47 = DIRECTION('',(0.,0.,1.));
#48 = DIRECTION('',(1.,0.,0.));
#49 = DEFINITIONAL_REPRESENTATION('',(#50),#54);
#50 = LINE('',#51,#52);
#51 = CARTESIAN_POINT('',(0.,0.));
#52 = VECTOR('',#53,1.);
#53 = DIRECTION('',(0.,1.));
#54 = ( GEOMETRIC_REPRESENTATION_CONTEXT(2) 
PARAMETRIC_REPRESENTATION_CONTEXT() REPRESENTATION_CONTEXT('2D SPACE',''
  ) );
#55 = ORIENTED_EDGE('',*,*,#56,.F.);
#56 = EDGE_CURVE('',#57,#22,#59,.T.);
#57 = VERTEX_POINT('',#58);
#58 = CARTESIAN_POINT('',(-31.,-19.,0.));
#59 = SURFACE_CURVE('',#60,(#64,#71),.PCURVE_S1.);
#60 = LINE('',#61,#62);
#61 = CARTESIAN_POINT('',(-31.,-19.,0.));
#62 = VECTOR('',#63,1.);
#63 = DIRECTION('',(0.,0.,1.));
#64 = PCURVE('',#32,#65);
#65 = DEFINITIONAL_REPRESENTATION('',(#66),#70);
#66 = LINE('',#67,#68);
#67 = CARTESIAN_POINT('',(0.,-4.));
#68 = VECTOR('',#69,1.);
#69 = DIRECTION('',(1.,0.));
#70 = ( GEOMETRIC_REPRESENTATION_CONTEXT(2) 
PARAMETRIC_REPRESENTATION_CONTEXT() REPRESENTATION_CONTEXT('2D SPACE',''
  ) );
#71 = PCURVE('',#72,#77);
#72 = CYLINDRICAL_SURFACE('',#73,4.);
#73 = AXIS2_PLACEMENT_3D('',#74,#75,#76);
#74 = CARTESIAN_POINT('',(-27.,-19.,0.));
#75 = DIRECTION('',(0.,0.,1.));
#76 = DIRECTION('',(-1.,-0.,0.));
#77 = DEFINITIONAL_REPRESENTATION('',(#78),#82);
#78 = LINE('',#79,#80);
#79 = CARTESIAN_POINT('',(0.,0.));
#80 = VECTOR('',#81,1.);
#81 = DIRECTION('',(0.,1.));
#82 = ( GEOMETRIC_REPRESENTATION_CONTEXT(2) 
PARAMETRIC_REPRESENTATION_CONTEXT() REPRESENTATION_CONTEXT('2D SPACE',''
  ) );
#83 = ORIENTED_EDGE('',*,*,#84,.T.);
#84 = EDGE_CURVE('',#57,#85,#87,.T.);
#85 = VERTEX_POINT('',#86);
#86 = CARTESIAN_POINT('',(-31.,19.,0.));
#87 = SURFACE_CURVE('',#88,(#92,#99),.PCURVE_S1.);
#88 = LINE('',#89,#90);
#89 = CARTESIAN_POINT('',(-31.,-23.,0.));
#90 = VECTOR('',#91,1.);
#91 = DIRECTION('',(0.,1.,0.));
#92 = PCURVE('',#32,#93);
#93 = DEFINITIONAL_REPRESENTATION('',(#94),#98);
#94 = LINE('',#95,#96);
#95 = CARTESIAN_POINT('',(0.,0.));
#96 = VECTOR('',#97,1.);
#97 = DIRECTION('',(0.,-1.));
#98 = ( GEOMETRIC_REPRESENTATION_CONTEXT(2) 
PARAMETRIC_REPRESENTATION_CONTEXT() REPRESENTATION_CONTEXT('2D SPACE',''
  ) );
#99 = PCURVE('',#100,#105);
#100 = PLANE('',#101);
#101 = AXIS2_PLACEMENT_3D('',#102,#103,#104);
#102 = CARTESIAN_POINT('',(-31.,-23.,0.));
#103 = DIRECTION('',(0.,0.,1.));
#104 = DIRECTION('',(1.,0.,0.));
#105 = DEFINITIONAL_REPRESENTATION('',(#106),#110);
#106 = LINE('',#107,#108);
#107 = CARTESIAN_POINT('',(0.,0.));
#108 = VECTOR('',#109,1.);
#109 = DIRECTION('',(0.,1.));
#110 = ( GEOMETRIC_REPRESENTATION_CONTEXT(2) 
PARAMETRIC_REPRESENTATION_CONTEXT() REPRESENTATION_CONTEXT('2D SPACE',''
  ) );
#111 = ORIENTED_EDGE('',*,*,#112,.T.);
#112 = EDGE_CURVE('',#85,#24,#113,.T.);
#113 = SURFACE_CURVE('',#114,(#118,#125),.PCURVE_S1.);
#114 = LINE('',#115,#116);
#115 = CARTESIAN_POINT('',(-31.,19.,0.));
#116 = VECTOR('',#117,1.);
#117 = DIRECTION('',(0.,0.,1.));
#118 = PCURVE('',#32,#119);
#119 = DEFINITIONAL_REPRESENTATION('',(#120),#124);
#120 = LINE('',#121,#122);
#121 = CARTESIAN_POINT('',(0.,-42.));
#122 = VECTOR('',#123,1.);
#123 = DIRECTION('',(1.,0.));
#124 = ( GEOMETRIC_REPRESENTATION_CONTEXT(2) 
PARAMETRIC_REPRESENTATION_CONTEXT() REPRESENTATION_CONTEXT('2D SPACE',''
  ) );
#125 = PCURVE('',#126,#131);
#126 = CYLINDRICAL_SURFACE('',#127,4.);
#127 = AXIS2_PLACEMENT_3D('',#128,#129,#130);
#128 = CARTESIAN_POINT('',(-27.,19.,0.));
#129 = DIRECTION('',(0.,0.,1.));
#130 = DIRECTION('',(-1.,-0.,0.));
#131 = DEFINITIONAL_REPRESENTATION('',(#132),#136);
#132 = LINE('',#133,#134);
#133 = CARTESIAN_POINT('',(-0.,0.));
#134 = VECTOR('',#135,1.);
#135 = DIRECTION('',(-0.,1.));
#136 = ( GEOMETRIC_REPRESENTATION_CONTEXT(2) 
PARAMETRIC_REPRESENTATION_CONTEXT() REPRESENTATION_CONTEXT('2D SPACE',''
  ) );
#137 = ADVANCED_FACE('',(#138,#243),#44,.T.);
#138 = FACE_BOUND('',#139,.T.);
#139 = EDGE_LOOP('',(#140,#141,#165,#191,#217));
#140 = ORIENTED_EDGE('',*,*,#21,.F.);
#141 = ORIENTED_EDGE('',*,*,#142,.T.);
#142 = EDGE_CURVE('',#22,#143,#145,.T.);
#143 = VERTEX_POINT('',#144);
#144 = CARTESIAN_POINT('',(-28.8895336769,-22.52557264622,2.4));
#145 = SURFACE_CURVE('',#146,(#151,#158),.PCURVE_S1.);
#146 = CIRCLE('',#147,4.);
#147 = AXIS2_PLACEMENT_3D('',#148,#149,#150);
#148 = CARTESIAN_POINT('',(-27.,-19.,2.4));
#149 = DIRECTION('',(0.,0.,1.));
#150 = DIRECTION('',(0.,-1.,0.));
#151 = PCURVE('',#44,#152);
#152 = DEFINITIONAL_REPRESENTATION('',(#153),#157);
#153 = CIRCLE('',#154,4.);
#154 = AXIS2_PLACEMENT_2D('',#155,#156);
#155 = CARTESIAN_POINT('',(4.,4.));
#156 = DIRECTION('',(0.,-1.));
#157 = ( GEOMETRIC_REPRESENTATION_CONTEXT(2) 
PARAMETRIC_REPRESENTATION_CONTEXT() REPRESENTATION_CONTEXT('2D SPACE',''
  ) );
#158 = PCURVE('',#72,#159);
#159 = DEFINITIONAL_REPRESENTATION('',(#160),#164);
#160 = LINE('',#161,#162);
#161 = CARTESIAN_POINT('',(-4.712388980385,2.4));
#162 = VECTOR('',#163,1.);
#163 = DIRECTION('',(1.,0.));
#164 = ( GEOMETRIC_REPRESENTATION_CONTEXT(2) 
PARAMETRIC_REPRESENTATION_CONTEXT() REPRESENTATION_CONTEXT('2D SPACE',''
  ) );
#165 = ORIENTED_EDGE('',*,*,#166,.T.);
#166 = EDGE_CURVE('',#143,#167,#169,.T.);
#167 = VERTEX_POINT('',#168);
#168 = CARTESIAN_POINT('',(-6.363961030679,-2.6645352591E-15,2.4));
#169 = SURFACE_CURVE('',#170,(#174,#180),.PCURVE_S1.);
#170 = LINE('',#171,#172);
#171 = CARTESIAN_POINT('',(-15.62132034356,-9.257359312881,2.4));
#172 = VECTOR('',#173,1.);
#173 = DIRECTION('',(0.707106781187,0.707106781187,-0.));
#174 = PCURVE('',#44,#175);
#175 = DEFINITIONAL_REPRESENTATION('',(#176),#179);
#176 = B_SPLINE_CURVE_WITH_KNOTS('',1,(#177,#178),.UNSPECIFIED.,.F.,.F.,
  (2,2),(-19.43502884254,20.591883092037),.PIECEWISE_BEZIER_KNOTS.);
#177 = CARTESIAN_POINT('',(1.636038969321,-1.7763568394E-15));
#178 = CARTESIAN_POINT('',(29.93933982822,28.303300858899));
#179 = ( GEOMETRIC_REPRESENTATION_CONTEXT(2) 
PARAMETRIC_REPRESENTATION_CONTEXT() REPRESENTATION_CONTEXT('2D SPACE',''
  ) );
#180 = PCURVE('',#181,#186);
#181 = PLANE('',#182);
#182 = AXIS2_PLACEMENT_3D('',#183,#184,#185);
#183 = CARTESIAN_POINT('',(-1.06066017178,5.303300858899,0.));
#184 = DIRECTION('',(0.707106781187,-0.707106781187,0.));
#185 = DIRECTION('',(0.,0.,1.));
#186 = DEFINITIONAL_REPRESENTATION('',(#187),#190);
#187 = B_SPLINE_CURVE_WITH_KNOTS('',1,(#188,#189),.UNSPECIFIED.,.F.,.F.,
  (2,2),(-19.43502884254,20.591883092037),.PIECEWISE_BEZIER_KNOTS.);
#188 = CARTESIAN_POINT('',(2.4,40.026911934581));
#189 = CARTESIAN_POINT('',(2.4,0.));
#190 = ( GEOMETRIC_REPRESENTATION_CONTEXT(2) 
PARAMETRIC_REPRESENTATION_CONTEXT() REPRESENTATION_CONTEXT('2D SPACE',''
  ) );
#191 = ORIENTED_EDGE('',*,*,#192,.F.);
#192 = EDGE_CURVE('',#193,#167,#195,.T.);
#193 = VERTEX_POINT('',#194);
#194 = CARTESIAN_POINT('',(-28.8895336769,22.525572646228,2.4));
#195 = SURFACE_CURVE('',#196,(#200,#206),.PCURVE_S1.);
#196 = LINE('',#197,#198);
#197 = CARTESIAN_POINT('',(-4.12132034356,-2.242640687119,2.4));
#198 = VECTOR('',#199,1.);
#199 = DIRECTION('',(0.707106781187,-0.707106781187,0.));
#200 = PCURVE('',#44,#201);
#201 = DEFINITIONAL_REPRESENTATION('',(#202),#205);
#202 = B_SPLINE_CURVE_WITH_KNOTS('',1,(#203,#204),.UNSPECIFIED.,.F.,.F.,
  (2,2),(-35.69848480983,4.328427124746),.PIECEWISE_BEZIER_KNOTS.);
#203 = CARTESIAN_POINT('',(1.636038969321,46.));
#204 = CARTESIAN_POINT('',(29.93933982822,17.696699141101));
#205 = ( GEOMETRIC_REPRESENTATION_CONTEXT(2) 
PARAMETRIC_REPRESENTATION_CONTEXT() REPRESENTATION_CONTEXT('2D SPACE',''
  ) );
#206 = PCURVE('',#207,#212);
#207 = PLANE('',#208);
#208 = AXIS2_PLACEMENT_3D('',#209,#210,#211);
#209 = CARTESIAN_POINT('',(-1.06066017178,-5.303300858899,0.));
#210 = DIRECTION('',(-0.707106781187,-0.707106781187,0.));
#211 = DIRECTION('',(0.,0.,1.));
#212 = DEFINITIONAL_REPRESENTATION('',(#213),#216);
#213 = B_SPLINE_CURVE_WITH_KNOTS('',1,(#214,#215),.UNSPECIFIED.,.F.,.F.,
  (2,2),(-35.69848480983,4.328427124746),.PIECEWISE_BEZIER_KNOTS.);
#214 = CARTESIAN_POINT('',(2.4,40.026911934581));
#215 = CARTESIAN_POINT('',(2.4,0.));
#216 = ( GEOMETRIC_REPRESENTATION_CONTEXT(2) 
PARAMETRIC_REPRESENTATION_CONTEXT() REPRESENTATION_CONTEXT('2D SPACE',''
  ) );
#217 = ORIENTED_EDGE('',*,*,#218,.F.);
#218 = EDGE_CURVE('',#24,#193,#219,.T.);
#219 = SURFACE_CURVE('',#220,(#225,#236),.PCURVE_S1.);
#220 = CIRCLE('',#221,4.);
#221 = AXIS2_PLACEMENT_3D('',#222,#223,#224);
#222 = CARTESIAN_POINT('',(-27.,19.,2.4));
#223 = DIRECTION('',(-0.,-0.,-1.));
#224 = DIRECTION('',(0.,-1.,0.));
#225 = PCURVE('',#44,#226);
#226 = DEFINITIONAL_REPRESENTATION('',(#227),#235);
#227 = ( BOUNDED_CURVE() B_SPLINE_CURVE(2,(#228,#229,#230,#231,#232,#233
,#234),.UNSPECIFIED.,.T.,.F.) B_SPLINE_CURVE_WITH_KNOTS((1,2,2,2,2,1),(
    -2.094395102393,0.,2.094395102393,4.188790204786,6.28318530718,
8.377580409573),.UNSPECIFIED.) CURVE() GEOMETRIC_REPRESENTATION_ITEM() 
RATIONAL_B_SPLINE_CURVE((1.,0.5,1.,0.5,1.,0.5,1.)) REPRESENTATION_ITEM(
  '') );
#228 = CARTESIAN_POINT('',(4.,38.));
#229 = CARTESIAN_POINT('',(-2.928203230276,38.));
#230 = CARTESIAN_POINT('',(0.535898384862,44.));
#231 = CARTESIAN_POINT('',(4.,50.));
#232 = CARTESIAN_POINT('',(7.464101615138,44.));
#233 = CARTESIAN_POINT('',(10.928203230276,38.));
#234 = CARTESIAN_POINT('',(4.,38.));
#235 = ( GEOMETRIC_REPRESENTATION_CONTEXT(2) 
PARAMETRIC_REPRESENTATION_CONTEXT() REPRESENTATION_CONTEXT('2D SPACE',''
  ) );
#236 = PCURVE('',#126,#237);
#237 = DEFINITIONAL_REPRESENTATION('',(#238),#242);
#238 = LINE('',#239,#240);
#239 = CARTESIAN_POINT('',(1.570796326795,2.4));
#240 = VECTOR('',#241,1.);
#241 = DIRECTION('',(-1.,0.));
#242 = ( GEOMETRIC_REPRESENTATION_CONTEXT(2) 
PARAMETRIC_REPRESENTATION_CONTEXT() REPRESENTATION_CONTEXT('2D SPACE',''
  ) );
#243 = FACE_BOUND('',#244,.T.);
#244 = EDGE_LOOP('',(#245,#273,#306,#334,#360,#393,#419,#452,#480,#506)
  );
#245 = ORIENTED_EDGE('',*,*,#246,.F.);
#246 = EDGE_CURVE('',#247,#249,#251,.T.);
#247 = VERTEX_POINT('',#248);
#248 = CARTESIAN_POINT('',(-21.9,-6.581667268351,2.4));
#249 = VERTEX_POINT('',#250);
#250 = CARTESIAN_POINT('',(-21.9,-3.26190128606,2.4));
#251 = SURFACE_CURVE('',#252,(#256,#262),.PCURVE_S1.);
#252 = LINE('',#253,#254);
#253 = CARTESIAN_POINT('',(-21.9,-15.,2.4));
#254 = VECTOR('',#255,1.);
#255 = DIRECTION('',(0.,1.,0.));
#256 = PCURVE('',#44,#257);
#257 = DEFINITIONAL_REPRESENTATION('',(#258),#261);
#258 = B_SPLINE_CURVE_WITH_KNOTS('',1,(#259,#260),.UNSPECIFIED.,.F.,.F.,
  (2,2),(8.,22.),.PIECEWISE_BEZIER_KNOTS.);
#259 = CARTESIAN_POINT('',(9.1,16.));
#260 = CARTESIAN_POINT('',(9.1,30.));
#261 = ( GEOMETRIC_REPRESENTATION_CONTEXT(2) 
PARAMETRIC_REPRESENTATION_CONTEXT() REPRESENTATION_CONTEXT('2D SPACE',''
  ) );
#262 = PCURVE('',#263,#268);
#263 = PLANE('',#264);
#264 = AXIS2_PLACEMENT_3D('',#265,#266,#267);
#265 = CARTESIAN_POINT('',(-21.9,-7.,-1.));
#266 = DIRECTION('',(1.,0.,0.));
#267 = DIRECTION('',(0.,0.,1.));
#268 = DEFINITIONAL_REPRESENTATION('',(#269),#272);
#269 = B_SPLINE_CURVE_WITH_KNOTS('',1,(#270,#271),.UNSPECIFIED.,.F.,.F.,
  (2,2),(8.,22.),.PIECEWISE_BEZIER_KNOTS.);
#270 = CARTESIAN_POINT('',(3.4,0.));
#271 = CARTESIAN_POINT('',(3.4,-14.));
#272 = ( GEOMETRIC_REPRESENTATION_CONTEXT(2) 
PARAMETRIC_REPRESENTATION_CONTEXT() REPRESENTATION_CONTEXT('2D SPACE',''
  ) );
#273 = ORIENTED_EDGE('',*,*,#274,.T.);
#274 = EDGE_CURVE('',#247,#275,#277,.T.);
#275 = VERTEX_POINT('',#276);
#276 = CARTESIAN_POINT('',(-20.36,-8.89,2.4));
#277 = SURFACE_CURVE('',#278,(#283,#294),.PCURVE_S1.);
#278 = CIRCLE('',#279,2.5);
#279 = AXIS2_PLACEMENT_3D('',#280,#281,#282);
#280 = CARTESIAN_POINT('',(-22.86,-8.89,2.4));
#281 = DIRECTION('',(0.,0.,-1.));
#282 = DIRECTION('',(1.,0.,0.));
#283 = PCURVE('',#44,#284);
#284 = DEFINITIONAL_REPRESENTATION('',(#285),#293);
#285 = ( BOUNDED_CURVE() B_SPLINE_CURVE(2,(#286,#287,#288,#289,#290,#291
,#292),.UNSPECIFIED.,.T.,.F.) B_SPLINE_CURVE_WITH_KNOTS((1,2,2,2,2,1),(
    -2.094395102393,0.,2.094395102393,4.188790204786,6.28318530718,
8.377580409573),.UNSPECIFIED.) CURVE() GEOMETRIC_REPRESENTATION_ITEM() 
RATIONAL_B_SPLINE_CURVE((1.,0.5,1.,0.5,1.,0.5,1.)) REPRESENTATION_ITEM(
  '') );
#286 = CARTESIAN_POINT('',(10.64,14.11));
#287 = CARTESIAN_POINT('',(10.64,9.779872981078));
#288 = CARTESIAN_POINT('',(6.89,11.944936490539));
#289 = CARTESIAN_POINT('',(3.14,14.11));
#290 = CARTESIAN_POINT('',(6.89,16.275063509461));
#291 = CARTESIAN_POINT('',(10.64,18.440127018922));
#292 = CARTESIAN_POINT('',(10.64,14.11));
#293 = ( GEOMETRIC_REPRESENTATION_CONTEXT(2) 
PARAMETRIC_REPRESENTATION_CONTEXT() REPRESENTATION_CONTEXT('2D SPACE',''
  ) );
#294 = PCURVE('',#295,#300);
#295 = CYLINDRICAL_SURFACE('',#296,2.5);
#296 = AXIS2_PLACEMENT_3D('',#297,#298,#299);
#297 = CARTESIAN_POINT('',(-22.86,-8.89,0.));
#298 = DIRECTION('',(-0.,-0.,-1.));
#299 = DIRECTION('',(1.,0.,0.));
#300 = DEFINITIONAL_REPRESENTATION('',(#301),#305);
#301 = LINE('',#302,#303);
#302 = CARTESIAN_POINT('',(-6.28318530718,-2.4));
#303 = VECTOR('',#304,1.);
#304 = DIRECTION('',(1.,-0.));
#305 = ( GEOMETRIC_REPRESENTATION_CONTEXT(2) 
PARAMETRIC_REPRESENTATION_CONTEXT() REPRESENTATION_CONTEXT('2D SPACE',''
  ) );
#306 = ORIENTED_EDGE('',*,*,#307,.T.);
#307 = EDGE_CURVE('',#275,#308,#310,.T.);
#308 = VERTEX_POINT('',#309);
#309 = CARTESIAN_POINT('',(-24.1,-6.719193698185,2.4));
#310 = SURFACE_CURVE('',#311,(#316,#327),.PCURVE_S1.);
#311 = CIRCLE('',#312,2.5);
#312 = AXIS2_PLACEMENT_3D('',#313,#314,#315);
#313 = CARTESIAN_POINT('',(-22.86,-8.89,2.4));
#314 = DIRECTION('',(0.,0.,-1.));
#315 = DIRECTION('',(1.,0.,0.));
#316 = PCURVE('',#44,#317);
#317 = DEFINITIONAL_REPRESENTATION('',(#318),#326);
#318 = ( BOUNDED_CURVE() B_SPLINE_CURVE(2,(#319,#320,#321,#322,#323,#324
,#325),.UNSPECIFIED.,.T.,.F.) B_SPLINE_CURVE_WITH_KNOTS((1,2,2,2,2,1),(
    -2.094395102393,0.,2.094395102393,4.188790204786,6.28318530718,
8.377580409573),.UNSPECIFIED.) CURVE() GEOMETRIC_REPRESENTATION_ITEM() 
RATIONAL_B_SPLINE_CURVE((1.,0.5,1.,0.5,1.,0.5,1.)) REPRESENTATION_ITEM(
  '') );
#319 = CARTESIAN_POINT('',(10.64,14.11));
#320 = CARTESIAN_POINT('',(10.64,9.779872981078));
#321 = CARTESIAN_POINT('',(6.89,11.944936490539));
#322 = CARTESIAN_POINT('',(3.14,14.11));
#323 = CARTESIAN_POINT('',(6.89,16.275063509461));
#324 = CARTESIAN_POINT('',(10.64,18.440127018922));
#325 = CARTESIAN_POINT('',(10.64,14.11));
#326 = ( GEOMETRIC_REPRESENTATION_CONTEXT(2) 
PARAMETRIC_REPRESENTATION_CONTEXT() REPRESENTATION_CONTEXT('2D SPACE',''
  ) );
#327 = PCURVE('',#295,#328);
#328 = DEFINITIONAL_REPRESENTATION('',(#329),#333);
#329 = LINE('',#330,#331);
#330 = CARTESIAN_POINT('',(-6.28318530718,-2.4));
#331 = VECTOR('',#332,1.);
#332 = DIRECTION('',(1.,-0.));
#333 = ( GEOMETRIC_REPRESENTATION_CONTEXT(2) 
PARAMETRIC_REPRESENTATION_CONTEXT() REPRESENTATION_CONTEXT('2D SPACE',''
  ) );
#334 = ORIENTED_EDGE('',*,*,#335,.T.);
#335 = EDGE_CURVE('',#308,#336,#338,.T.);
#336 = VERTEX_POINT('',#337);
#337 = CARTESIAN_POINT('',(-24.1,-4.40908153701,2.4));
#338 = SURFACE_CURVE('',#339,(#343,#349),.PCURVE_S1.);
#339 = LINE('',#340,#341);
#340 = CARTESIAN_POINT('',(-24.1,-15.,2.4));
#341 = VECTOR('',#342,1.);
#342 = DIRECTION('',(0.,1.,0.));
#343 = PCURVE('',#44,#344);
#344 = DEFINITIONAL_REPRESENTATION('',(#345),#348);
#345 = B_SPLINE_CURVE_WITH_KNOTS('',1,(#346,#347),.UNSPECIFIED.,.F.,.F.,
  (2,2),(8.,22.),.PIECEWISE_BEZIER_KNOTS.);
#346 = CARTESIAN_POINT('',(6.9,16.));
#347 = CARTESIAN_POINT('',(6.9,30.));
#348 = ( GEOMETRIC_REPRESENTATION_CONTEXT(2) 
PARAMETRIC_REPRESENTATION_CONTEXT() REPRESENTATION_CONTEXT('2D SPACE',''
  ) );
#349 = PCURVE('',#350,#355);
#350 = PLANE('',#351);
#351 = AXIS2_PLACEMENT_3D('',#352,#353,#354);
#352 = CARTESIAN_POINT('',(-24.1,-7.,-1.));
#353 = DIRECTION('',(1.,0.,0.));
#354 = DIRECTION('',(0.,0.,1.));
#355 = DEFINITIONAL_REPRESENTATION('',(#356),#359);
#356 = B_SPLINE_CURVE_WITH_KNOTS('',1,(#357,#358),.UNSPECIFIED.,.F.,.F.,
  (2,2),(8.,22.),.PIECEWISE_BEZIER_KNOTS.);
#357 = CARTESIAN_POINT('',(3.4,0.));
#358 = CARTESIAN_POINT('',(3.4,-14.));
#359 = ( GEOMETRIC_REPRESENTATION_CONTEXT(2) 
PARAMETRIC_REPRESENTATION_CONTEXT() REPRESENTATION_CONTEXT('2D SPACE',''
  ) );
#360 = ORIENTED_EDGE('',*,*,#361,.T.);
#361 = EDGE_CURVE('',#336,#362,#364,.T.);
#362 = VERTEX_POINT('',#363);
#363 = CARTESIAN_POINT('',(-24.1,4.40908153701,2.4));
#364 = SURFACE_CURVE('',#365,(#370,#381),.PCURVE_S1.);
#365 = CIRCLE('',#366,4.5);
#366 = AXIS2_PLACEMENT_3D('',#367,#368,#369);
#367 = CARTESIAN_POINT('',(-25.,3.061616997868E-15,2.4));
#368 = DIRECTION('',(0.,-0.,-1.));
#369 = DIRECTION('',(0.2,-0.979795897113,0.));
#370 = PCURVE('',#44,#371);
#371 = DEFINITIONAL_REPRESENTATION('',(#372),#380);
#372 = ( BOUNDED_CURVE() B_SPLINE_CURVE(2,(#373,#374,#375,#376,#377,#378
,#379),.UNSPECIFIED.,.T.,.F.) B_SPLINE_CURVE_WITH_KNOTS((1,2,2,2,2,1),(
    -2.094395102393,0.,2.094395102393,4.188790204786,6.28318530718,
8.377580409573),.UNSPECIFIED.) CURVE() GEOMETRIC_REPRESENTATION_ITEM() 
RATIONAL_B_SPLINE_CURVE((1.,0.5,1.,0.5,1.,0.5,1.)) REPRESENTATION_ITEM(
  '') );
#373 = CARTESIAN_POINT('',(6.9,18.59091846299));
#374 = CARTESIAN_POINT('',(-0.736753236815,17.032072736178));
#375 = CARTESIAN_POINT('',(1.731623381593,24.425117905099));
#376 = CARTESIAN_POINT('',(4.2,31.818163074019));
#377 = CARTESIAN_POINT('',(9.368376618407,25.983963631911));
#378 = CARTESIAN_POINT('',(14.536753236815,20.149764189802));
#379 = CARTESIAN_POINT('',(6.9,18.59091846299));
#380 = ( GEOMETRIC_REPRESENTATION_CONTEXT(2) 
PARAMETRIC_REPRESENTATION_CONTEXT() REPRESENTATION_CONTEXT('2D SPACE',''
  ) );
#381 = PCURVE('',#382,#387);
#382 = CYLINDRICAL_SURFACE('',#383,4.5);
#383 = AXIS2_PLACEMENT_3D('',#384,#385,#386);
#384 = CARTESIAN_POINT('',(-25.,3.061616997868E-15,-1.));
#385 = DIRECTION('',(0.,0.,-1.));
#386 = DIRECTION('',(-1.,1.224646799147E-16,0.));
#387 = DEFINITIONAL_REPRESENTATION('',(#388),#392);
#388 = LINE('',#389,#390);
#389 = CARTESIAN_POINT('',(-8.055339554765,-3.4));
#390 = VECTOR('',#391,1.);
#391 = DIRECTION('',(1.,-0.));
#392 = ( GEOMETRIC_REPRESENTATION_CONTEXT(2) 
PARAMETRIC_REPRESENTATION_CONTEXT() REPRESENTATION_CONTEXT('2D SPACE',''
  ) );
#393 = ORIENTED_EDGE('',*,*,#394,.T.);
#394 = EDGE_CURVE('',#362,#395,#397,.T.);
#395 = VERTEX_POINT('',#396);
#396 = CARTESIAN_POINT('',(-24.1,6.719193698185,2.4));
#397 = SURFACE_CURVE('',#398,(#402,#408),.PCURVE_S1.);
#398 = LINE('',#399,#400);
#399 = CARTESIAN_POINT('',(-24.1,-15.,2.4));
#400 = VECTOR('',#401,1.);
#401 = DIRECTION('',(0.,1.,0.));
#402 = PCURVE('',#44,#403);
#403 = DEFINITIONAL_REPRESENTATION('',(#404),#407);
#404 = B_SPLINE_CURVE_WITH_KNOTS('',1,(#405,#406),.UNSPECIFIED.,.F.,.F.,
  (2,2),(8.,22.),.PIECEWISE_BEZIER_KNOTS.);
#405 = CARTESIAN_POINT('',(6.9,16.));
#406 = CARTESIAN_POINT('',(6.9,30.));
#407 = ( GEOMETRIC_REPRESENTATION_CONTEXT(2) 
PARAMETRIC_REPRESENTATION_CONTEXT() REPRESENTATION_CONTEXT('2D SPACE',''
  ) );
#408 = PCURVE('',#409,#414);
#409 = PLANE('',#410);
#410 = AXIS2_PLACEMENT_3D('',#411,#412,#413);
#411 = CARTESIAN_POINT('',(-24.1,-7.,-1.));
#412 = DIRECTION('',(1.,0.,0.));
#413 = DIRECTION('',(0.,0.,1.));
#414 = DEFINITIONAL_REPRESENTATION('',(#415),#418);
#415 = B_SPLINE_CURVE_WITH_KNOTS('',1,(#416,#417),.UNSPECIFIED.,.F.,.F.,
  (2,2),(8.,22.),.PIECEWISE_BEZIER_KNOTS.);
#416 = CARTESIAN_POINT('',(3.4,0.));
#417 = CARTESIAN_POINT('',(3.4,-14.));
#418 = ( GEOMETRIC_REPRESENTATION_CONTEXT(2) 
PARAMETRIC_REPRESENTATION_CONTEXT() REPRESENTATION_CONTEXT('2D SPACE',''
  ) );
#419 = ORIENTED_EDGE('',*,*,#420,.T.);
#420 = EDGE_CURVE('',#395,#421,#423,.T.);
#421 = VERTEX_POINT('',#422);
#422 = CARTESIAN_POINT('',(-20.36,8.89,2.4));
#423 = SURFACE_CURVE('',#424,(#429,#440),.PCURVE_S1.);
#424 = CIRCLE('',#425,2.5);
#425 = AXIS2_PLACEMENT_3D('',#426,#427,#428);
#426 = CARTESIAN_POINT('',(-22.86,8.89,2.4));
#427 = DIRECTION('',(0.,0.,-1.));
#428 = DIRECTION('',(1.,0.,0.));
#429 = PCURVE('',#44,#430);
#430 = DEFINITIONAL_REPRESENTATION('',(#431),#439);
#431 = ( BOUNDED_CURVE() B_SPLINE_CURVE(2,(#432,#433,#434,#435,#436,#437
,#438),.UNSPECIFIED.,.T.,.F.) B_SPLINE_CURVE_WITH_KNOTS((1,2,2,2,2,1),(
    -2.094395102393,0.,2.094395102393,4.188790204786,6.28318530718,
8.377580409573),.UNSPECIFIED.) CURVE() GEOMETRIC_REPRESENTATION_ITEM() 
RATIONAL_B_SPLINE_CURVE((1.,0.5,1.,0.5,1.,0.5,1.)) REPRESENTATION_ITEM(
  '') );
#432 = CARTESIAN_POINT('',(10.64,31.89));
#433 = CARTESIAN_POINT('',(10.64,27.559872981078));
#434 = CARTESIAN_POINT('',(6.89,29.724936490539));
#435 = CARTESIAN_POINT('',(3.14,31.89));
#436 = CARTESIAN_POINT('',(6.89,34.055063509461));
#437 = CARTESIAN_POINT('',(10.64,36.220127018922));
#438 = CARTESIAN_POINT('',(10.64,31.89));
#439 = ( GEOMETRIC_REPRESENTATION_CONTEXT(2) 
PARAMETRIC_REPRESENTATION_CONTEXT() REPRESENTATION_CONTEXT('2D SPACE',''
  ) );
#440 = PCURVE('',#441,#446);
#441 = CYLINDRICAL_SURFACE('',#442,2.5);
#442 = AXIS2_PLACEMENT_3D('',#443,#444,#445);
#443 = CARTESIAN_POINT('',(-22.86,8.89,0.));
#444 = DIRECTION('',(-0.,-0.,-1.));
#445 = DIRECTION('',(1.,0.,0.));
#446 = DEFINITIONAL_REPRESENTATION('',(#447),#451);
#447 = LINE('',#448,#449);
#448 = CARTESIAN_POINT('',(-6.28318530718,-2.4));
#449 = VECTOR('',#450,1.);
#450 = DIRECTION('',(1.,-0.));
#451 = ( GEOMETRIC_REPRESENTATION_CONTEXT(2) 
PARAMETRIC_REPRESENTATION_CONTEXT() REPRESENTATION_CONTEXT('2D SPACE',''
  ) );
#452 = ORIENTED_EDGE('',*,*,#453,.T.);
#453 = EDGE_CURVE('',#421,#454,#456,.T.);
#454 = VERTEX_POINT('',#455);
#455 = CARTESIAN_POINT('',(-21.9,6.581667268351,2.4));
#456 = SURFACE_CURVE('',#457,(#462,#473),.PCURVE_S1.);
#457 = CIRCLE('',#458,2.5);
#458 = AXIS2_PLACEMENT_3D('',#459,#460,#461);
#459 = CARTESIAN_POINT('',(-22.86,8.89,2.4));
#460 = DIRECTION('',(0.,0.,-1.));
#461 = DIRECTION('',(1.,0.,0.));
#462 = PCURVE('',#44,#463);
#463 = DEFINITIONAL_REPRESENTATION('',(#464),#472);
#464 = ( BOUNDED_CURVE() B_SPLINE_CURVE(2,(#465,#466,#467,#468,#469,#470
,#471),.UNSPECIFIED.,.T.,.F.) B_SPLINE_CURVE_WITH_KNOTS((1,2,2,2,2,1),(
    -2.094395102393,0.,2.094395102393,4.188790204786,6.28318530718,
8.377580409573),.UNSPECIFIED.) CURVE() GEOMETRIC_REPRESENTATION_ITEM() 
RATIONAL_B_SPLINE_CURVE((1.,0.5,1.,0.5,1.,0.5,1.)) REPRESENTATION_ITEM(
  '') );
#465 = CARTESIAN_POINT('',(10.64,31.89));
#466 = CARTESIAN_POINT('',(10.64,27.559872981078));
#467 = CARTESIAN_POINT('',(6.89,29.724936490539));
#468 = CARTESIAN_POINT('',(3.14,31.89));
#469 = CARTESIAN_POINT('',(6.89,34.055063509461));
#470 = CARTESIAN_POINT('',(10.64,36.220127018922));
#471 = CARTESIAN_POINT('',(10.64,31.89));
#472 = ( GEOMETRIC_REPRESENTATION_CONTEXT(2) 
PARAMETRIC_REPRESENTATION_CONTEXT() REPRESENTATION_CONTEXT('2D SPACE',''
  ) );
#473 = PCURVE('',#441,#474);
#474 = DEFINITIONAL_REPRESENTATION('',(#475),#479);
#475 = LINE('',#476,#477);
#476 = CARTESIAN_POINT('',(-6.28318530718,-2.4));
#477 = VECTOR('',#478,1.);
#478 = DIRECTION('',(1.,-0.));
#479 = ( GEOMETRIC_REPRESENTATION_CONTEXT(2) 
PARAMETRIC_REPRESENTATION_CONTEXT() REPRESENTATION_CONTEXT('2D SPACE',''
  ) );
#480 = ORIENTED_EDGE('',*,*,#481,.F.);
#481 = EDGE_CURVE('',#482,#454,#484,.T.);
#482 = VERTEX_POINT('',#483);
#483 = CARTESIAN_POINT('',(-21.9,3.26190128606,2.4));
#484 = SURFACE_CURVE('',#485,(#489,#495),.PCURVE_S1.);
#485 = LINE('',#486,#487);
#486 = CARTESIAN_POINT('',(-21.9,-15.,2.4));
#487 = VECTOR('',#488,1.);
#488 = DIRECTION('',(0.,1.,0.));
#489 = PCURVE('',#44,#490);
#490 = DEFINITIONAL_REPRESENTATION('',(#491),#494);
#491 = B_SPLINE_CURVE_WITH_KNOTS('',1,(#492,#493),.UNSPECIFIED.,.F.,.F.,
  (2,2),(8.,22.),.PIECEWISE_BEZIER_KNOTS.);
#492 = CARTESIAN_POINT('',(9.1,16.));
#493 = CARTESIAN_POINT('',(9.1,30.));
#494 = ( GEOMETRIC_REPRESENTATION_CONTEXT(2) 
PARAMETRIC_REPRESENTATION_CONTEXT() REPRESENTATION_CONTEXT('2D SPACE',''
  ) );
#495 = PCURVE('',#496,#501);
#496 = PLANE('',#497);
#497 = AXIS2_PLACEMENT_3D('',#498,#499,#500);
#498 = CARTESIAN_POINT('',(-21.9,-7.,-1.));
#499 = DIRECTION('',(1.,0.,0.));
#500 = DIRECTION('',(0.,0.,1.));
#501 = DEFINITIONAL_REPRESENTATION('',(#502),#505);
#502 = B_SPLINE_CURVE_WITH_KNOTS('',1,(#503,#504),.UNSPECIFIED.,.F.,.F.,
  (2,2),(8.,22.),.PIECEWISE_BEZIER_KNOTS.);
#503 = CARTESIAN_POINT('',(3.4,0.));
#504 = CARTESIAN_POINT('',(3.4,-14.));
#505 = ( GEOMETRIC_REPRESENTATION_CONTEXT(2) 
PARAMETRIC_REPRESENTATION_CONTEXT() REPRESENTATION_CONTEXT('2D SPACE',''
  ) );
#506 = ORIENTED_EDGE('',*,*,#507,.T.);
#507 = EDGE_CURVE('',#482,#249,#508,.T.);
#508 = SURFACE_CURVE('',#509,(#514,#525),.PCURVE_S1.);
#509 = CIRCLE('',#510,4.5);
#510 = AXIS2_PLACEMENT_3D('',#511,#512,#513);
#511 = CARTESIAN_POINT('',(-25.,3.061616997868E-15,2.4));
#512 = DIRECTION('',(0.,0.,-1.));
#513 = DIRECTION('',(-1.,1.224646799147E-16,0.));
#514 = PCURVE('',#44,#515);
#515 = DEFINITIONAL_REPRESENTATION('',(#516),#524);
#516 = ( BOUNDED_CURVE() B_SPLINE_CURVE(2,(#517,#518,#519,#520,#521,#522
,#523),.UNSPECIFIED.,.T.,.F.) B_SPLINE_CURVE_WITH_KNOTS((1,2,2,2,2,1),(
    -2.094395102393,0.,2.094395102393,4.188790204786,6.28318530718,
8.377580409573),.UNSPECIFIED.) CURVE() GEOMETRIC_REPRESENTATION_ITEM() 
RATIONAL_B_SPLINE_CURVE((1.,0.5,1.,0.5,1.,0.5,1.)) REPRESENTATION_ITEM(
  '') );
#517 = CARTESIAN_POINT('',(1.5,23.));
#518 = CARTESIAN_POINT('',(1.5,30.79422863406));
#519 = CARTESIAN_POINT('',(8.25,26.89711431703));
#520 = CARTESIAN_POINT('',(15.,23.));
#521 = CARTESIAN_POINT('',(8.25,19.10288568297));
#522 = CARTESIAN_POINT('',(1.5,15.20577136594));
#523 = CARTESIAN_POINT('',(1.5,23.));
#524 = ( GEOMETRIC_REPRESENTATION_CONTEXT(2) 
PARAMETRIC_REPRESENTATION_CONTEXT() REPRESENTATION_CONTEXT('2D SPACE',''
  ) );
#525 = PCURVE('',#526,#531);
#526 = CYLINDRICAL_SURFACE('',#527,4.5);
#527 = AXIS2_PLACEMENT_3D('',#528,#529,#530);
#528 = CARTESIAN_POINT('',(-25.,3.061616997868E-15,-1.));
#529 = DIRECTION('',(0.,0.,-1.));
#530 = DIRECTION('',(-1.,1.224646799147E-16,0.));
#531 = DEFINITIONAL_REPRESENTATION('',(#532),#536);
#532 = LINE('',#533,#534);
#533 = CARTESIAN_POINT('',(-6.28318530718,-3.4));
#534 = VECTOR('',#535,1.);
#535 = DIRECTION('',(1.,-0.));
#536 = ( GEOMETRIC_REPRESENTATION_CONTEXT(2) 
PARAMETRIC_REPRESENTATION_CONTEXT() REPRESENTATION_CONTEXT('2D SPACE',''
  ) );
#537 = ADVANCED_FACE('',(#538),#72,.T.);
#538 = FACE_BOUND('',#539,.T.);
#539 = EDGE_LOOP('',(#540,#541,#565,#584));
#540 = ORIENTED_EDGE('',*,*,#56,.F.);
#541 = ORIENTED_EDGE('',*,*,#542,.T.);
#542 = EDGE_CURVE('',#57,#543,#545,.T.);
#543 = VERTEX_POINT('',#544);
#544 = CARTESIAN_POINT('',(-28.8895336769,-22.52557264622,0.));
#545 = SURFACE_CURVE('',#546,(#551,#558),.PCURVE_S1.);
#546 = CIRCLE('',#547,4.);
#547 = AXIS2_PLACEMENT_3D('',#548,#549,#550);
#548 = CARTESIAN_POINT('',(-27.,-19.,0.));
#549 = DIRECTION('',(0.,0.,1.));
#550 = DIRECTION('',(0.,-1.,0.));
#551 = PCURVE('',#72,#552);
#552 = DEFINITIONAL_REPRESENTATION('',(#553),#557);
#553 = LINE('',#554,#555);
#554 = CARTESIAN_POINT('',(-4.712388980385,0.));
#555 = VECTOR('',#556,1.);
#556 = DIRECTION('',(1.,0.));
#557 = ( GEOMETRIC_REPRESENTATION_CONTEXT(2) 
PARAMETRIC_REPRESENTATION_CONTEXT() REPRESENTATION_CONTEXT('2D SPACE',''
  ) );
#558 = PCURVE('',#100,#559);
#559 = DEFINITIONAL_REPRESENTATION('',(#560),#564);
#560 = CIRCLE('',#561,4.);
#561 = AXIS2_PLACEMENT_2D('',#562,#563);
#562 = CARTESIAN_POINT('',(4.,4.));
#563 = DIRECTION('',(0.,-1.));
#564 = ( GEOMETRIC_REPRESENTATION_CONTEXT(2) 
PARAMETRIC_REPRESENTATION_CONTEXT() REPRESENTATION_CONTEXT('2D SPACE',''
  ) );
#565 = ORIENTED_EDGE('',*,*,#566,.T.);
#566 = EDGE_CURVE('',#543,#143,#567,.T.);
#567 = SURFACE_CURVE('',#568,(#572,#578),.PCURVE_S1.);
#568 = LINE('',#569,#570);
#569 = CARTESIAN_POINT('',(-28.8895336769,-22.52557264622,0.));
#570 = VECTOR('',#571,1.);
#571 = DIRECTION('',(0.,0.,1.));
#572 = PCURVE('',#72,#573);
#573 = DEFINITIONAL_REPRESENTATION('',(#574),#577);
#574 = B_SPLINE_CURVE_WITH_KNOTS('',1,(#575,#576),.UNSPECIFIED.,.F.,.F.,
  (2,2),(-6.E-07,2.4000006),.PIECEWISE_BEZIER_KNOTS.);
#575 = CARTESIAN_POINT('',(1.078803352315,-6.E-07));
#576 = CARTESIAN_POINT('',(1.078803352315,2.4000006));
#577 = ( GEOMETRIC_REPRESENTATION_CONTEXT(2) 
PARAMETRIC_REPRESENTATION_CONTEXT() REPRESENTATION_CONTEXT('2D SPACE',''
  ) );
#578 = PCURVE('',#181,#579);
#579 = DEFINITIONAL_REPRESENTATION('',(#580),#583);
#580 = B_SPLINE_CURVE_WITH_KNOTS('',1,(#581,#582),.UNSPECIFIED.,.F.,.F.,
  (2,2),(-6.E-07,2.4000006),.PIECEWISE_BEZIER_KNOTS.);
#581 = CARTESIAN_POINT('',(-6.E-07,39.355970336517));
#582 = CARTESIAN_POINT('',(2.4000006,39.355970336517));
#583 = ( GEOMETRIC_REPRESENTATION_CONTEXT(2) 
PARAMETRIC_REPRESENTATION_CONTEXT() REPRESENTATION_CONTEXT('2D SPACE',''
  ) );
#584 = ORIENTED_EDGE('',*,*,#142,.F.);
#585 = ADVANCED_FACE('',(#586),#126,.T.);
#586 = FACE_BOUND('',#587,.F.);
#587 = EDGE_LOOP('',(#588,#589,#617,#636));
#588 = ORIENTED_EDGE('',*,*,#112,.F.);
#589 = ORIENTED_EDGE('',*,*,#590,.T.);
#590 = EDGE_CURVE('',#85,#591,#593,.T.);
#591 = VERTEX_POINT('',#592);
#592 = CARTESIAN_POINT('',(-28.8895336769,22.525572646228,0.));
#593 = SURFACE_CURVE('',#594,(#599,#606),.PCURVE_S1.);
#594 = CIRCLE('',#595,4.);
#595 = AXIS2_PLACEMENT_3D('',#596,#597,#598);
#596 = CARTESIAN_POINT('',(-27.,19.,0.));
#597 = DIRECTION('',(-0.,-0.,-1.));
#598 = DIRECTION('',(0.,-1.,0.));
#599 = PCURVE('',#126,#600);
#600 = DEFINITIONAL_REPRESENTATION('',(#601),#605);
#601 = LINE('',#602,#603);
#602 = CARTESIAN_POINT('',(1.570796326795,-0.));
#603 = VECTOR('',#604,1.);
#604 = DIRECTION('',(-1.,0.));
#605 = ( GEOMETRIC_REPRESENTATION_CONTEXT(2) 
PARAMETRIC_REPRESENTATION_CONTEXT() REPRESENTATION_CONTEXT('2D SPACE',''
  ) );
#606 = PCURVE('',#100,#607);
#607 = DEFINITIONAL_REPRESENTATION('',(#608),#616);
#608 = ( BOUNDED_CURVE() B_SPLINE_CURVE(2,(#609,#610,#611,#612,#613,#614
,#615),.UNSPECIFIED.,.T.,.F.) B_SPLINE_CURVE_WITH_KNOTS((1,2,2,2,2,1),(
    -2.094395102393,0.,2.094395102393,4.188790204786,6.28318530718,
8.377580409573),.UNSPECIFIED.) CURVE() GEOMETRIC_REPRESENTATION_ITEM() 
RATIONAL_B_SPLINE_CURVE((1.,0.5,1.,0.5,1.,0.5,1.)) REPRESENTATION_ITEM(
  '') );
#609 = CARTESIAN_POINT('',(4.,38.));
#610 = CARTESIAN_POINT('',(-2.928203230276,38.));
#611 = CARTESIAN_POINT('',(0.535898384862,44.));
#612 = CARTESIAN_POINT('',(4.,50.));
#613 = CARTESIAN_POINT('',(7.464101615138,44.));
#614 = CARTESIAN_POINT('',(10.928203230276,38.));
#615 = CARTESIAN_POINT('',(4.,38.));
#616 = ( GEOMETRIC_REPRESENTATION_CONTEXT(2) 
PARAMETRIC_REPRESENTATION_CONTEXT() REPRESENTATION_CONTEXT('2D SPACE',''
  ) );
#617 = ORIENTED_EDGE('',*,*,#618,.T.);
#618 = EDGE_CURVE('',#591,#193,#619,.T.);
#619 = SURFACE_CURVE('',#620,(#624,#630),.PCURVE_S1.);
#620 = LINE('',#621,#622);
#621 = CARTESIAN_POINT('',(-28.8895336769,22.525572646228,0.));
#622 = VECTOR('',#623,1.);
#623 = DIRECTION('',(0.,0.,1.));
#624 = PCURVE('',#126,#625);
#625 = DEFINITIONAL_REPRESENTATION('',(#626),#629);
#626 = B_SPLINE_CURVE_WITH_KNOTS('',1,(#627,#628),.UNSPECIFIED.,.F.,.F.,
  (2,2),(-6.E-07,2.4000006),.PIECEWISE_BEZIER_KNOTS.);
#627 = CARTESIAN_POINT('',(-1.078803352315,-6.E-07));
#628 = CARTESIAN_POINT('',(-1.078803352315,2.4000006));
#629 = ( GEOMETRIC_REPRESENTATION_CONTEXT(2) 
PARAMETRIC_REPRESENTATION_CONTEXT() REPRESENTATION_CONTEXT('2D SPACE',''
  ) );
#630 = PCURVE('',#207,#631);
#631 = DEFINITIONAL_REPRESENTATION('',(#632),#635);
#632 = B_SPLINE_CURVE_WITH_KNOTS('',1,(#633,#634),.UNSPECIFIED.,.F.,.F.,
  (2,2),(-6.E-07,2.4000006),.PIECEWISE_BEZIER_KNOTS.);
#633 = CARTESIAN_POINT('',(-6.E-07,39.355970336516));
#634 = CARTESIAN_POINT('',(2.4000006,39.355970336516));
#635 = ( GEOMETRIC_REPRESENTATION_CONTEXT(2) 
PARAMETRIC_REPRESENTATION_CONTEXT() REPRESENTATION_CONTEXT('2D SPACE',''
  ) );
#636 = ORIENTED_EDGE('',*,*,#218,.F.);
#637 = ADVANCED_FACE('',(#638,#1245,#1276,#1307,#1497,#1528,#1748),#100,
  .F.);
#638 = FACE_BOUND('',#639,.F.);
#639 = EDGE_LOOP('',(#640,#641,#642,#665,#693,#721,#749,#782,#810,#838,
    #871,#899,#932,#960,#989,#1017,#1050,#1078,#1106,#1139,#1167,#1195,
    #1223,#1244));
#640 = ORIENTED_EDGE('',*,*,#84,.F.);
#641 = ORIENTED_EDGE('',*,*,#542,.T.);
#642 = ORIENTED_EDGE('',*,*,#643,.T.);
#643 = EDGE_CURVE('',#543,#644,#646,.T.);
#644 = VERTEX_POINT('',#645);
#645 = CARTESIAN_POINT('',(-38.95516202697,-32.59120099629,0.));
#646 = SURFACE_CURVE('',#647,(#651,#658),.PCURVE_S1.);
#647 = LINE('',#648,#649);
#648 = CARTESIAN_POINT('',(-1.06066017178,5.303300858899,0.));
#649 = VECTOR('',#650,1.);
#650 = DIRECTION('',(-0.707106781187,-0.707106781187,0.));
#651 = PCURVE('',#100,#652);
#652 = DEFINITIONAL_REPRESENTATION('',(#653),#657);
#653 = LINE('',#654,#655);
#654 = CARTESIAN_POINT('',(29.93933982822,28.303300858899));
#655 = VECTOR('',#656,1.);
#656 = DIRECTION('',(-0.707106781187,-0.707106781187));
#657 = ( GEOMETRIC_REPRESENTATION_CONTEXT(2) 
PARAMETRIC_REPRESENTATION_CONTEXT() REPRESENTATION_CONTEXT('2D SPACE',''
  ) );
#658 = PCURVE('',#181,#659);
#659 = DEFINITIONAL_REPRESENTATION('',(#660),#664);
#660 = LINE('',#661,#662);
#661 = CARTESIAN_POINT('',(0.,0.));
#662 = VECTOR('',#663,1.);
#663 = DIRECTION('',(0.,1.));
#664 = ( GEOMETRIC_REPRESENTATION_CONTEXT(2) 
PARAMETRIC_REPRESENTATION_CONTEXT() REPRESENTATION_CONTEXT('2D SPACE',''
  ) );
#665 = ORIENTED_EDGE('',*,*,#666,.T.);
#666 = EDGE_CURVE('',#644,#667,#669,.T.);
#667 = VERTEX_POINT('',#668);
#668 = CARTESIAN_POINT('',(-32.59120099629,-38.95516202697,0.));
#669 = SURFACE_CURVE('',#670,(#675,#682),.PCURVE_S1.);
#670 = CIRCLE('',#671,6.3);
#671 = AXIS2_PLACEMENT_3D('',#672,#673,#674);
#672 = CARTESIAN_POINT('',(-38.89087296526,-38.89087296526,0.));
#673 = DIRECTION('',(0.,0.,1.));
#674 = DIRECTION('',(1.,0.,0.));
#675 = PCURVE('',#100,#676);
#676 = DEFINITIONAL_REPRESENTATION('',(#677),#681);
#677 = CIRCLE('',#678,6.3);
#678 = AXIS2_PLACEMENT_2D('',#679,#680);
#679 = CARTESIAN_POINT('',(-7.89087296526,-15.89087296526));
#680 = DIRECTION('',(1.,0.));
#681 = ( GEOMETRIC_REPRESENTATION_CONTEXT(2) 
PARAMETRIC_REPRESENTATION_CONTEXT() REPRESENTATION_CONTEXT('2D SPACE',''
  ) );
#682 = PCURVE('',#683,#688);
#683 = CYLINDRICAL_SURFACE('',#684,6.3);
#684 = AXIS2_PLACEMENT_3D('',#685,#686,#687);
#685 = CARTESIAN_POINT('',(-38.89087296526,-38.89087296526,0.));
#686 = DIRECTION('',(-0.,-0.,-1.));
#687 = DIRECTION('',(1.,0.,0.));
#688 = DEFINITIONAL_REPRESENTATION('',(#689),#692);
#689 = B_SPLINE_CURVE_WITH_KNOTS('',1,(#690,#691),.UNSPECIFIED.,.F.,.F.,
  (2,2),(1.581001116882,6.272980517093),.PIECEWISE_BEZIER_KNOTS.);
#690 = CARTESIAN_POINT('',(-1.581001116882,0.));
#691 = CARTESIAN_POINT('',(-6.272980517093,0.));
#692 = ( GEOMETRIC_REPRESENTATION_CONTEXT(2) 
PARAMETRIC_REPRESENTATION_CONTEXT() REPRESENTATION_CONTEXT('2D SPACE',''
  ) );
#693 = ORIENTED_EDGE('',*,*,#694,.F.);
#694 = EDGE_CURVE('',#695,#667,#697,.T.);
#695 = VERTEX_POINT('',#696);
#696 = CARTESIAN_POINT('',(-16.63603896932,-23.,0.));
#697 = SURFACE_CURVE('',#698,(#702,#709),.PCURVE_S1.);
#698 = LINE('',#699,#700);
#699 = CARTESIAN_POINT('',(5.303300858899,-1.06066017178,0.));
#700 = VECTOR('',#701,1.);
#701 = DIRECTION('',(-0.707106781187,-0.707106781187,0.));
#702 = PCURVE('',#100,#703);
#703 = DEFINITIONAL_REPRESENTATION('',(#704),#708);
#704 = LINE('',#705,#706);
#705 = CARTESIAN_POINT('',(36.303300858899,21.93933982822));
#706 = VECTOR('',#707,1.);
#707 = DIRECTION('',(-0.707106781187,-0.707106781187));
#708 = ( GEOMETRIC_REPRESENTATION_CONTEXT(2) 
PARAMETRIC_REPRESENTATION_CONTEXT() REPRESENTATION_CONTEXT('2D SPACE',''
  ) );
#709 = PCURVE('',#710,#715);
#710 = PLANE('',#711);
#711 = AXIS2_PLACEMENT_3D('',#712,#713,#714);
#712 = CARTESIAN_POINT('',(1.06066017178,-5.303300858899,0.));
#713 = DIRECTION('',(-0.707106781187,0.707106781187,0.));
#714 = DIRECTION('',(0.,0.,1.));
#715 = DEFINITIONAL_REPRESENTATION('',(#716),#720);
#716 = LINE('',#717,#718);
#717 = CARTESIAN_POINT('',(0.,6.));
#718 = VECTOR('',#719,1.);
#719 = DIRECTION('',(0.,-1.));
#720 = ( GEOMETRIC_REPRESENTATION_CONTEXT(2) 
PARAMETRIC_REPRESENTATION_CONTEXT() REPRESENTATION_CONTEXT('2D SPACE',''
  ) );
#721 = ORIENTED_EDGE('',*,*,#722,.T.);
#722 = EDGE_CURVE('',#695,#723,#725,.T.);
#723 = VERTEX_POINT('',#724);
#724 = CARTESIAN_POINT('',(-4.031128874149,-23.,0.));
#725 = SURFACE_CURVE('',#726,(#730,#737),.PCURVE_S1.);
#726 = LINE('',#727,#728);
#727 = CARTESIAN_POINT('',(-31.,-23.,0.));
#728 = VECTOR('',#729,1.);
#729 = DIRECTION('',(1.,0.,0.));
#730 = PCURVE('',#100,#731);
#731 = DEFINITIONAL_REPRESENTATION('',(#732),#736);
#732 = LINE('',#733,#734);
#733 = CARTESIAN_POINT('',(0.,0.));
#734 = VECTOR('',#735,1.);
#735 = DIRECTION('',(1.,0.));
#736 = ( GEOMETRIC_REPRESENTATION_CONTEXT(2) 
PARAMETRIC_REPRESENTATION_CONTEXT() REPRESENTATION_CONTEXT('2D SPACE',''
  ) );
#737 = PCURVE('',#738,#743);
#738 = PLANE('',#739);
#739 = AXIS2_PLACEMENT_3D('',#740,#741,#742);
#740 = CARTESIAN_POINT('',(-31.,-23.,0.));
#741 = DIRECTION('',(0.,1.,0.));
#742 = DIRECTION('',(0.,0.,1.));
#743 = DEFINITIONAL_REPRESENTATION('',(#744),#748);
#744 = LINE('',#745,#746);
#745 = CARTESIAN_POINT('',(0.,0.));
#746 = VECTOR('',#747,1.);
#747 = DIRECTION('',(0.,1.));
#748 = ( GEOMETRIC_REPRESENTATION_CONTEXT(2) 
PARAMETRIC_REPRESENTATION_CONTEXT() REPRESENTATION_CONTEXT('2D SPACE',''
  ) );
#749 = ORIENTED_EDGE('',*,*,#750,.T.);
#750 = EDGE_CURVE('',#723,#751,#753,.T.);
#751 = VERTEX_POINT('',#752);
#752 = CARTESIAN_POINT('',(4.031128874149,-23.,0.));
#753 = SURFACE_CURVE('',#754,(#759,#770),.PCURVE_S1.);
#754 = CIRCLE('',#755,4.5);
#755 = AXIS2_PLACEMENT_3D('',#756,#757,#758);
#756 = CARTESIAN_POINT('',(-5.551115123126E-15,-25.,0.));
#757 = DIRECTION('',(0.,0.,-1.));
#758 = DIRECTION('',(-2.22044604925E-16,-1.,-0.));
#759 = PCURVE('',#100,#760);
#760 = DEFINITIONAL_REPRESENTATION('',(#761),#769);
#761 = ( BOUNDED_CURVE() B_SPLINE_CURVE(2,(#762,#763,#764,#765,#766,#767
,#768),.UNSPECIFIED.,.T.,.F.) B_SPLINE_CURVE_WITH_KNOTS((1,2,2,2,2,1),(
    -2.094395102393,0.,2.094395102393,4.188790204786,6.28318530718,
8.377580409573),.UNSPECIFIED.) CURVE() GEOMETRIC_REPRESENTATION_ITEM() 
RATIONAL_B_SPLINE_CURVE((1.,0.5,1.,0.5,1.,0.5,1.)) REPRESENTATION_ITEM(
  '') );
#762 = CARTESIAN_POINT('',(31.,-6.5));
#763 = CARTESIAN_POINT('',(23.20577136594,-6.5));
#764 = CARTESIAN_POINT('',(27.10288568297,0.25));
#765 = CARTESIAN_POINT('',(31.,7.));
#766 = CARTESIAN_POINT('',(34.89711431703,0.25));
#767 = CARTESIAN_POINT('',(38.79422863406,-6.5));
#768 = CARTESIAN_POINT('',(31.,-6.5));
#769 = ( GEOMETRIC_REPRESENTATION_CONTEXT(2) 
PARAMETRIC_REPRESENTATION_CONTEXT() REPRESENTATION_CONTEXT('2D SPACE',''
  ) );
#770 = PCURVE('',#771,#776);
#771 = CYLINDRICAL_SURFACE('',#772,4.5);
#772 = AXIS2_PLACEMENT_3D('',#773,#774,#775);
#773 = CARTESIAN_POINT('',(-5.551115123126E-15,-25.,-1.));
#774 = DIRECTION('',(0.,0.,-1.));
#775 = DIRECTION('',(-2.22044604925E-16,-1.,0.));
#776 = DEFINITIONAL_REPRESENTATION('',(#777),#781);
#777 = LINE('',#778,#779);
#778 = CARTESIAN_POINT('',(-6.28318530718,-1.));
#779 = VECTOR('',#780,1.);
#780 = DIRECTION('',(1.,-0.));
#781 = ( GEOMETRIC_REPRESENTATION_CONTEXT(2) 
PARAMETRIC_REPRESENTATION_CONTEXT() REPRESENTATION_CONTEXT('2D SPACE',''
  ) );
#782 = ORIENTED_EDGE('',*,*,#783,.T.);
#783 = EDGE_CURVE('',#751,#784,#786,.T.);
#784 = VERTEX_POINT('',#785);
#785 = CARTESIAN_POINT('',(16.636038969321,-23.,0.));
#786 = SURFACE_CURVE('',#787,(#791,#798),.PCURVE_S1.);
#787 = LINE('',#788,#789);
#788 = CARTESIAN_POINT('',(-31.,-23.,0.));
#789 = VECTOR('',#790,1.);
#790 = DIRECTION('',(1.,0.,0.));
#791 = PCURVE('',#100,#792);
#792 = DEFINITIONAL_REPRESENTATION('',(#793),#797);
#793 = LINE('',#794,#795);
#794 = CARTESIAN_POINT('',(0.,0.));
#795 = VECTOR('',#796,1.);
#796 = DIRECTION('',(1.,0.));
#797 = ( GEOMETRIC_REPRESENTATION_CONTEXT(2) 
PARAMETRIC_REPRESENTATION_CONTEXT() REPRESENTATION_CONTEXT('2D SPACE',''
  ) );
#798 = PCURVE('',#799,#804);
#799 = PLANE('',#800);
#800 = AXIS2_PLACEMENT_3D('',#801,#802,#803);
#801 = CARTESIAN_POINT('',(-31.,-23.,0.));
#802 = DIRECTION('',(0.,1.,0.));
#803 = DIRECTION('',(0.,0.,1.));
#804 = DEFINITIONAL_REPRESENTATION('',(#805),#809);
#805 = LINE('',#806,#807);
#806 = CARTESIAN_POINT('',(0.,0.));
#807 = VECTOR('',#808,1.);
#808 = DIRECTION('',(0.,1.));
#809 = ( GEOMETRIC_REPRESENTATION_CONTEXT(2) 
PARAMETRIC_REPRESENTATION_CONTEXT() REPRESENTATION_CONTEXT('2D SPACE',''
  ) );
#810 = ORIENTED_EDGE('',*,*,#811,.T.);
#811 = EDGE_CURVE('',#784,#812,#814,.T.);
#812 = VERTEX_POINT('',#813);
#813 = CARTESIAN_POINT('',(32.591200996297,-38.95516202697,0.));
#814 = SURFACE_CURVE('',#815,(#819,#826),.PCURVE_S1.);
#815 = LINE('',#816,#817);
#816 = CARTESIAN_POINT('',(-5.303300858899,-1.06066017178,0.));
#817 = VECTOR('',#818,1.);
#818 = DIRECTION('',(0.707106781187,-0.707106781187,0.));
#819 = PCURVE('',#100,#820);
#820 = DEFINITIONAL_REPRESENTATION('',(#821),#825);
#821 = LINE('',#822,#823);
#822 = CARTESIAN_POINT('',(25.696699141101,21.93933982822));
#823 = VECTOR('',#824,1.);
#824 = DIRECTION('',(0.707106781187,-0.707106781187));
#825 = ( GEOMETRIC_REPRESENTATION_CONTEXT(2) 
PARAMETRIC_REPRESENTATION_CONTEXT() REPRESENTATION_CONTEXT('2D SPACE',''
  ) );
#826 = PCURVE('',#827,#832);
#827 = PLANE('',#828);
#828 = AXIS2_PLACEMENT_3D('',#829,#830,#831);
#829 = CARTESIAN_POINT('',(-5.303300858899,-1.06066017178,0.));
#830 = DIRECTION('',(0.707106781187,0.707106781187,0.));
#831 = DIRECTION('',(0.,0.,1.));
#832 = DEFINITIONAL_REPRESENTATION('',(#833),#837);
#833 = LINE('',#834,#835);
#834 = CARTESIAN_POINT('',(0.,0.));
#835 = VECTOR('',#836,1.);
#836 = DIRECTION('',(0.,1.));
#837 = ( GEOMETRIC_REPRESENTATION_CONTEXT(2) 
PARAMETRIC_REPRESENTATION_CONTEXT() REPRESENTATION_CONTEXT('2D SPACE',''
  ) );
#838 = ORIENTED_EDGE('',*,*,#839,.F.);
#839 = EDGE_CURVE('',#840,#812,#842,.T.);
#840 = VERTEX_POINT('',#841);
#841 = CARTESIAN_POINT('',(38.955162026975,-32.59120099629,0.));
#842 = SURFACE_CURVE('',#843,(#848,#859),.PCURVE_S1.);
#843 = CIRCLE('',#844,6.3);
#844 = AXIS2_PLACEMENT_3D('',#845,#846,#847);
#845 = CARTESIAN_POINT('',(38.89087296526,-38.89087296526,0.));
#846 = DIRECTION('',(0.,0.,-1.));
#847 = DIRECTION('',(1.020461297068E-02,0.999947931581,0.));
#848 = PCURVE('',#100,#849);
#849 = DEFINITIONAL_REPRESENTATION('',(#850),#858);
#850 = ( BOUNDED_CURVE() B_SPLINE_CURVE(2,(#851,#852,#853,#854,#855,#856
,#857),.UNSPECIFIED.,.T.,.F.) B_SPLINE_CURVE_WITH_KNOTS((1,2,2,2,2,1),(
    -2.094395102393,0.,2.094395102393,4.188790204786,6.28318530718,
8.377580409573),.UNSPECIFIED.) CURVE() GEOMETRIC_REPRESENTATION_ITEM() 
RATIONAL_B_SPLINE_CURVE((1.,0.5,1.,0.5,1.,0.5,1.)) REPRESENTATION_ITEM(
  '') );
#851 = CARTESIAN_POINT('',(69.955162026975,-9.591200996297));
#852 = CARTESIAN_POINT('',(80.866513948238,-9.702552917558));
#853 = CARTESIAN_POINT('',(75.314404395034,-19.09638491037));
#854 = CARTESIAN_POINT('',(69.76229484183,-28.49021690318));
#855 = CARTESIAN_POINT('',(64.403052473771,-18.98503298911));
#856 = CARTESIAN_POINT('',(59.043810105713,-9.479849075035));
#857 = CARTESIAN_POINT('',(69.955162026975,-9.591200996297));
#858 = ( GEOMETRIC_REPRESENTATION_CONTEXT(2) 
PARAMETRIC_REPRESENTATION_CONTEXT() REPRESENTATION_CONTEXT('2D SPACE',''
  ) );
#859 = PCURVE('',#860,#865);
#860 = CYLINDRICAL_SURFACE('',#861,6.3);
#861 = AXIS2_PLACEMENT_3D('',#862,#863,#864);
#862 = CARTESIAN_POINT('',(38.89087296526,-38.89087296526,0.));
#863 = DIRECTION('',(-0.,-0.,-1.));
#864 = DIRECTION('',(1.,0.,0.));
#865 = DEFINITIONAL_REPRESENTATION('',(#866),#870);
#866 = LINE('',#867,#868);
#867 = CARTESIAN_POINT('',(-7.843776843887,0.));
#868 = VECTOR('',#869,1.);
#869 = DIRECTION('',(1.,-0.));
#870 = ( GEOMETRIC_REPRESENTATION_CONTEXT(2) 
PARAMETRIC_REPRESENTATION_CONTEXT() REPRESENTATION_CONTEXT('2D SPACE',''
  ) );
#871 = ORIENTED_EDGE('',*,*,#872,.F.);
#872 = EDGE_CURVE('',#873,#840,#875,.T.);
#873 = VERTEX_POINT('',#874);
#874 = CARTESIAN_POINT('',(28.889533676907,-22.52557264622,0.));
#875 = SURFACE_CURVE('',#876,(#880,#887),.PCURVE_S1.);
#876 = LINE('',#877,#878);
#877 = CARTESIAN_POINT('',(1.06066017178,5.303300858899,0.));
#878 = VECTOR('',#879,1.);
#879 = DIRECTION('',(0.707106781187,-0.707106781187,0.));
#880 = PCURVE('',#100,#881);
#881 = DEFINITIONAL_REPRESENTATION('',(#882),#886);
#882 = LINE('',#883,#884);
#883 = CARTESIAN_POINT('',(32.06066017178,28.303300858899));
#884 = VECTOR('',#885,1.);
#885 = DIRECTION('',(0.707106781187,-0.707106781187));
#886 = ( GEOMETRIC_REPRESENTATION_CONTEXT(2) 
PARAMETRIC_REPRESENTATION_CONTEXT() REPRESENTATION_CONTEXT('2D SPACE',''
  ) );
#887 = PCURVE('',#888,#893);
#888 = PLANE('',#889);
#889 = AXIS2_PLACEMENT_3D('',#890,#891,#892);
#890 = CARTESIAN_POINT('',(1.06066017178,5.303300858899,0.));
#891 = DIRECTION('',(0.707106781187,0.707106781187,0.));
#892 = DIRECTION('',(0.,0.,1.));
#893 = DEFINITIONAL_REPRESENTATION('',(#894),#898);
#894 = LINE('',#895,#896);
#895 = CARTESIAN_POINT('',(0.,0.));
#896 = VECTOR('',#897,1.);
#897 = DIRECTION('',(0.,1.));
#898 = ( GEOMETRIC_REPRESENTATION_CONTEXT(2) 
PARAMETRIC_REPRESENTATION_CONTEXT() REPRESENTATION_CONTEXT('2D SPACE',''
  ) );
#899 = ORIENTED_EDGE('',*,*,#900,.F.);
#900 = EDGE_CURVE('',#901,#873,#903,.T.);
#901 = VERTEX_POINT('',#902);
#902 = CARTESIAN_POINT('',(31.,-19.,0.));
#903 = SURFACE_CURVE('',#904,(#909,#920),.PCURVE_S1.);
#904 = CIRCLE('',#905,4.);
#905 = AXIS2_PLACEMENT_3D('',#906,#907,#908);
#906 = CARTESIAN_POINT('',(27.,-19.,0.));
#907 = DIRECTION('',(-0.,-0.,-1.));
#908 = DIRECTION('',(0.,-1.,0.));
#909 = PCURVE('',#100,#910);
#910 = DEFINITIONAL_REPRESENTATION('',(#911),#919);
#911 = ( BOUNDED_CURVE() B_SPLINE_CURVE(2,(#912,#913,#914,#915,#916,#917
,#918),.UNSPECIFIED.,.T.,.F.) B_SPLINE_CURVE_WITH_KNOTS((1,2,2,2,2,1),(
    -2.094395102393,0.,2.094395102393,4.188790204786,6.28318530718,
8.377580409573),.UNSPECIFIED.) CURVE() GEOMETRIC_REPRESENTATION_ITEM() 
RATIONAL_B_SPLINE_CURVE((1.,0.5,1.,0.5,1.,0.5,1.)) REPRESENTATION_ITEM(
  '') );
#912 = CARTESIAN_POINT('',(58.,0.));
#913 = CARTESIAN_POINT('',(51.071796769724,0.));
#914 = CARTESIAN_POINT('',(54.535898384862,6.));
#915 = CARTESIAN_POINT('',(58.,12.));
#916 = CARTESIAN_POINT('',(61.464101615138,6.));
#917 = CARTESIAN_POINT('',(64.928203230276,6.217248937901E-15));
#918 = CARTESIAN_POINT('',(58.,0.));
#919 = ( GEOMETRIC_REPRESENTATION_CONTEXT(2) 
PARAMETRIC_REPRESENTATION_CONTEXT() REPRESENTATION_CONTEXT('2D SPACE',''
  ) );
#920 = PCURVE('',#921,#926);
#921 = CYLINDRICAL_SURFACE('',#922,4.);
#922 = AXIS2_PLACEMENT_3D('',#923,#924,#925);
#923 = CARTESIAN_POINT('',(27.,-19.,0.));
#924 = DIRECTION('',(0.,0.,1.));
#925 = DIRECTION('',(1.,0.,-0.));
#926 = DEFINITIONAL_REPRESENTATION('',(#927),#931);
#927 = LINE('',#928,#929);
#928 = CARTESIAN_POINT('',(4.712388980385,-0.));
#929 = VECTOR('',#930,1.);
#930 = DIRECTION('',(-1.,0.));
#931 = ( GEOMETRIC_REPRESENTATION_CONTEXT(2) 
PARAMETRIC_REPRESENTATION_CONTEXT() REPRESENTATION_CONTEXT('2D SPACE',''
  ) );
#932 = ORIENTED_EDGE('',*,*,#933,.T.);
#933 = EDGE_CURVE('',#901,#934,#936,.T.);
#934 = VERTEX_POINT('',#935);
#935 = CARTESIAN_POINT('',(31.,19.,0.));
#936 = SURFACE_CURVE('',#937,(#941,#948),.PCURVE_S1.);
#937 = LINE('',#938,#939);
#938 = CARTESIAN_POINT('',(31.,-23.,0.));
#939 = VECTOR('',#940,1.);
#940 = DIRECTION('',(0.,1.,0.));
#941 = PCURVE('',#100,#942);
#942 = DEFINITIONAL_REPRESENTATION('',(#943),#947);
#943 = LINE('',#944,#945);
#944 = CARTESIAN_POINT('',(62.,0.));
#945 = VECTOR('',#946,1.);
#946 = DIRECTION('',(0.,1.));
#947 = ( GEOMETRIC_REPRESENTATION_CONTEXT(2) 
PARAMETRIC_REPRESENTATION_CONTEXT() REPRESENTATION_CONTEXT('2D SPACE',''
  ) );
#948 = PCURVE('',#949,#954);
#949 = PLANE('',#950);
#950 = AXIS2_PLACEMENT_3D('',#951,#952,#953);
#951 = CARTESIAN_POINT('',(31.,-23.,0.));
#952 = DIRECTION('',(1.,0.,0.));
#953 = DIRECTION('',(0.,0.,1.));
#954 = DEFINITIONAL_REPRESENTATION('',(#955),#959);
#955 = LINE('',#956,#957);
#956 = CARTESIAN_POINT('',(0.,0.));
#957 = VECTOR('',#958,1.);
#958 = DIRECTION('',(0.,-1.));
#959 = ( GEOMETRIC_REPRESENTATION_CONTEXT(2) 
PARAMETRIC_REPRESENTATION_CONTEXT() REPRESENTATION_CONTEXT('2D SPACE',''
  ) );
#960 = ORIENTED_EDGE('',*,*,#961,.T.);
#961 = EDGE_CURVE('',#934,#962,#964,.T.);
#962 = VERTEX_POINT('',#963);
#963 = CARTESIAN_POINT('',(28.889533676907,22.525572646228,0.));
#964 = SURFACE_CURVE('',#965,(#970,#977),.PCURVE_S1.);
#965 = CIRCLE('',#966,4.);
#966 = AXIS2_PLACEMENT_3D('',#967,#968,#969);
#967 = CARTESIAN_POINT('',(27.,19.,0.));
#968 = DIRECTION('',(0.,0.,1.));
#969 = DIRECTION('',(0.,-1.,0.));
#970 = PCURVE('',#100,#971);
#971 = DEFINITIONAL_REPRESENTATION('',(#972),#976);
#972 = CIRCLE('',#973,4.);
#973 = AXIS2_PLACEMENT_2D('',#974,#975);
#974 = CARTESIAN_POINT('',(58.,42.));
#975 = DIRECTION('',(0.,-1.));
#976 = ( GEOMETRIC_REPRESENTATION_CONTEXT(2) 
PARAMETRIC_REPRESENTATION_CONTEXT() REPRESENTATION_CONTEXT('2D SPACE',''
  ) );
#977 = PCURVE('',#978,#983);
#978 = CYLINDRICAL_SURFACE('',#979,4.);
#979 = AXIS2_PLACEMENT_3D('',#980,#981,#982);
#980 = CARTESIAN_POINT('',(27.,19.,0.));
#981 = DIRECTION('',(0.,0.,1.));
#982 = DIRECTION('',(1.,0.,-0.));
#983 = DEFINITIONAL_REPRESENTATION('',(#984),#988);
#984 = LINE('',#985,#986);
#985 = CARTESIAN_POINT('',(-1.570796326795,0.));
#986 = VECTOR('',#987,1.);
#987 = DIRECTION('',(1.,0.));
#988 = ( GEOMETRIC_REPRESENTATION_CONTEXT(2) 
PARAMETRIC_REPRESENTATION_CONTEXT() REPRESENTATION_CONTEXT('2D SPACE',''
  ) );
#989 = ORIENTED_EDGE('',*,*,#990,.T.);
#990 = EDGE_CURVE('',#962,#991,#993,.T.);
#991 = VERTEX_POINT('',#992);
#992 = CARTESIAN_POINT('',(38.955162026975,32.591200996297,0.));
#993 = SURFACE_CURVE('',#994,(#998,#1005),.PCURVE_S1.);
#994 = LINE('',#995,#996);
#995 = CARTESIAN_POINT('',(1.06066017178,-5.303300858899,0.));
#996 = VECTOR('',#997,1.);
#997 = DIRECTION('',(0.707106781187,0.707106781187,0.));
#998 = PCURVE('',#100,#999);
#999 = DEFINITIONAL_REPRESENTATION('',(#1000),#1004);
#1000 = LINE('',#1001,#1002);
#1001 = CARTESIAN_POINT('',(32.06066017178,17.696699141101));
#1002 = VECTOR('',#1003,1.);
#1003 = DIRECTION('',(0.707106781187,0.707106781187));
#1004 = ( GEOMETRIC_REPRESENTATION_CONTEXT(2) 
PARAMETRIC_REPRESENTATION_CONTEXT() REPRESENTATION_CONTEXT('2D SPACE',''
  ) );
#1005 = PCURVE('',#1006,#1011);
#1006 = PLANE('',#1007);
#1007 = AXIS2_PLACEMENT_3D('',#1008,#1009,#1010);
#1008 = CARTESIAN_POINT('',(1.06066017178,-5.303300858899,0.));
#1009 = DIRECTION('',(-0.707106781187,0.707106781187,0.));
#1010 = DIRECTION('',(0.,0.,1.));
#1011 = DEFINITIONAL_REPRESENTATION('',(#1012),#1016);
#1012 = LINE('',#1013,#1014);
#1013 = CARTESIAN_POINT('',(0.,0.));
#1014 = VECTOR('',#1015,1.);
#1015 = DIRECTION('',(0.,1.));
#1016 = ( GEOMETRIC_REPRESENTATION_CONTEXT(2) 
PARAMETRIC_REPRESENTATION_CONTEXT() REPRESENTATION_CONTEXT('2D SPACE',''
  ) );
#1017 = ORIENTED_EDGE('',*,*,#1018,.F.);
#1018 = EDGE_CURVE('',#1019,#991,#1021,.T.);
#1019 = VERTEX_POINT('',#1020);
#1020 = CARTESIAN_POINT('',(32.591200996297,38.955162026975,0.));
#1021 = SURFACE_CURVE('',#1022,(#1027,#1038),.PCURVE_S1.);
#1022 = CIRCLE('',#1023,6.3);
#1023 = AXIS2_PLACEMENT_3D('',#1024,#1025,#1026);
#1024 = CARTESIAN_POINT('',(38.89087296526,38.89087296526,0.));
#1025 = DIRECTION('',(0.,0.,-1.));
#1026 = DIRECTION('',(-0.999947931581,1.020461297068E-02,0.));
#1027 = PCURVE('',#100,#1028);
#1028 = DEFINITIONAL_REPRESENTATION('',(#1029),#1037);
#1029 = ( BOUNDED_CURVE() B_SPLINE_CURVE(2,(#1030,#1031,#1032,#1033,
#1034,#1035,#1036),.UNSPECIFIED.,.T.,.F.) B_SPLINE_CURVE_WITH_KNOTS((1,2
    ,2,2,2,1),(-2.094395102393,0.,2.094395102393,4.188790204786,
6.28318530718,8.377580409573),.UNSPECIFIED.) CURVE() 
GEOMETRIC_REPRESENTATION_ITEM() RATIONAL_B_SPLINE_CURVE((1.,0.5,1.,0.5,
1.,0.5,1.)) REPRESENTATION_ITEM('') );
#1030 = CARTESIAN_POINT('',(63.591200996297,61.955162026975));
#1031 = CARTESIAN_POINT('',(63.702552917558,72.866513948238));
#1032 = CARTESIAN_POINT('',(73.096384910373,67.314404395034));
#1033 = CARTESIAN_POINT('',(82.490216903187,61.76229484183));
#1034 = CARTESIAN_POINT('',(72.985032989111,56.403052473771));
#1035 = CARTESIAN_POINT('',(63.479849075035,51.043810105713));
#1036 = CARTESIAN_POINT('',(63.591200996297,61.955162026975));
#1037 = ( GEOMETRIC_REPRESENTATION_CONTEXT(2) 
PARAMETRIC_REPRESENTATION_CONTEXT() REPRESENTATION_CONTEXT('2D SPACE',''
  ) );
#1038 = PCURVE('',#1039,#1044);
#1039 = CYLINDRICAL_SURFACE('',#1040,6.3);
#1040 = AXIS2_PLACEMENT_3D('',#1041,#1042,#1043);
#1041 = CARTESIAN_POINT('',(38.89087296526,38.89087296526,0.));
#1042 = DIRECTION('',(-0.,-0.,-1.));
#1043 = DIRECTION('',(1.,0.,0.));
#1044 = DEFINITIONAL_REPRESENTATION('',(#1045),#1049);
#1045 = LINE('',#1046,#1047);
#1046 = CARTESIAN_POINT('',(-9.414573170682,0.));
#1047 = VECTOR('',#1048,1.);
#1048 = DIRECTION('',(1.,-0.));
#1049 = ( GEOMETRIC_REPRESENTATION_CONTEXT(2) 
PARAMETRIC_REPRESENTATION_CONTEXT() REPRESENTATION_CONTEXT('2D SPACE',''
  ) );
#1050 = ORIENTED_EDGE('',*,*,#1051,.F.);
#1051 = EDGE_CURVE('',#1052,#1019,#1054,.T.);
#1052 = VERTEX_POINT('',#1053);
#1053 = CARTESIAN_POINT('',(16.636038969321,23.,0.));
#1054 = SURFACE_CURVE('',#1055,(#1059,#1066),.PCURVE_S1.);
#1055 = LINE('',#1056,#1057);
#1056 = CARTESIAN_POINT('',(-5.303300858899,1.06066017178,0.));
#1057 = VECTOR('',#1058,1.);
#1058 = DIRECTION('',(0.707106781187,0.707106781187,0.));
#1059 = PCURVE('',#100,#1060);
#1060 = DEFINITIONAL_REPRESENTATION('',(#1061),#1065);
#1061 = LINE('',#1062,#1063);
#1062 = CARTESIAN_POINT('',(25.696699141101,24.06066017178));
#1063 = VECTOR('',#1064,1.);
#1064 = DIRECTION('',(0.707106781187,0.707106781187));
#1065 = ( GEOMETRIC_REPRESENTATION_CONTEXT(2) 
PARAMETRIC_REPRESENTATION_CONTEXT() REPRESENTATION_CONTEXT('2D SPACE',''
  ) );
#1066 = PCURVE('',#1067,#1072);
#1067 = PLANE('',#1068);
#1068 = AXIS2_PLACEMENT_3D('',#1069,#1070,#1071);
#1069 = CARTESIAN_POINT('',(-5.303300858899,1.06066017178,0.));
#1070 = DIRECTION('',(-0.707106781187,0.707106781187,0.));
#1071 = DIRECTION('',(0.,0.,1.));
#1072 = DEFINITIONAL_REPRESENTATION('',(#1073),#1077);
#1073 = LINE('',#1074,#1075);
#1074 = CARTESIAN_POINT('',(0.,0.));
#1075 = VECTOR('',#1076,1.);
#1076 = DIRECTION('',(0.,1.));
#1077 = ( GEOMETRIC_REPRESENTATION_CONTEXT(2) 
PARAMETRIC_REPRESENTATION_CONTEXT() REPRESENTATION_CONTEXT('2D SPACE',''
  ) );
#1078 = ORIENTED_EDGE('',*,*,#1079,.F.);
#1079 = EDGE_CURVE('',#1080,#1052,#1082,.T.);
#1080 = VERTEX_POINT('',#1081);
#1081 = CARTESIAN_POINT('',(4.031128874149,23.,0.));
#1082 = SURFACE_CURVE('',#1083,(#1087,#1094),.PCURVE_S1.);
#1083 = LINE('',#1084,#1085);
#1084 = CARTESIAN_POINT('',(-31.,23.,0.));
#1085 = VECTOR('',#1086,1.);
#1086 = DIRECTION('',(1.,0.,0.));
#1087 = PCURVE('',#100,#1088);
#1088 = DEFINITIONAL_REPRESENTATION('',(#1089),#1093);
#1089 = LINE('',#1090,#1091);
#1090 = CARTESIAN_POINT('',(0.,46.));
#1091 = VECTOR('',#1092,1.);
#1092 = DIRECTION('',(1.,0.));
#1093 = ( GEOMETRIC_REPRESENTATION_CONTEXT(2) 
PARAMETRIC_REPRESENTATION_CONTEXT() REPRESENTATION_CONTEXT('2D SPACE',''
  ) );
#1094 = PCURVE('',#1095,#1100);
#1095 = PLANE('',#1096);
#1096 = AXIS2_PLACEMENT_3D('',#1097,#1098,#1099);
#1097 = CARTESIAN_POINT('',(-31.,23.,0.));
#1098 = DIRECTION('',(0.,1.,0.));
#1099 = DIRECTION('',(0.,0.,1.));
#1100 = DEFINITIONAL_REPRESENTATION('',(#1101),#1105);
#1101 = LINE('',#1102,#1103);
#1102 = CARTESIAN_POINT('',(0.,0.));
#1103 = VECTOR('',#1104,1.);
#1104 = DIRECTION('',(0.,1.));
#1105 = ( GEOMETRIC_REPRESENTATION_CONTEXT(2) 
PARAMETRIC_REPRESENTATION_CONTEXT() REPRESENTATION_CONTEXT('2D SPACE',''
  ) );
#1106 = ORIENTED_EDGE('',*,*,#1107,.T.);
#1107 = EDGE_CURVE('',#1080,#1108,#1110,.T.);
#1108 = VERTEX_POINT('',#1109);
#1109 = CARTESIAN_POINT('',(-4.031128874149,23.,0.));
#1110 = SURFACE_CURVE('',#1111,(#1116,#1127),.PCURVE_S1.);
#1111 = CIRCLE('',#1112,4.5);
#1112 = AXIS2_PLACEMENT_3D('',#1113,#1114,#1115);
#1113 = CARTESIAN_POINT('',(2.775557561563E-15,25.,0.));
#1114 = DIRECTION('',(0.,0.,-1.));
#1115 = DIRECTION('',(1.110223024625E-16,1.,0.));
#1116 = PCURVE('',#100,#1117);
#1117 = DEFINITIONAL_REPRESENTATION('',(#1118),#1126);
#1118 = ( BOUNDED_CURVE() B_SPLINE_CURVE(2,(#1119,#1120,#1121,#1122,
#1123,#1124,#1125),.UNSPECIFIED.,.T.,.F.) B_SPLINE_CURVE_WITH_KNOTS((1,2
    ,2,2,2,1),(-2.094395102393,0.,2.094395102393,4.188790204786,
6.28318530718,8.377580409573),.UNSPECIFIED.) CURVE() 
GEOMETRIC_REPRESENTATION_ITEM() RATIONAL_B_SPLINE_CURVE((1.,0.5,1.,0.5,
1.,0.5,1.)) REPRESENTATION_ITEM('') );
#1119 = CARTESIAN_POINT('',(31.,52.5));
#1120 = CARTESIAN_POINT('',(38.79422863406,52.5));
#1121 = CARTESIAN_POINT('',(34.89711431703,45.75));
#1122 = CARTESIAN_POINT('',(31.,39.));
#1123 = CARTESIAN_POINT('',(27.10288568297,45.75));
#1124 = CARTESIAN_POINT('',(23.20577136594,52.5));
#1125 = CARTESIAN_POINT('',(31.,52.5));
#1126 = ( GEOMETRIC_REPRESENTATION_CONTEXT(2) 
PARAMETRIC_REPRESENTATION_CONTEXT() REPRESENTATION_CONTEXT('2D SPACE',''
  ) );
#1127 = PCURVE('',#1128,#1133);
#1128 = CYLINDRICAL_SURFACE('',#1129,4.5);
#1129 = AXIS2_PLACEMENT_3D('',#1130,#1131,#1132);
#1130 = CARTESIAN_POINT('',(2.775557561563E-15,25.,-1.));
#1131 = DIRECTION('',(0.,-0.,-1.));
#1132 = DIRECTION('',(1.110223024625E-16,1.,0.));
#1133 = DEFINITIONAL_REPRESENTATION('',(#1134),#1138);
#1134 = LINE('',#1135,#1136);
#1135 = CARTESIAN_POINT('',(-6.28318530718,-1.));
#1136 = VECTOR('',#1137,1.);
#1137 = DIRECTION('',(1.,-0.));
#1138 = ( GEOMETRIC_REPRESENTATION_CONTEXT(2) 
PARAMETRIC_REPRESENTATION_CONTEXT() REPRESENTATION_CONTEXT('2D SPACE',''
  ) );
#1139 = ORIENTED_EDGE('',*,*,#1140,.F.);
#1140 = EDGE_CURVE('',#1141,#1108,#1143,.T.);
#1141 = VERTEX_POINT('',#1142);
#1142 = CARTESIAN_POINT('',(-16.63603896932,23.,0.));
#1143 = SURFACE_CURVE('',#1144,(#1148,#1155),.PCURVE_S1.);
#1144 = LINE('',#1145,#1146);
#1145 = CARTESIAN_POINT('',(-31.,23.,0.));
#1146 = VECTOR('',#1147,1.);
#1147 = DIRECTION('',(1.,0.,0.));
#1148 = PCURVE('',#100,#1149);
#1149 = DEFINITIONAL_REPRESENTATION('',(#1150),#1154);
#1150 = LINE('',#1151,#1152);
#1151 = CARTESIAN_POINT('',(0.,46.));
#1152 = VECTOR('',#1153,1.);
#1153 = DIRECTION('',(1.,0.));
#1154 = ( GEOMETRIC_REPRESENTATION_CONTEXT(2) 
PARAMETRIC_REPRESENTATION_CONTEXT() REPRESENTATION_CONTEXT('2D SPACE',''
  ) );
#1155 = PCURVE('',#1156,#1161);
#1156 = PLANE('',#1157);
#1157 = AXIS2_PLACEMENT_3D('',#1158,#1159,#1160);
#1158 = CARTESIAN_POINT('',(-31.,23.,0.));
#1159 = DIRECTION('',(0.,1.,0.));
#1160 = DIRECTION('',(0.,0.,1.));
#1161 = DEFINITIONAL_REPRESENTATION('',(#1162),#1166);
#1162 = LINE('',#1163,#1164);
#1163 = CARTESIAN_POINT('',(0.,0.));
#1164 = VECTOR('',#1165,1.);
#1165 = DIRECTION('',(0.,1.));
#1166 = ( GEOMETRIC_REPRESENTATION_CONTEXT(2) 
PARAMETRIC_REPRESENTATION_CONTEXT() REPRESENTATION_CONTEXT('2D SPACE',''
  ) );
#1167 = ORIENTED_EDGE('',*,*,#1168,.T.);
#1168 = EDGE_CURVE('',#1141,#1169,#1171,.T.);
#1169 = VERTEX_POINT('',#1170);
#1170 = CARTESIAN_POINT('',(-32.59120099629,38.955162026975,0.));
#1171 = SURFACE_CURVE('',#1172,(#1176,#1183),.PCURVE_S1.);
#1172 = LINE('',#1173,#1174);
#1173 = CARTESIAN_POINT('',(5.303300858899,1.06066017178,0.));
#1174 = VECTOR('',#1175,1.);
#1175 = DIRECTION('',(-0.707106781187,0.707106781187,0.));
#1176 = PCURVE('',#100,#1177);
#1177 = DEFINITIONAL_REPRESENTATION('',(#1178),#1182);
#1178 = LINE('',#1179,#1180);
#1179 = CARTESIAN_POINT('',(36.303300858899,24.06066017178));
#1180 = VECTOR('',#1181,1.);
#1181 = DIRECTION('',(-0.707106781187,0.707106781187));
#1182 = ( GEOMETRIC_REPRESENTATION_CONTEXT(2) 
PARAMETRIC_REPRESENTATION_CONTEXT() REPRESENTATION_CONTEXT('2D SPACE',''
  ) );
#1183 = PCURVE('',#1184,#1189);
#1184 = PLANE('',#1185);
#1185 = AXIS2_PLACEMENT_3D('',#1186,#1187,#1188);
#1186 = CARTESIAN_POINT('',(5.303300858899,1.06066017178,0.));
#1187 = DIRECTION('',(-0.707106781187,-0.707106781187,0.));
#1188 = DIRECTION('',(0.,0.,1.));
#1189 = DEFINITIONAL_REPRESENTATION('',(#1190),#1194);
#1190 = LINE('',#1191,#1192);
#1191 = CARTESIAN_POINT('',(0.,0.));
#1192 = VECTOR('',#1193,1.);
#1193 = DIRECTION('',(0.,1.));
#1194 = ( GEOMETRIC_REPRESENTATION_CONTEXT(2) 
PARAMETRIC_REPRESENTATION_CONTEXT() REPRESENTATION_CONTEXT('2D SPACE',''
  ) );
#1195 = ORIENTED_EDGE('',*,*,#1196,.T.);
#1196 = EDGE_CURVE('',#1169,#1197,#1199,.T.);
#1197 = VERTEX_POINT('',#1198);
#1198 = CARTESIAN_POINT('',(-38.95516202697,32.591200996297,0.));
#1199 = SURFACE_CURVE('',#1200,(#1205,#1212),.PCURVE_S1.);
#1200 = CIRCLE('',#1201,6.3);
#1201 = AXIS2_PLACEMENT_3D('',#1202,#1203,#1204);
#1202 = CARTESIAN_POINT('',(-38.89087296526,38.89087296526,0.));
#1203 = DIRECTION('',(0.,0.,1.));
#1204 = DIRECTION('',(1.,0.,0.));
#1205 = PCURVE('',#100,#1206);
#1206 = DEFINITIONAL_REPRESENTATION('',(#1207),#1211);
#1207 = CIRCLE('',#1208,6.3);
#1208 = AXIS2_PLACEMENT_2D('',#1209,#1210);
#1209 = CARTESIAN_POINT('',(-7.89087296526,61.89087296526));
#1210 = DIRECTION('',(1.,0.));
#1211 = ( GEOMETRIC_REPRESENTATION_CONTEXT(2) 
PARAMETRIC_REPRESENTATION_CONTEXT() REPRESENTATION_CONTEXT('2D SPACE',''
  ) );
#1212 = PCURVE('',#1213,#1218);
#1213 = CYLINDRICAL_SURFACE('',#1214,6.3);
#1214 = AXIS2_PLACEMENT_3D('',#1215,#1216,#1217);
#1215 = CARTESIAN_POINT('',(-38.89087296526,38.89087296526,0.));
#1216 = DIRECTION('',(-0.,-0.,-1.));
#1217 = DIRECTION('',(1.,0.,0.));
#1218 = DEFINITIONAL_REPRESENTATION('',(#1219),#1222);
#1219 = B_SPLINE_CURVE_WITH_KNOTS('',1,(#1220,#1221),.UNSPECIFIED.,.F.,
  .F.,(2,2),(1.020479008706E-02,4.702184190298),
  .PIECEWISE_BEZIER_KNOTS.);
#1220 = CARTESIAN_POINT('',(-6.293390097267,0.));
#1221 = CARTESIAN_POINT('',(-10.98536949747,0.));
#1222 = ( GEOMETRIC_REPRESENTATION_CONTEXT(2) 
PARAMETRIC_REPRESENTATION_CONTEXT() REPRESENTATION_CONTEXT('2D SPACE',''
  ) );
#1223 = ORIENTED_EDGE('',*,*,#1224,.F.);
#1224 = EDGE_CURVE('',#591,#1197,#1225,.T.);
#1225 = SURFACE_CURVE('',#1226,(#1230,#1237),.PCURVE_S1.);
#1226 = LINE('',#1227,#1228);
#1227 = CARTESIAN_POINT('',(-1.06066017178,-5.303300858899,0.));
#1228 = VECTOR('',#1229,1.);
#1229 = DIRECTION('',(-0.707106781187,0.707106781187,0.));
#1230 = PCURVE('',#100,#1231);
#1231 = DEFINITIONAL_REPRESENTATION('',(#1232),#1236);
#1232 = LINE('',#1233,#1234);
#1233 = CARTESIAN_POINT('',(29.93933982822,17.696699141101));
#1234 = VECTOR('',#1235,1.);
#1235 = DIRECTION('',(-0.707106781187,0.707106781187));
#1236 = ( GEOMETRIC_REPRESENTATION_CONTEXT(2) 
PARAMETRIC_REPRESENTATION_CONTEXT() REPRESENTATION_CONTEXT('2D SPACE',''
  ) );
#1237 = PCURVE('',#207,#1238);
#1238 = DEFINITIONAL_REPRESENTATION('',(#1239),#1243);
#1239 = LINE('',#1240,#1241);
#1240 = CARTESIAN_POINT('',(0.,0.));
#1241 = VECTOR('',#1242,1.);
#1242 = DIRECTION('',(0.,1.));
#1243 = ( GEOMETRIC_REPRESENTATION_CONTEXT(2) 
PARAMETRIC_REPRESENTATION_CONTEXT() REPRESENTATION_CONTEXT('2D SPACE',''
  ) );
#1244 = ORIENTED_EDGE('',*,*,#590,.F.);
#1245 = FACE_BOUND('',#1246,.F.);
#1246 = EDGE_LOOP('',(#1247));
#1247 = ORIENTED_EDGE('',*,*,#1248,.F.);
#1248 = EDGE_CURVE('',#1249,#1249,#1251,.T.);
#1249 = VERTEX_POINT('',#1250);
#1250 = CARTESIAN_POINT('',(-21.56,-8.89,0.));
#1251 = SURFACE_CURVE('',#1252,(#1257,#1264),.PCURVE_S1.);
#1252 = CIRCLE('',#1253,1.3);
#1253 = AXIS2_PLACEMENT_3D('',#1254,#1255,#1256);
#1254 = CARTESIAN_POINT('',(-22.86,-8.89,0.));
#1255 = DIRECTION('',(0.,0.,1.));
#1256 = DIRECTION('',(1.,0.,0.));
#1257 = PCURVE('',#100,#1258);
#1258 = DEFINITIONAL_REPRESENTATION('',(#1259),#1263);
#1259 = CIRCLE('',#1260,1.3);
#1260 = AXIS2_PLACEMENT_2D('',#1261,#1262);
#1261 = CARTESIAN_POINT('',(8.14,14.11));
#1262 = DIRECTION('',(1.,0.));
#1263 = ( GEOMETRIC_REPRESENTATION_CONTEXT(2) 
PARAMETRIC_REPRESENTATION_CONTEXT() REPRESENTATION_CONTEXT('2D SPACE',''
  ) );
#1264 = PCURVE('',#1265,#1270);
#1265 = CYLINDRICAL_SURFACE('',#1266,1.3);
#1266 = AXIS2_PLACEMENT_3D('',#1267,#1268,#1269);
#1267 = CARTESIAN_POINT('',(-22.86,-8.89,0.));
#1268 = DIRECTION('',(-0.,-0.,-1.));
#1269 = DIRECTION('',(1.,0.,0.));
#1270 = DEFINITIONAL_REPRESENTATION('',(#1271),#1275);
#1271 = LINE('',#1272,#1273);
#1272 = CARTESIAN_POINT('',(-0.,0.));
#1273 = VECTOR('',#1274,1.);
#1274 = DIRECTION('',(-1.,0.));
#1275 = ( GEOMETRIC_REPRESENTATION_CONTEXT(2) 
PARAMETRIC_REPRESENTATION_CONTEXT() REPRESENTATION_CONTEXT('2D SPACE',''
  ) );
#1276 = FACE_BOUND('',#1277,.F.);
#1277 = EDGE_LOOP('',(#1278));
#1278 = ORIENTED_EDGE('',*,*,#1279,.F.);
#1279 = EDGE_CURVE('',#1280,#1280,#1282,.T.);
#1280 = VERTEX_POINT('',#1281);
#1281 = CARTESIAN_POINT('',(24.16,-8.89,0.));
#1282 = SURFACE_CURVE('',#1283,(#1288,#1295),.PCURVE_S1.);
#1283 = CIRCLE('',#1284,1.3);
#1284 = AXIS2_PLACEMENT_3D('',#1285,#1286,#1287);
#1285 = CARTESIAN_POINT('',(22.86,-8.89,0.));
#1286 = DIRECTION('',(0.,0.,1.));
#1287 = DIRECTION('',(1.,0.,0.));
#1288 = PCURVE('',#100,#1289);
#1289 = DEFINITIONAL_REPRESENTATION('',(#1290),#1294);
#1290 = CIRCLE('',#1291,1.3);
#1291 = AXIS2_PLACEMENT_2D('',#1292,#1293);
#1292 = CARTESIAN_POINT('',(53.86,14.11));
#1293 = DIRECTION('',(1.,0.));
#1294 = ( GEOMETRIC_REPRESENTATION_CONTEXT(2) 
PARAMETRIC_REPRESENTATION_CONTEXT() REPRESENTATION_CONTEXT('2D SPACE',''
  ) );
#1295 = PCURVE('',#1296,#1301);
#1296 = CYLINDRICAL_SURFACE('',#1297,1.3);
#1297 = AXIS2_PLACEMENT_3D('',#1298,#1299,#1300);
#1298 = CARTESIAN_POINT('',(22.86,-8.89,0.));
#1299 = DIRECTION('',(-0.,-0.,-1.));
#1300 = DIRECTION('',(1.,0.,0.));
#1301 = DEFINITIONAL_REPRESENTATION('',(#1302),#1306);
#1302 = LINE('',#1303,#1304);
#1303 = CARTESIAN_POINT('',(-0.,0.));
#1304 = VECTOR('',#1305,1.);
#1305 = DIRECTION('',(-1.,0.));
#1306 = ( GEOMETRIC_REPRESENTATION_CONTEXT(2) 
PARAMETRIC_REPRESENTATION_CONTEXT() REPRESENTATION_CONTEXT('2D SPACE',''
  ) );
#1307 = FACE_BOUND('',#1308,.F.);
#1308 = EDGE_LOOP('',(#1309,#1332,#1358,#1379,#1403,#1424,#1450,#1471));
#1309 = ORIENTED_EDGE('',*,*,#1310,.F.);
#1310 = EDGE_CURVE('',#1311,#1313,#1315,.T.);
#1311 = VERTEX_POINT('',#1312);
#1312 = CARTESIAN_POINT('',(-21.9,-7.,0.));
#1313 = VERTEX_POINT('',#1314);
#1314 = CARTESIAN_POINT('',(-21.9,-3.26190128606,0.));
#1315 = SURFACE_CURVE('',#1316,(#1320,#1326),.PCURVE_S1.);
#1316 = LINE('',#1317,#1318);
#1317 = CARTESIAN_POINT('',(-21.9,-15.,0.));
#1318 = VECTOR('',#1319,1.);
#1319 = DIRECTION('',(0.,1.,0.));
#1320 = PCURVE('',#100,#1321);
#1321 = DEFINITIONAL_REPRESENTATION('',(#1322),#1325);
#1322 = B_SPLINE_CURVE_WITH_KNOTS('',1,(#1323,#1324),.UNSPECIFIED.,.F.,
  .F.,(2,2),(8.,22.),.PIECEWISE_BEZIER_KNOTS.);
#1323 = CARTESIAN_POINT('',(9.1,16.));
#1324 = CARTESIAN_POINT('',(9.1,30.));
#1325 = ( GEOMETRIC_REPRESENTATION_CONTEXT(2) 
PARAMETRIC_REPRESENTATION_CONTEXT() REPRESENTATION_CONTEXT('2D SPACE',''
  ) );
#1326 = PCURVE('',#263,#1327);
#1327 = DEFINITIONAL_REPRESENTATION('',(#1328),#1331);
#1328 = B_SPLINE_CURVE_WITH_KNOTS('',1,(#1329,#1330),.UNSPECIFIED.,.F.,
  .F.,(2,2),(8.,22.),.PIECEWISE_BEZIER_KNOTS.);
#1329 = CARTESIAN_POINT('',(1.,0.));
#1330 = CARTESIAN_POINT('',(1.,-14.));
#1331 = ( GEOMETRIC_REPRESENTATION_CONTEXT(2) 
PARAMETRIC_REPRESENTATION_CONTEXT() REPRESENTATION_CONTEXT('2D SPACE',''
  ) );
#1332 = ORIENTED_EDGE('',*,*,#1333,.T.);
#1333 = EDGE_CURVE('',#1311,#1334,#1336,.T.);
#1334 = VERTEX_POINT('',#1335);
#1335 = CARTESIAN_POINT('',(-24.1,-7.,0.));
#1336 = SURFACE_CURVE('',#1337,(#1341,#1347),.PCURVE_S1.);
#1337 = LINE('',#1338,#1339);
#1338 = CARTESIAN_POINT('',(-27.55,-7.,0.));
#1339 = VECTOR('',#1340,1.);
#1340 = DIRECTION('',(-1.,0.,0.));
#1341 = PCURVE('',#100,#1342);
#1342 = DEFINITIONAL_REPRESENTATION('',(#1343),#1346);
#1343 = B_SPLINE_CURVE_WITH_KNOTS('',1,(#1344,#1345),.UNSPECIFIED.,.F.,
  .F.,(2,2),(-5.65,-3.45),.PIECEWISE_BEZIER_KNOTS.);
#1344 = CARTESIAN_POINT('',(9.1,16.));
#1345 = CARTESIAN_POINT('',(6.9,16.));
#1346 = ( GEOMETRIC_REPRESENTATION_CONTEXT(2) 
PARAMETRIC_REPRESENTATION_CONTEXT() REPRESENTATION_CONTEXT('2D SPACE',''
  ) );
#1347 = PCURVE('',#1348,#1353);
#1348 = PLANE('',#1349);
#1349 = AXIS2_PLACEMENT_3D('',#1350,#1351,#1352);
#1350 = CARTESIAN_POINT('',(-24.1,-7.,-1.));
#1351 = DIRECTION('',(0.,1.,0.));
#1352 = DIRECTION('',(0.,0.,1.));
#1353 = DEFINITIONAL_REPRESENTATION('',(#1354),#1357);
#1354 = B_SPLINE_CURVE_WITH_KNOTS('',1,(#1355,#1356),.UNSPECIFIED.,.F.,
  .F.,(2,2),(-5.65,-3.45),.PIECEWISE_BEZIER_KNOTS.);
#1355 = CARTESIAN_POINT('',(1.,2.2));
#1356 = CARTESIAN_POINT('',(1.,0.));
#1357 = ( GEOMETRIC_REPRESENTATION_CONTEXT(2) 
PARAMETRIC_REPRESENTATION_CONTEXT() REPRESENTATION_CONTEXT('2D SPACE',''
  ) );
#1358 = ORIENTED_EDGE('',*,*,#1359,.T.);
#1359 = EDGE_CURVE('',#1334,#1360,#1362,.T.);
#1360 = VERTEX_POINT('',#1361);
#1361 = CARTESIAN_POINT('',(-24.1,-4.40908153701,0.));
#1362 = SURFACE_CURVE('',#1363,(#1367,#1373),.PCURVE_S1.);
#1363 = LINE('',#1364,#1365);
#1364 = CARTESIAN_POINT('',(-24.1,-15.,0.));
#1365 = VECTOR('',#1366,1.);
#1366 = DIRECTION('',(0.,1.,0.));
#1367 = PCURVE('',#100,#1368);
#1368 = DEFINITIONAL_REPRESENTATION('',(#1369),#1372);
#1369 = B_SPLINE_CURVE_WITH_KNOTS('',1,(#1370,#1371),.UNSPECIFIED.,.F.,
  .F.,(2,2),(8.,22.),.PIECEWISE_BEZIER_KNOTS.);
#1370 = CARTESIAN_POINT('',(6.9,16.));
#1371 = CARTESIAN_POINT('',(6.9,30.));
#1372 = ( GEOMETRIC_REPRESENTATION_CONTEXT(2) 
PARAMETRIC_REPRESENTATION_CONTEXT() REPRESENTATION_CONTEXT('2D SPACE',''
  ) );
#1373 = PCURVE('',#350,#1374);
#1374 = DEFINITIONAL_REPRESENTATION('',(#1375),#1378);
#1375 = B_SPLINE_CURVE_WITH_KNOTS('',1,(#1376,#1377),.UNSPECIFIED.,.F.,
  .F.,(2,2),(8.,22.),.PIECEWISE_BEZIER_KNOTS.);
#1376 = CARTESIAN_POINT('',(1.,0.));
#1377 = CARTESIAN_POINT('',(1.,-14.));
#1378 = ( GEOMETRIC_REPRESENTATION_CONTEXT(2) 
PARAMETRIC_REPRESENTATION_CONTEXT() REPRESENTATION_CONTEXT('2D SPACE',''
  ) );
#1379 = ORIENTED_EDGE('',*,*,#1380,.F.);
#1380 = EDGE_CURVE('',#1381,#1360,#1383,.T.);
#1381 = VERTEX_POINT('',#1382);
#1382 = CARTESIAN_POINT('',(-24.1,4.40908153701,0.));
#1383 = SURFACE_CURVE('',#1384,(#1389,#1396),.PCURVE_S1.);
#1384 = CIRCLE('',#1385,4.5);
#1385 = AXIS2_PLACEMENT_3D('',#1386,#1387,#1388);
#1386 = CARTESIAN_POINT('',(-25.,3.061616997868E-15,0.));
#1387 = DIRECTION('',(0.,-0.,1.));
#1388 = DIRECTION('',(0.2,0.979795897113,0.));
#1389 = PCURVE('',#100,#1390);
#1390 = DEFINITIONAL_REPRESENTATION('',(#1391),#1395);
#1391 = CIRCLE('',#1392,4.5);
#1392 = AXIS2_PLACEMENT_2D('',#1393,#1394);
#1393 = CARTESIAN_POINT('',(6.,23.));
#1394 = DIRECTION('',(0.2,0.979795897113));
#1395 = ( GEOMETRIC_REPRESENTATION_CONTEXT(2) 
PARAMETRIC_REPRESENTATION_CONTEXT() REPRESENTATION_CONTEXT('2D SPACE',''
  ) );
#1396 = PCURVE('',#382,#1397);
#1397 = DEFINITIONAL_REPRESENTATION('',(#1398),#1402);
#1398 = LINE('',#1399,#1400);
#1399 = CARTESIAN_POINT('',(-4.511031059594,-1.));
#1400 = VECTOR('',#1401,1.);
#1401 = DIRECTION('',(-1.,-0.));
#1402 = ( GEOMETRIC_REPRESENTATION_CONTEXT(2) 
PARAMETRIC_REPRESENTATION_CONTEXT() REPRESENTATION_CONTEXT('2D SPACE',''
  ) );
#1403 = ORIENTED_EDGE('',*,*,#1404,.T.);
#1404 = EDGE_CURVE('',#1381,#1405,#1407,.T.);
#1405 = VERTEX_POINT('',#1406);
#1406 = CARTESIAN_POINT('',(-24.1,7.,0.));
#1407 = SURFACE_CURVE('',#1408,(#1412,#1418),.PCURVE_S1.);
#1408 = LINE('',#1409,#1410);
#1409 = CARTESIAN_POINT('',(-24.1,-15.,0.));
#1410 = VECTOR('',#1411,1.);
#1411 = DIRECTION('',(0.,1.,0.));
#1412 = PCURVE('',#100,#1413);
#1413 = DEFINITIONAL_REPRESENTATION('',(#1414),#1417);
#1414 = B_SPLINE_CURVE_WITH_KNOTS('',1,(#1415,#1416),.UNSPECIFIED.,.F.,
  .F.,(2,2),(8.,22.),.PIECEWISE_BEZIER_KNOTS.);
#1415 = CARTESIAN_POINT('',(6.9,16.));
#1416 = CARTESIAN_POINT('',(6.9,30.));
#1417 = ( GEOMETRIC_REPRESENTATION_CONTEXT(2) 
PARAMETRIC_REPRESENTATION_CONTEXT() REPRESENTATION_CONTEXT('2D SPACE',''
  ) );
#1418 = PCURVE('',#409,#1419);
#1419 = DEFINITIONAL_REPRESENTATION('',(#1420),#1423);
#1420 = B_SPLINE_CURVE_WITH_KNOTS('',1,(#1421,#1422),.UNSPECIFIED.,.F.,
  .F.,(2,2),(8.,22.),.PIECEWISE_BEZIER_KNOTS.);
#1421 = CARTESIAN_POINT('',(1.,0.));
#1422 = CARTESIAN_POINT('',(1.,-14.));
#1423 = ( GEOMETRIC_REPRESENTATION_CONTEXT(2) 
PARAMETRIC_REPRESENTATION_CONTEXT() REPRESENTATION_CONTEXT('2D SPACE',''
  ) );
#1424 = ORIENTED_EDGE('',*,*,#1425,.F.);
#1425 = EDGE_CURVE('',#1426,#1405,#1428,.T.);
#1426 = VERTEX_POINT('',#1427);
#1427 = CARTESIAN_POINT('',(-21.9,7.,0.));
#1428 = SURFACE_CURVE('',#1429,(#1433,#1439),.PCURVE_S1.);
#1429 = LINE('',#1430,#1431);
#1430 = CARTESIAN_POINT('',(-27.55,7.,0.));
#1431 = VECTOR('',#1432,1.);
#1432 = DIRECTION('',(-1.,0.,0.));
#1433 = PCURVE('',#100,#1434);
#1434 = DEFINITIONAL_REPRESENTATION('',(#1435),#1438);
#1435 = B_SPLINE_CURVE_WITH_KNOTS('',1,(#1436,#1437),.UNSPECIFIED.,.F.,
  .F.,(2,2),(-5.65,-3.45),.PIECEWISE_BEZIER_KNOTS.);
#1436 = CARTESIAN_POINT('',(9.1,30.));
#1437 = CARTESIAN_POINT('',(6.9,30.));
#1438 = ( GEOMETRIC_REPRESENTATION_CONTEXT(2) 
PARAMETRIC_REPRESENTATION_CONTEXT() REPRESENTATION_CONTEXT('2D SPACE',''
  ) );
#1439 = PCURVE('',#1440,#1445);
#1440 = PLANE('',#1441);
#1441 = AXIS2_PLACEMENT_3D('',#1442,#1443,#1444);
#1442 = CARTESIAN_POINT('',(-24.1,7.,-1.));
#1443 = DIRECTION('',(0.,1.,0.));
#1444 = DIRECTION('',(0.,0.,1.));
#1445 = DEFINITIONAL_REPRESENTATION('',(#1446),#1449);
#1446 = B_SPLINE_CURVE_WITH_KNOTS('',1,(#1447,#1448),.UNSPECIFIED.,.F.,
  .F.,(2,2),(-5.65,-3.45),.PIECEWISE_BEZIER_KNOTS.);
#1447 = CARTESIAN_POINT('',(1.,2.2));
#1448 = CARTESIAN_POINT('',(1.,0.));
#1449 = ( GEOMETRIC_REPRESENTATION_CONTEXT(2) 
PARAMETRIC_REPRESENTATION_CONTEXT() REPRESENTATION_CONTEXT('2D SPACE',''
  ) );
#1450 = ORIENTED_EDGE('',*,*,#1451,.F.);
#1451 = EDGE_CURVE('',#1452,#1426,#1454,.T.);
#1452 = VERTEX_POINT('',#1453);
#1453 = CARTESIAN_POINT('',(-21.9,3.26190128606,0.));
#1454 = SURFACE_CURVE('',#1455,(#1459,#1465),.PCURVE_S1.);
#1455 = LINE('',#1456,#1457);
#1456 = CARTESIAN_POINT('',(-21.9,-15.,0.));
#1457 = VECTOR('',#1458,1.);
#1458 = DIRECTION('',(0.,1.,0.));
#1459 = PCURVE('',#100,#1460);
#1460 = DEFINITIONAL_REPRESENTATION('',(#1461),#1464);
#1461 = B_SPLINE_CURVE_WITH_KNOTS('',1,(#1462,#1463),.UNSPECIFIED.,.F.,
  .F.,(2,2),(8.,22.),.PIECEWISE_BEZIER_KNOTS.);
#1462 = CARTESIAN_POINT('',(9.1,16.));
#1463 = CARTESIAN_POINT('',(9.1,30.));
#1464 = ( GEOMETRIC_REPRESENTATION_CONTEXT(2) 
PARAMETRIC_REPRESENTATION_CONTEXT() REPRESENTATION_CONTEXT('2D SPACE',''
  ) );
#1465 = PCURVE('',#496,#1466);
#1466 = DEFINITIONAL_REPRESENTATION('',(#1467),#1470);
#1467 = B_SPLINE_CURVE_WITH_KNOTS('',1,(#1468,#1469),.UNSPECIFIED.,.F.,
  .F.,(2,2),(8.,22.),.PIECEWISE_BEZIER_KNOTS.);
#1468 = CARTESIAN_POINT('',(1.,0.));
#1469 = CARTESIAN_POINT('',(1.,-14.));
#1470 = ( GEOMETRIC_REPRESENTATION_CONTEXT(2) 
PARAMETRIC_REPRESENTATION_CONTEXT() REPRESENTATION_CONTEXT('2D SPACE',''
  ) );
#1471 = ORIENTED_EDGE('',*,*,#1472,.T.);
#1472 = EDGE_CURVE('',#1452,#1313,#1473,.T.);
#1473 = SURFACE_CURVE('',#1474,(#1479,#1490),.PCURVE_S1.);
#1474 = CIRCLE('',#1475,4.5);
#1475 = AXIS2_PLACEMENT_3D('',#1476,#1477,#1478);
#1476 = CARTESIAN_POINT('',(-25.,3.061616997868E-15,0.));
#1477 = DIRECTION('',(0.,0.,-1.));
#1478 = DIRECTION('',(-1.,1.224646799147E-16,0.));
#1479 = PCURVE('',#100,#1480);
#1480 = DEFINITIONAL_REPRESENTATION('',(#1481),#1489);
#1481 = ( BOUNDED_CURVE() B_SPLINE_CURVE(2,(#1482,#1483,#1484,#1485,
#1486,#1487,#1488),.UNSPECIFIED.,.T.,.F.) B_SPLINE_CURVE_WITH_KNOTS((1,2
    ,2,2,2,1),(-2.094395102393,0.,2.094395102393,4.188790204786,
6.28318530718,8.377580409573),.UNSPECIFIED.) CURVE() 
GEOMETRIC_REPRESENTATION_ITEM() RATIONAL_B_SPLINE_CURVE((1.,0.5,1.,0.5,
1.,0.5,1.)) REPRESENTATION_ITEM('') );
#1482 = CARTESIAN_POINT('',(1.5,23.));
#1483 = CARTESIAN_POINT('',(1.5,30.79422863406));
#1484 = CARTESIAN_POINT('',(8.25,26.89711431703));
#1485 = CARTESIAN_POINT('',(15.,23.));
#1486 = CARTESIAN_POINT('',(8.25,19.10288568297));
#1487 = CARTESIAN_POINT('',(1.5,15.20577136594));
#1488 = CARTESIAN_POINT('',(1.5,23.));
#1489 = ( GEOMETRIC_REPRESENTATION_CONTEXT(2) 
PARAMETRIC_REPRESENTATION_CONTEXT() REPRESENTATION_CONTEXT('2D SPACE',''
  ) );
#1490 = PCURVE('',#526,#1491);
#1491 = DEFINITIONAL_REPRESENTATION('',(#1492),#1496);
#1492 = LINE('',#1493,#1494);
#1493 = CARTESIAN_POINT('',(-6.28318530718,-1.));
#1494 = VECTOR('',#1495,1.);
#1495 = DIRECTION('',(1.,-0.));
#1496 = ( GEOMETRIC_REPRESENTATION_CONTEXT(2) 
PARAMETRIC_REPRESENTATION_CONTEXT() REPRESENTATION_CONTEXT('2D SPACE',''
  ) );
#1497 = FACE_BOUND('',#1498,.F.);
#1498 = EDGE_LOOP('',(#1499));
#1499 = ORIENTED_EDGE('',*,*,#1500,.F.);
#1500 = EDGE_CURVE('',#1501,#1501,#1503,.T.);
#1501 = VERTEX_POINT('',#1502);
#1502 = CARTESIAN_POINT('',(-21.56,8.89,0.));
#1503 = SURFACE_CURVE('',#1504,(#1509,#1516),.PCURVE_S1.);
#1504 = CIRCLE('',#1505,1.3);
#1505 = AXIS2_PLACEMENT_3D('',#1506,#1507,#1508);
#1506 = CARTESIAN_POINT('',(-22.86,8.89,0.));
#1507 = DIRECTION('',(0.,0.,1.));
#1508 = DIRECTION('',(1.,0.,0.));
#1509 = PCURVE('',#100,#1510);
#1510 = DEFINITIONAL_REPRESENTATION('',(#1511),#1515);
#1511 = CIRCLE('',#1512,1.3);
#1512 = AXIS2_PLACEMENT_2D('',#1513,#1514);
#1513 = CARTESIAN_POINT('',(8.14,31.89));
#1514 = DIRECTION('',(1.,0.));
#1515 = ( GEOMETRIC_REPRESENTATION_CONTEXT(2) 
PARAMETRIC_REPRESENTATION_CONTEXT() REPRESENTATION_CONTEXT('2D SPACE',''
  ) );
#1516 = PCURVE('',#1517,#1522);
#1517 = CYLINDRICAL_SURFACE('',#1518,1.3);
#1518 = AXIS2_PLACEMENT_3D('',#1519,#1520,#1521);
#1519 = CARTESIAN_POINT('',(-22.86,8.89,0.));
#1520 = DIRECTION('',(-0.,-0.,-1.));
#1521 = DIRECTION('',(1.,0.,0.));
#1522 = DEFINITIONAL_REPRESENTATION('',(#1523),#1527);
#1523 = LINE('',#1524,#1525);
#1524 = CARTESIAN_POINT('',(-0.,0.));
#1525 = VECTOR('',#1526,1.);
#1526 = DIRECTION('',(-1.,0.));
#1527 = ( GEOMETRIC_REPRESENTATION_CONTEXT(2) 
PARAMETRIC_REPRESENTATION_CONTEXT() REPRESENTATION_CONTEXT('2D SPACE',''
  ) );
#1528 = FACE_BOUND('',#1529,.F.);
#1529 = EDGE_LOOP('',(#1530,#1558,#1584,#1610,#1643,#1669,#1695,#1721));
#1530 = ORIENTED_EDGE('',*,*,#1531,.F.);
#1531 = EDGE_CURVE('',#1532,#1534,#1536,.T.);
#1532 = VERTEX_POINT('',#1533);
#1533 = CARTESIAN_POINT('',(24.1,-7.,0.));
#1534 = VERTEX_POINT('',#1535);
#1535 = CARTESIAN_POINT('',(24.1,-4.40908153701,0.));
#1536 = SURFACE_CURVE('',#1537,(#1541,#1547),.PCURVE_S1.);
#1537 = LINE('',#1538,#1539);
#1538 = CARTESIAN_POINT('',(24.1,-15.,0.));
#1539 = VECTOR('',#1540,1.);
#1540 = DIRECTION('',(0.,1.,0.));
#1541 = PCURVE('',#100,#1542);
#1542 = DEFINITIONAL_REPRESENTATION('',(#1543),#1546);
#1543 = B_SPLINE_CURVE_WITH_KNOTS('',1,(#1544,#1545),.UNSPECIFIED.,.F.,
  .F.,(2,2),(8.,22.),.PIECEWISE_BEZIER_KNOTS.);
#1544 = CARTESIAN_POINT('',(55.1,16.));
#1545 = CARTESIAN_POINT('',(55.1,30.));
#1546 = ( GEOMETRIC_REPRESENTATION_CONTEXT(2) 
PARAMETRIC_REPRESENTATION_CONTEXT() REPRESENTATION_CONTEXT('2D SPACE',''
  ) );
#1547 = PCURVE('',#1548,#1553);
#1548 = PLANE('',#1549);
#1549 = AXIS2_PLACEMENT_3D('',#1550,#1551,#1552);
#1550 = CARTESIAN_POINT('',(24.1,-7.,-1.));
#1551 = DIRECTION('',(1.,0.,0.));
#1552 = DIRECTION('',(0.,0.,1.));
#1553 = DEFINITIONAL_REPRESENTATION('',(#1554),#1557);
#1554 = B_SPLINE_CURVE_WITH_KNOTS('',1,(#1555,#1556),.UNSPECIFIED.,.F.,
  .F.,(2,2),(8.,22.),.PIECEWISE_BEZIER_KNOTS.);
#1555 = CARTESIAN_POINT('',(1.,0.));
#1556 = CARTESIAN_POINT('',(1.,-14.));
#1557 = ( GEOMETRIC_REPRESENTATION_CONTEXT(2) 
PARAMETRIC_REPRESENTATION_CONTEXT() REPRESENTATION_CONTEXT('2D SPACE',''
  ) );
#1558 = ORIENTED_EDGE('',*,*,#1559,.T.);
#1559 = EDGE_CURVE('',#1532,#1560,#1562,.T.);
#1560 = VERTEX_POINT('',#1561);
#1561 = CARTESIAN_POINT('',(21.9,-7.,0.));
#1562 = SURFACE_CURVE('',#1563,(#1567,#1573),.PCURVE_S1.);
#1563 = LINE('',#1564,#1565);
#1564 = CARTESIAN_POINT('',(-4.55,-7.,0.));
#1565 = VECTOR('',#1566,1.);
#1566 = DIRECTION('',(-1.,0.,0.));
#1567 = PCURVE('',#100,#1568);
#1568 = DEFINITIONAL_REPRESENTATION('',(#1569),#1572);
#1569 = B_SPLINE_CURVE_WITH_KNOTS('',1,(#1570,#1571),.UNSPECIFIED.,.F.,
  .F.,(2,2),(-28.65,-26.45),.PIECEWISE_BEZIER_KNOTS.);
#1570 = CARTESIAN_POINT('',(55.1,16.));
#1571 = CARTESIAN_POINT('',(52.9,16.));
#1572 = ( GEOMETRIC_REPRESENTATION_CONTEXT(2) 
PARAMETRIC_REPRESENTATION_CONTEXT() REPRESENTATION_CONTEXT('2D SPACE',''
  ) );
#1573 = PCURVE('',#1574,#1579);
#1574 = PLANE('',#1575);
#1575 = AXIS2_PLACEMENT_3D('',#1576,#1577,#1578);
#1576 = CARTESIAN_POINT('',(21.9,-7.,-1.));
#1577 = DIRECTION('',(0.,1.,0.));
#1578 = DIRECTION('',(0.,0.,1.));
#1579 = DEFINITIONAL_REPRESENTATION('',(#1580),#1583);
#1580 = B_SPLINE_CURVE_WITH_KNOTS('',1,(#1581,#1582),.UNSPECIFIED.,.F.,
  .F.,(2,2),(-28.65,-26.45),.PIECEWISE_BEZIER_KNOTS.);
#1581 = CARTESIAN_POINT('',(1.,2.2));
#1582 = CARTESIAN_POINT('',(1.,0.));
#1583 = ( GEOMETRIC_REPRESENTATION_CONTEXT(2) 
PARAMETRIC_REPRESENTATION_CONTEXT() REPRESENTATION_CONTEXT('2D SPACE',''
  ) );
#1584 = ORIENTED_EDGE('',*,*,#1585,.T.);
#1585 = EDGE_CURVE('',#1560,#1586,#1588,.T.);
#1586 = VERTEX_POINT('',#1587);
#1587 = CARTESIAN_POINT('',(21.9,-3.26190128606,0.));
#1588 = SURFACE_CURVE('',#1589,(#1593,#1599),.PCURVE_S1.);
#1589 = LINE('',#1590,#1591);
#1590 = CARTESIAN_POINT('',(21.9,-15.,0.));
#1591 = VECTOR('',#1592,1.);
#1592 = DIRECTION('',(0.,1.,0.));
#1593 = PCURVE('',#100,#1594);
#1594 = DEFINITIONAL_REPRESENTATION('',(#1595),#1598);
#1595 = B_SPLINE_CURVE_WITH_KNOTS('',1,(#1596,#1597),.UNSPECIFIED.,.F.,
  .F.,(2,2),(8.,22.),.PIECEWISE_BEZIER_KNOTS.);
#1596 = CARTESIAN_POINT('',(52.9,16.));
#1597 = CARTESIAN_POINT('',(52.9,30.));
#1598 = ( GEOMETRIC_REPRESENTATION_CONTEXT(2) 
PARAMETRIC_REPRESENTATION_CONTEXT() REPRESENTATION_CONTEXT('2D SPACE',''
  ) );
#1599 = PCURVE('',#1600,#1605);
#1600 = PLANE('',#1601);
#1601 = AXIS2_PLACEMENT_3D('',#1602,#1603,#1604);
#1602 = CARTESIAN_POINT('',(21.9,-7.,-1.));
#1603 = DIRECTION('',(1.,0.,0.));
#1604 = DIRECTION('',(0.,0.,1.));
#1605 = DEFINITIONAL_REPRESENTATION('',(#1606),#1609);
#1606 = B_SPLINE_CURVE_WITH_KNOTS('',1,(#1607,#1608),.UNSPECIFIED.,.F.,
  .F.,(2,2),(8.,22.),.PIECEWISE_BEZIER_KNOTS.);
#1607 = CARTESIAN_POINT('',(1.,0.));
#1608 = CARTESIAN_POINT('',(1.,-14.));
#1609 = ( GEOMETRIC_REPRESENTATION_CONTEXT(2) 
PARAMETRIC_REPRESENTATION_CONTEXT() REPRESENTATION_CONTEXT('2D SPACE',''
  ) );
#1610 = ORIENTED_EDGE('',*,*,#1611,.T.);
#1611 = EDGE_CURVE('',#1586,#1612,#1614,.T.);
#1612 = VERTEX_POINT('',#1613);
#1613 = CARTESIAN_POINT('',(21.9,3.26190128606,0.));
#1614 = SURFACE_CURVE('',#1615,(#1620,#1631),.PCURVE_S1.);
#1615 = CIRCLE('',#1616,4.5);
#1616 = AXIS2_PLACEMENT_3D('',#1617,#1618,#1619);
#1617 = CARTESIAN_POINT('',(25.,0.,0.));
#1618 = DIRECTION('',(0.,0.,-1.));
#1619 = DIRECTION('',(1.,0.,0.));
#1620 = PCURVE('',#100,#1621);
#1621 = DEFINITIONAL_REPRESENTATION('',(#1622),#1630);
#1622 = ( BOUNDED_CURVE() B_SPLINE_CURVE(2,(#1623,#1624,#1625,#1626,
#1627,#1628,#1629),.UNSPECIFIED.,.T.,.F.) B_SPLINE_CURVE_WITH_KNOTS((1,2
    ,2,2,2,1),(-2.094395102393,0.,2.094395102393,4.188790204786,
6.28318530718,8.377580409573),.UNSPECIFIED.) CURVE() 
GEOMETRIC_REPRESENTATION_ITEM() RATIONAL_B_SPLINE_CURVE((1.,0.5,1.,0.5,
1.,0.5,1.)) REPRESENTATION_ITEM('') );
#1623 = CARTESIAN_POINT('',(60.5,23.));
#1624 = CARTESIAN_POINT('',(60.5,15.20577136594));
#1625 = CARTESIAN_POINT('',(53.75,19.10288568297));
#1626 = CARTESIAN_POINT('',(47.,23.));
#1627 = CARTESIAN_POINT('',(53.75,26.89711431703));
#1628 = CARTESIAN_POINT('',(60.5,30.79422863406));
#1629 = CARTESIAN_POINT('',(60.5,23.));
#1630 = ( GEOMETRIC_REPRESENTATION_CONTEXT(2) 
PARAMETRIC_REPRESENTATION_CONTEXT() REPRESENTATION_CONTEXT('2D SPACE',''
  ) );
#1631 = PCURVE('',#1632,#1637);
#1632 = CYLINDRICAL_SURFACE('',#1633,4.5);
#1633 = AXIS2_PLACEMENT_3D('',#1634,#1635,#1636);
#1634 = CARTESIAN_POINT('',(25.,0.,-1.));
#1635 = DIRECTION('',(-0.,-0.,-1.));
#1636 = DIRECTION('',(1.,0.,0.));
#1637 = DEFINITIONAL_REPRESENTATION('',(#1638),#1642);
#1638 = LINE('',#1639,#1640);
#1639 = CARTESIAN_POINT('',(-6.28318530718,-1.));
#1640 = VECTOR('',#1641,1.);
#1641 = DIRECTION('',(1.,-0.));
#1642 = ( GEOMETRIC_REPRESENTATION_CONTEXT(2) 
PARAMETRIC_REPRESENTATION_CONTEXT() REPRESENTATION_CONTEXT('2D SPACE',''
  ) );
#1643 = ORIENTED_EDGE('',*,*,#1644,.T.);
#1644 = EDGE_CURVE('',#1612,#1645,#1647,.T.);
#1645 = VERTEX_POINT('',#1646);
#1646 = CARTESIAN_POINT('',(21.9,7.,0.));
#1647 = SURFACE_CURVE('',#1648,(#1652,#1658),.PCURVE_S1.);
#1648 = LINE('',#1649,#1650);
#1649 = CARTESIAN_POINT('',(21.9,-15.,0.));
#1650 = VECTOR('',#1651,1.);
#1651 = DIRECTION('',(0.,1.,0.));
#1652 = PCURVE('',#100,#1653);
#1653 = DEFINITIONAL_REPRESENTATION('',(#1654),#1657);
#1654 = B_SPLINE_CURVE_WITH_KNOTS('',1,(#1655,#1656),.UNSPECIFIED.,.F.,
  .F.,(2,2),(8.,22.),.PIECEWISE_BEZIER_KNOTS.);
#1655 = CARTESIAN_POINT('',(52.9,16.));
#1656 = CARTESIAN_POINT('',(52.9,30.));
#1657 = ( GEOMETRIC_REPRESENTATION_CONTEXT(2) 
PARAMETRIC_REPRESENTATION_CONTEXT() REPRESENTATION_CONTEXT('2D SPACE',''
  ) );
#1658 = PCURVE('',#1659,#1664);
#1659 = PLANE('',#1660);
#1660 = AXIS2_PLACEMENT_3D('',#1661,#1662,#1663);
#1661 = CARTESIAN_POINT('',(21.9,-7.,-1.));
#1662 = DIRECTION('',(1.,0.,0.));
#1663 = DIRECTION('',(0.,0.,1.));
#1664 = DEFINITIONAL_REPRESENTATION('',(#1665),#1668);
#1665 = B_SPLINE_CURVE_WITH_KNOTS('',1,(#1666,#1667),.UNSPECIFIED.,.F.,
  .F.,(2,2),(8.,22.),.PIECEWISE_BEZIER_KNOTS.);
#1666 = CARTESIAN_POINT('',(1.,0.));
#1667 = CARTESIAN_POINT('',(1.,-14.));
#1668 = ( GEOMETRIC_REPRESENTATION_CONTEXT(2) 
PARAMETRIC_REPRESENTATION_CONTEXT() REPRESENTATION_CONTEXT('2D SPACE',''
  ) );
#1669 = ORIENTED_EDGE('',*,*,#1670,.F.);
#1670 = EDGE_CURVE('',#1671,#1645,#1673,.T.);
#1671 = VERTEX_POINT('',#1672);
#1672 = CARTESIAN_POINT('',(24.1,7.,0.));
#1673 = SURFACE_CURVE('',#1674,(#1678,#1684),.PCURVE_S1.);
#1674 = LINE('',#1675,#1676);
#1675 = CARTESIAN_POINT('',(-4.55,7.,0.));
#1676 = VECTOR('',#1677,1.);
#1677 = DIRECTION('',(-1.,0.,0.));
#1678 = PCURVE('',#100,#1679);
#1679 = DEFINITIONAL_REPRESENTATION('',(#1680),#1683);
#1680 = B_SPLINE_CURVE_WITH_KNOTS('',1,(#1681,#1682),.UNSPECIFIED.,.F.,
  .F.,(2,2),(-28.65,-26.45),.PIECEWISE_BEZIER_KNOTS.);
#1681 = CARTESIAN_POINT('',(55.1,30.));
#1682 = CARTESIAN_POINT('',(52.9,30.));
#1683 = ( GEOMETRIC_REPRESENTATION_CONTEXT(2) 
PARAMETRIC_REPRESENTATION_CONTEXT() REPRESENTATION_CONTEXT('2D SPACE',''
  ) );
#1684 = PCURVE('',#1685,#1690);
#1685 = PLANE('',#1686);
#1686 = AXIS2_PLACEMENT_3D('',#1687,#1688,#1689);
#1687 = CARTESIAN_POINT('',(21.9,7.,-1.));
#1688 = DIRECTION('',(0.,1.,0.));
#1689 = DIRECTION('',(0.,0.,1.));
#1690 = DEFINITIONAL_REPRESENTATION('',(#1691),#1694);
#1691 = B_SPLINE_CURVE_WITH_KNOTS('',1,(#1692,#1693),.UNSPECIFIED.,.F.,
  .F.,(2,2),(-28.65,-26.45),.PIECEWISE_BEZIER_KNOTS.);
#1692 = CARTESIAN_POINT('',(1.,2.2));
#1693 = CARTESIAN_POINT('',(1.,0.));
#1694 = ( GEOMETRIC_REPRESENTATION_CONTEXT(2) 
PARAMETRIC_REPRESENTATION_CONTEXT() REPRESENTATION_CONTEXT('2D SPACE',''
  ) );
#1695 = ORIENTED_EDGE('',*,*,#1696,.F.);
#1696 = EDGE_CURVE('',#1697,#1671,#1699,.T.);
#1697 = VERTEX_POINT('',#1698);
#1698 = CARTESIAN_POINT('',(24.1,4.40908153701,0.));
#1699 = SURFACE_CURVE('',#1700,(#1704,#1710),.PCURVE_S1.);
#1700 = LINE('',#1701,#1702);
#1701 = CARTESIAN_POINT('',(24.1,-15.,0.));
#1702 = VECTOR('',#1703,1.);
#1703 = DIRECTION('',(0.,1.,0.));
#1704 = PCURVE('',#100,#1705);
#1705 = DEFINITIONAL_REPRESENTATION('',(#1706),#1709);
#1706 = B_SPLINE_CURVE_WITH_KNOTS('',1,(#1707,#1708),.UNSPECIFIED.,.F.,
  .F.,(2,2),(8.,22.),.PIECEWISE_BEZIER_KNOTS.);
#1707 = CARTESIAN_POINT('',(55.1,16.));
#1708 = CARTESIAN_POINT('',(55.1,30.));
#1709 = ( GEOMETRIC_REPRESENTATION_CONTEXT(2) 
PARAMETRIC_REPRESENTATION_CONTEXT() REPRESENTATION_CONTEXT('2D SPACE',''
  ) );
#1710 = PCURVE('',#1711,#1716);
#1711 = PLANE('',#1712);
#1712 = AXIS2_PLACEMENT_3D('',#1713,#1714,#1715);
#1713 = CARTESIAN_POINT('',(24.1,-7.,-1.));
#1714 = DIRECTION('',(1.,0.,0.));
#1715 = DIRECTION('',(0.,0.,1.));
#1716 = DEFINITIONAL_REPRESENTATION('',(#1717),#1720);
#1717 = B_SPLINE_CURVE_WITH_KNOTS('',1,(#1718,#1719),.UNSPECIFIED.,.F.,
  .F.,(2,2),(8.,22.),.PIECEWISE_BEZIER_KNOTS.);
#1718 = CARTESIAN_POINT('',(1.,0.));
#1719 = CARTESIAN_POINT('',(1.,-14.));
#1720 = ( GEOMETRIC_REPRESENTATION_CONTEXT(2) 
PARAMETRIC_REPRESENTATION_CONTEXT() REPRESENTATION_CONTEXT('2D SPACE',''
  ) );
#1721 = ORIENTED_EDGE('',*,*,#1722,.F.);
#1722 = EDGE_CURVE('',#1534,#1697,#1723,.T.);
#1723 = SURFACE_CURVE('',#1724,(#1729,#1736),.PCURVE_S1.);
#1724 = CIRCLE('',#1725,4.5);
#1725 = AXIS2_PLACEMENT_3D('',#1726,#1727,#1728);
#1726 = CARTESIAN_POINT('',(25.,0.,0.));
#1727 = DIRECTION('',(0.,0.,1.));
#1728 = DIRECTION('',(-0.2,-0.979795897113,0.));
#1729 = PCURVE('',#100,#1730);
#1730 = DEFINITIONAL_REPRESENTATION('',(#1731),#1735);
#1731 = CIRCLE('',#1732,4.5);
#1732 = AXIS2_PLACEMENT_2D('',#1733,#1734);
#1733 = CARTESIAN_POINT('',(56.,23.));
#1734 = DIRECTION('',(-0.2,-0.979795897113));
#1735 = ( GEOMETRIC_REPRESENTATION_CONTEXT(2) 
PARAMETRIC_REPRESENTATION_CONTEXT() REPRESENTATION_CONTEXT('2D SPACE',''
  ) );
#1736 = PCURVE('',#1737,#1742);
#1737 = CYLINDRICAL_SURFACE('',#1738,4.5);
#1738 = AXIS2_PLACEMENT_3D('',#1739,#1740,#1741);
#1739 = CARTESIAN_POINT('',(25.,0.,-1.));
#1740 = DIRECTION('',(-0.,-0.,-1.));
#1741 = DIRECTION('',(1.,0.,0.));
#1742 = DEFINITIONAL_REPRESENTATION('',(#1743),#1747);
#1743 = LINE('',#1744,#1745);
#1744 = CARTESIAN_POINT('',(-4.511031059594,-1.));
#1745 = VECTOR('',#1746,1.);
#1746 = DIRECTION('',(-1.,-0.));
#1747 = ( GEOMETRIC_REPRESENTATION_CONTEXT(2) 
PARAMETRIC_REPRESENTATION_CONTEXT() REPRESENTATION_CONTEXT('2D SPACE',''
  ) );
#1748 = FACE_BOUND('',#1749,.F.);
#1749 = EDGE_LOOP('',(#1750));
#1750 = ORIENTED_EDGE('',*,*,#1751,.F.);
#1751 = EDGE_CURVE('',#1752,#1752,#1754,.T.);
#1752 = VERTEX_POINT('',#1753);
#1753 = CARTESIAN_POINT('',(24.16,8.89,0.));
#1754 = SURFACE_CURVE('',#1755,(#1760,#1767),.PCURVE_S1.);
#1755 = CIRCLE('',#1756,1.3);
#1756 = AXIS2_PLACEMENT_3D('',#1757,#1758,#1759);
#1757 = CARTESIAN_POINT('',(22.86,8.89,0.));
#1758 = DIRECTION('',(0.,0.,1.));
#1759 = DIRECTION('',(1.,0.,0.));
#1760 = PCURVE('',#100,#1761);
#1761 = DEFINITIONAL_REPRESENTATION('',(#1762),#1766);
#1762 = CIRCLE('',#1763,1.3);
#1763 = AXIS2_PLACEMENT_2D('',#1764,#1765);
#1764 = CARTESIAN_POINT('',(53.86,31.89));
#1765 = DIRECTION('',(1.,0.));
#1766 = ( GEOMETRIC_REPRESENTATION_CONTEXT(2) 
PARAMETRIC_REPRESENTATION_CONTEXT() REPRESENTATION_CONTEXT('2D SPACE',''
  ) );
#1767 = PCURVE('',#1768,#1773);
#1768 = CYLINDRICAL_SURFACE('',#1769,1.3);
#1769 = AXIS2_PLACEMENT_3D('',#1770,#1771,#1772);
#1770 = CARTESIAN_POINT('',(22.86,8.89,0.));
#1771 = DIRECTION('',(-0.,-0.,-1.));
#1772 = DIRECTION('',(1.,0.,0.));
#1773 = DEFINITIONAL_REPRESENTATION('',(#1774),#1778);
#1774 = LINE('',#1775,#1776);
#1775 = CARTESIAN_POINT('',(-0.,0.));
#1776 = VECTOR('',#1777,1.);
#1777 = DIRECTION('',(-1.,0.));
#1778 = ( GEOMETRIC_REPRESENTATION_CONTEXT(2) 
PARAMETRIC_REPRESENTATION_CONTEXT() REPRESENTATION_CONTEXT('2D SPACE',''
  ) );
#1779 = ADVANCED_FACE('',(#1780),#181,.F.);
#1780 = FACE_BOUND('',#1781,.F.);
#1781 = EDGE_LOOP('',(#1782,#1783,#1784,#1785,#1806,#1834));
#1782 = ORIENTED_EDGE('',*,*,#643,.F.);
#1783 = ORIENTED_EDGE('',*,*,#566,.T.);
#1784 = ORIENTED_EDGE('',*,*,#166,.T.);
#1785 = ORIENTED_EDGE('',*,*,#1786,.T.);
#1786 = EDGE_CURVE('',#167,#1787,#1789,.T.);
#1787 = VERTEX_POINT('',#1788);
#1788 = CARTESIAN_POINT('',(-6.363961030679,-2.6645352591E-15,4.));
#1789 = SURFACE_CURVE('',#1790,(#1794,#1800),.PCURVE_S1.);
#1790 = LINE('',#1791,#1792);
#1791 = CARTESIAN_POINT('',(-6.363961030679,-2.6645352591E-15,0.));
#1792 = VECTOR('',#1793,1.);
#1793 = DIRECTION('',(0.,0.,1.));
#1794 = PCURVE('',#181,#1795);
#1795 = DEFINITIONAL_REPRESENTATION('',(#1796),#1799);
#1796 = B_SPLINE_CURVE_WITH_KNOTS('',1,(#1797,#1798),.UNSPECIFIED.,.F.,
  .F.,(2,2),(0.,4.),.PIECEWISE_BEZIER_KNOTS.);
#1797 = CARTESIAN_POINT('',(0.,7.5));
#1798 = CARTESIAN_POINT('',(4.,7.5));
#1799 = ( GEOMETRIC_REPRESENTATION_CONTEXT(2) 
PARAMETRIC_REPRESENTATION_CONTEXT() REPRESENTATION_CONTEXT('2D SPACE',''
  ) );
#1800 = PCURVE('',#207,#1801);
#1801 = DEFINITIONAL_REPRESENTATION('',(#1802),#1805);
#1802 = B_SPLINE_CURVE_WITH_KNOTS('',1,(#1803,#1804),.UNSPECIFIED.,.F.,
  .F.,(2,2),(0.,4.),.PIECEWISE_BEZIER_KNOTS.);
#1803 = CARTESIAN_POINT('',(0.,7.5));
#1804 = CARTESIAN_POINT('',(4.,7.5));
#1805 = ( GEOMETRIC_REPRESENTATION_CONTEXT(2) 
PARAMETRIC_REPRESENTATION_CONTEXT() REPRESENTATION_CONTEXT('2D SPACE',''
  ) );
#1806 = ORIENTED_EDGE('',*,*,#1807,.T.);
#1807 = EDGE_CURVE('',#1787,#1808,#1810,.T.);
#1808 = VERTEX_POINT('',#1809);
#1809 = CARTESIAN_POINT('',(-38.95516202697,-32.59120099629,4.));
#1810 = SURFACE_CURVE('',#1811,(#1815,#1822),.PCURVE_S1.);
#1811 = LINE('',#1812,#1813);
#1812 = CARTESIAN_POINT('',(-1.06066017178,5.303300858899,4.));
#1813 = VECTOR('',#1814,1.);
#1814 = DIRECTION('',(-0.707106781187,-0.707106781187,0.));
#1815 = PCURVE('',#181,#1816);
#1816 = DEFINITIONAL_REPRESENTATION('',(#1817),#1821);
#1817 = LINE('',#1818,#1819);
#1818 = CARTESIAN_POINT('',(4.,0.));
#1819 = VECTOR('',#1820,1.);
#1820 = DIRECTION('',(0.,1.));
#1821 = ( GEOMETRIC_REPRESENTATION_CONTEXT(2) 
PARAMETRIC_REPRESENTATION_CONTEXT() REPRESENTATION_CONTEXT('2D SPACE',''
  ) );
#1822 = PCURVE('',#1823,#1828);
#1823 = PLANE('',#1824);
#1824 = AXIS2_PLACEMENT_3D('',#1825,#1826,#1827);
#1825 = CARTESIAN_POINT('',(5.303300858899,1.06066017178,4.));
#1826 = DIRECTION('',(0.,0.,1.));
#1827 = DIRECTION('',(-0.707106781187,0.707106781187,0.));
#1828 = DEFINITIONAL_REPRESENTATION('',(#1829),#1833);
#1829 = LINE('',#1830,#1831);
#1830 = CARTESIAN_POINT('',(7.5,1.5));
#1831 = VECTOR('',#1832,1.);
#1832 = DIRECTION('',(1.110223024625E-16,1.));
#1833 = ( GEOMETRIC_REPRESENTATION_CONTEXT(2) 
PARAMETRIC_REPRESENTATION_CONTEXT() REPRESENTATION_CONTEXT('2D SPACE',''
  ) );
#1834 = ORIENTED_EDGE('',*,*,#1835,.T.);
#1835 = EDGE_CURVE('',#1808,#644,#1836,.T.);
#1836 = SURFACE_CURVE('',#1837,(#1841,#1847),.PCURVE_S1.);
#1837 = LINE('',#1838,#1839);
#1838 = CARTESIAN_POINT('',(-38.95516202697,-32.59120099629,0.));
#1839 = VECTOR('',#1840,1.);
#1840 = DIRECTION('',(-0.,-0.,-1.));
#1841 = PCURVE('',#181,#1842);
#1842 = DEFINITIONAL_REPRESENTATION('',(#1843),#1846);
#1843 = B_SPLINE_CURVE_WITH_KNOTS('',1,(#1844,#1845),.UNSPECIFIED.,.F.,
  .F.,(2,2),(-4.4,6.E-07),.PIECEWISE_BEZIER_KNOTS.);
#1844 = CARTESIAN_POINT('',(4.4,53.59091846299));
#1845 = CARTESIAN_POINT('',(-6.E-07,53.59091846299));
#1846 = ( GEOMETRIC_REPRESENTATION_CONTEXT(2) 
PARAMETRIC_REPRESENTATION_CONTEXT() REPRESENTATION_CONTEXT('2D SPACE',''
  ) );
#1847 = PCURVE('',#683,#1848);
#1848 = DEFINITIONAL_REPRESENTATION('',(#1849),#1852);
#1849 = B_SPLINE_CURVE_WITH_KNOTS('',1,(#1850,#1851),.UNSPECIFIED.,.F.,
  .F.,(2,2),(-4.,-0.),.PIECEWISE_BEZIER_KNOTS.);
#1850 = CARTESIAN_POINT('',(-1.581001116882,-4.));
#1851 = CARTESIAN_POINT('',(-1.581001116882,0.));
#1852 = ( GEOMETRIC_REPRESENTATION_CONTEXT(2) 
PARAMETRIC_REPRESENTATION_CONTEXT() REPRESENTATION_CONTEXT('2D SPACE',''
  ) );
#1853 = ADVANCED_FACE('',(#1854),#207,.T.);
#1854 = FACE_BOUND('',#1855,.T.);
#1855 = EDGE_LOOP('',(#1856,#1857,#1858,#1859,#1860,#1883));
#1856 = ORIENTED_EDGE('',*,*,#1224,.F.);
#1857 = ORIENTED_EDGE('',*,*,#618,.T.);
#1858 = ORIENTED_EDGE('',*,*,#192,.T.);
#1859 = ORIENTED_EDGE('',*,*,#1786,.T.);
#1860 = ORIENTED_EDGE('',*,*,#1861,.T.);
#1861 = EDGE_CURVE('',#1787,#1862,#1864,.T.);
#1862 = VERTEX_POINT('',#1863);
#1863 = CARTESIAN_POINT('',(-38.95516202697,32.591200996297,4.));
#1864 = SURFACE_CURVE('',#1865,(#1869,#1876),.PCURVE_S1.);
#1865 = LINE('',#1866,#1867);
#1866 = CARTESIAN_POINT('',(-1.06066017178,-5.303300858899,4.));
#1867 = VECTOR('',#1868,1.);
#1868 = DIRECTION('',(-0.707106781187,0.707106781187,0.));
#1869 = PCURVE('',#207,#1870);
#1870 = DEFINITIONAL_REPRESENTATION('',(#1871),#1875);
#1871 = LINE('',#1872,#1873);
#1872 = CARTESIAN_POINT('',(4.,0.));
#1873 = VECTOR('',#1874,1.);
#1874 = DIRECTION('',(0.,1.));
#1875 = ( GEOMETRIC_REPRESENTATION_CONTEXT(2) 
PARAMETRIC_REPRESENTATION_CONTEXT() REPRESENTATION_CONTEXT('2D SPACE',''
  ) );
#1876 = PCURVE('',#1823,#1877);
#1877 = DEFINITIONAL_REPRESENTATION('',(#1878),#1882);
#1878 = LINE('',#1879,#1880);
#1879 = CARTESIAN_POINT('',(-8.881784197001E-16,9.));
#1880 = VECTOR('',#1881,1.);
#1881 = DIRECTION('',(1.,0.));
#1882 = ( GEOMETRIC_REPRESENTATION_CONTEXT(2) 
PARAMETRIC_REPRESENTATION_CONTEXT() REPRESENTATION_CONTEXT('2D SPACE',''
  ) );
#1883 = ORIENTED_EDGE('',*,*,#1884,.T.);
#1884 = EDGE_CURVE('',#1862,#1197,#1885,.T.);
#1885 = SURFACE_CURVE('',#1886,(#1890,#1896),.PCURVE_S1.);
#1886 = LINE('',#1887,#1888);
#1887 = CARTESIAN_POINT('',(-38.95516202697,32.591200996297,0.));
#1888 = VECTOR('',#1889,1.);
#1889 = DIRECTION('',(-0.,-0.,-1.));
#1890 = PCURVE('',#207,#1891);
#1891 = DEFINITIONAL_REPRESENTATION('',(#1892),#1895);
#1892 = B_SPLINE_CURVE_WITH_KNOTS('',1,(#1893,#1894),.UNSPECIFIED.,.F.,
  .F.,(2,2),(-4.4,6.E-07),.PIECEWISE_BEZIER_KNOTS.);
#1893 = CARTESIAN_POINT('',(4.4,53.59091846299));
#1894 = CARTESIAN_POINT('',(-6.E-07,53.59091846299));
#1895 = ( GEOMETRIC_REPRESENTATION_CONTEXT(2) 
PARAMETRIC_REPRESENTATION_CONTEXT() REPRESENTATION_CONTEXT('2D SPACE',''
  ) );
#1896 = PCURVE('',#1213,#1897);
#1897 = DEFINITIONAL_REPRESENTATION('',(#1898),#1901);
#1898 = B_SPLINE_CURVE_WITH_KNOTS('',1,(#1899,#1900),.UNSPECIFIED.,.F.,
  .F.,(2,2),(-4.,0.),.PIECEWISE_BEZIER_KNOTS.);
#1899 = CARTESIAN_POINT('',(-10.98536949747,-4.));
#1900 = CARTESIAN_POINT('',(-10.98536949747,0.));
#1901 = ( GEOMETRIC_REPRESENTATION_CONTEXT(2) 
PARAMETRIC_REPRESENTATION_CONTEXT() REPRESENTATION_CONTEXT('2D SPACE',''
  ) );
#1902 = ADVANCED_FACE('',(#1903),#263,.F.);
#1903 = FACE_BOUND('',#1904,.F.);
#1904 = EDGE_LOOP('',(#1905,#1928,#1929,#1948,#1949,#1970));
#1905 = ORIENTED_EDGE('',*,*,#1906,.F.);
#1906 = EDGE_CURVE('',#1311,#1907,#1909,.T.);
#1907 = VERTEX_POINT('',#1908);
#1908 = CARTESIAN_POINT('',(-21.9,-7.,3.4));
#1909 = SURFACE_CURVE('',#1910,(#1914,#1921),.PCURVE_S1.);
#1910 = LINE('',#1911,#1912);
#1911 = CARTESIAN_POINT('',(-21.9,-7.,-1.));
#1912 = VECTOR('',#1913,1.);
#1913 = DIRECTION('',(0.,0.,1.));
#1914 = PCURVE('',#263,#1915);
#1915 = DEFINITIONAL_REPRESENTATION('',(#1916),#1920);
#1916 = LINE('',#1917,#1918);
#1917 = CARTESIAN_POINT('',(0.,0.));
#1918 = VECTOR('',#1919,1.);
#1919 = DIRECTION('',(1.,0.));
#1920 = ( GEOMETRIC_REPRESENTATION_CONTEXT(2) 
PARAMETRIC_REPRESENTATION_CONTEXT() REPRESENTATION_CONTEXT('2D SPACE',''
  ) );
#1921 = PCURVE('',#1348,#1922);
#1922 = DEFINITIONAL_REPRESENTATION('',(#1923),#1927);
#1923 = LINE('',#1924,#1925);
#1924 = CARTESIAN_POINT('',(0.,2.2));
#1925 = VECTOR('',#1926,1.);
#1926 = DIRECTION('',(1.,0.));
#1927 = ( GEOMETRIC_REPRESENTATION_CONTEXT(2) 
PARAMETRIC_REPRESENTATION_CONTEXT() REPRESENTATION_CONTEXT('2D SPACE',''
  ) );
#1928 = ORIENTED_EDGE('',*,*,#1310,.T.);
#1929 = ORIENTED_EDGE('',*,*,#1930,.F.);
#1930 = EDGE_CURVE('',#249,#1313,#1931,.T.);
#1931 = SURFACE_CURVE('',#1932,(#1936,#1942),.PCURVE_S1.);
#1932 = LINE('',#1933,#1934);
#1933 = CARTESIAN_POINT('',(-21.9,-3.26190128606,-1.));
#1934 = VECTOR('',#1935,1.);
#1935 = DIRECTION('',(0.,0.,-1.));
#1936 = PCURVE('',#263,#1937);
#1937 = DEFINITIONAL_REPRESENTATION('',(#1938),#1941);
#1938 = B_SPLINE_CURVE_WITH_KNOTS('',1,(#1939,#1940),.UNSPECIFIED.,.F.,
  .F.,(2,2),(-4.4000006,-0.66),.PIECEWISE_BEZIER_KNOTS.);
#1939 = CARTESIAN_POINT('',(4.4000006,-3.73809871394));
#1940 = CARTESIAN_POINT('',(0.66,-3.73809871394));
#1941 = ( GEOMETRIC_REPRESENTATION_CONTEXT(2) 
PARAMETRIC_REPRESENTATION_CONTEXT() REPRESENTATION_CONTEXT('2D SPACE',''
  ) );
#1942 = PCURVE('',#526,#1943);
#1943 = DEFINITIONAL_REPRESENTATION('',(#1944),#1947);
#1944 = B_SPLINE_CURVE_WITH_KNOTS('',1,(#1945,#1946),.UNSPECIFIED.,.F.,
  .F.,(2,2),(-4.4000006,-0.66),.PIECEWISE_BEZIER_KNOTS.);
#1945 = CARTESIAN_POINT('',(-2.330751412461,-4.4000006));
#1946 = CARTESIAN_POINT('',(-2.330751412461,-0.66));
#1947 = ( GEOMETRIC_REPRESENTATION_CONTEXT(2) 
PARAMETRIC_REPRESENTATION_CONTEXT() REPRESENTATION_CONTEXT('2D SPACE',''
  ) );
#1948 = ORIENTED_EDGE('',*,*,#246,.F.);
#1949 = ORIENTED_EDGE('',*,*,#1950,.F.);
#1950 = EDGE_CURVE('',#1951,#247,#1953,.T.);
#1951 = VERTEX_POINT('',#1952);
#1952 = CARTESIAN_POINT('',(-21.9,-6.581667268352,3.4));
#1953 = SURFACE_CURVE('',#1954,(#1958,#1964),.PCURVE_S1.);
#1954 = LINE('',#1955,#1956);
#1955 = CARTESIAN_POINT('',(-21.9,-6.581667268351,0.));
#1956 = VECTOR('',#1957,1.);
#1957 = DIRECTION('',(-0.,-0.,-1.));
#1958 = PCURVE('',#263,#1959);
#1959 = DEFINITIONAL_REPRESENTATION('',(#1960),#1963);
#1960 = B_SPLINE_CURVE_WITH_KNOTS('',1,(#1961,#1962),.UNSPECIFIED.,.F.,
  .F.,(2,2),(-3.84,-2.3999994),.PIECEWISE_BEZIER_KNOTS.);
#1961 = CARTESIAN_POINT('',(4.84,-0.418332731649));
#1962 = CARTESIAN_POINT('',(3.3999994,-0.418332731649));
#1963 = ( GEOMETRIC_REPRESENTATION_CONTEXT(2) 
PARAMETRIC_REPRESENTATION_CONTEXT() REPRESENTATION_CONTEXT('2D SPACE',''
  ) );
#1964 = PCURVE('',#295,#1965);
#1965 = DEFINITIONAL_REPRESENTATION('',(#1966),#1969);
#1966 = B_SPLINE_CURVE_WITH_KNOTS('',1,(#1967,#1968),.UNSPECIFIED.,.F.,
  .F.,(2,2),(-3.84,-2.3999994),.PIECEWISE_BEZIER_KNOTS.);
#1967 = CARTESIAN_POINT('',(-1.176671781244,-3.84));
#1968 = CARTESIAN_POINT('',(-1.176671781244,-2.3999994));
#1969 = ( GEOMETRIC_REPRESENTATION_CONTEXT(2) 
PARAMETRIC_REPRESENTATION_CONTEXT() REPRESENTATION_CONTEXT('2D SPACE',''
  ) );
#1970 = ORIENTED_EDGE('',*,*,#1971,.F.);
#1971 = EDGE_CURVE('',#1907,#1951,#1972,.T.);
#1972 = SURFACE_CURVE('',#1973,(#1977,#1984),.PCURVE_S1.);
#1973 = LINE('',#1974,#1975);
#1974 = CARTESIAN_POINT('',(-21.9,-7.,3.4));
#1975 = VECTOR('',#1976,1.);
#1976 = DIRECTION('',(0.,1.,0.));
#1977 = PCURVE('',#263,#1978);
#1978 = DEFINITIONAL_REPRESENTATION('',(#1979),#1983);
#1979 = LINE('',#1980,#1981);
#1980 = CARTESIAN_POINT('',(4.4,0.));
#1981 = VECTOR('',#1982,1.);
#1982 = DIRECTION('',(0.,-1.));
#1983 = ( GEOMETRIC_REPRESENTATION_CONTEXT(2) 
PARAMETRIC_REPRESENTATION_CONTEXT() REPRESENTATION_CONTEXT('2D SPACE',''
  ) );
#1984 = PCURVE('',#1985,#1990);
#1985 = PLANE('',#1986);
#1986 = AXIS2_PLACEMENT_3D('',#1987,#1988,#1989);
#1987 = CARTESIAN_POINT('',(-24.1,-7.,3.4));
#1988 = DIRECTION('',(0.,0.,1.));
#1989 = DIRECTION('',(1.,0.,0.));
#1990 = DEFINITIONAL_REPRESENTATION('',(#1991),#1995);
#1991 = LINE('',#1992,#1993);
#1992 = CARTESIAN_POINT('',(2.2,0.));
#1993 = VECTOR('',#1994,1.);
#1994 = DIRECTION('',(0.,1.));
#1995 = ( GEOMETRIC_REPRESENTATION_CONTEXT(2) 
PARAMETRIC_REPRESENTATION_CONTEXT() REPRESENTATION_CONTEXT('2D SPACE',''
  ) );
#1996 = ADVANCED_FACE('',(#1997),#295,.T.);
#1997 = FACE_BOUND('',#1998,.F.);
#1998 = EDGE_LOOP('',(#1999,#2022,#2023,#2044,#2070,#2071,#2072,#2073));
#1999 = ORIENTED_EDGE('',*,*,#2000,.F.);
#2000 = EDGE_CURVE('',#275,#2001,#2003,.T.);
#2001 = VERTEX_POINT('',#2002);
#2002 = CARTESIAN_POINT('',(-20.36,-8.89,5.4));
#2003 = SEAM_CURVE('',#2004,(#2008,#2015),.PCURVE_S1.);
#2004 = LINE('',#2005,#2006);
#2005 = CARTESIAN_POINT('',(-20.36,-8.89,0.));
#2006 = VECTOR('',#2007,1.);
#2007 = DIRECTION('',(0.,0.,1.));
#2008 = PCURVE('',#295,#2009);
#2009 = DEFINITIONAL_REPRESENTATION('',(#2010),#2014);
#2010 = LINE('',#2011,#2012);
#2011 = CARTESIAN_POINT('',(-6.28318530718,0.));
#2012 = VECTOR('',#2013,1.);
#2013 = DIRECTION('',(-0.,-1.));
#2014 = ( GEOMETRIC_REPRESENTATION_CONTEXT(2) 
PARAMETRIC_REPRESENTATION_CONTEXT() REPRESENTATION_CONTEXT('2D SPACE',''
  ) );
#2015 = PCURVE('',#295,#2016);
#2016 = DEFINITIONAL_REPRESENTATION('',(#2017),#2021);
#2017 = LINE('',#2018,#2019);
#2018 = CARTESIAN_POINT('',(-0.,0.));
#2019 = VECTOR('',#2020,1.);
#2020 = DIRECTION('',(-0.,-1.));
#2021 = ( GEOMETRIC_REPRESENTATION_CONTEXT(2) 
PARAMETRIC_REPRESENTATION_CONTEXT() REPRESENTATION_CONTEXT('2D SPACE',''
  ) );
#2022 = ORIENTED_EDGE('',*,*,#307,.T.);
#2023 = ORIENTED_EDGE('',*,*,#2024,.F.);
#2024 = EDGE_CURVE('',#2025,#308,#2027,.T.);
#2025 = VERTEX_POINT('',#2026);
#2026 = CARTESIAN_POINT('',(-24.1,-6.719193698185,3.4));
#2027 = SURFACE_CURVE('',#2028,(#2032,#2038),.PCURVE_S1.);
#2028 = LINE('',#2029,#2030);
#2029 = CARTESIAN_POINT('',(-24.1,-6.719193698185,0.));
#2030 = VECTOR('',#2031,1.);
#2031 = DIRECTION('',(-0.,-0.,-1.));
#2032 = PCURVE('',#295,#2033);
#2033 = DEFINITIONAL_REPRESENTATION('',(#2034),#2037);
#2034 = B_SPLINE_CURVE_WITH_KNOTS('',1,(#2035,#2036),.UNSPECIFIED.,.F.,
  .F.,(2,2),(-3.84,-2.3999994),.PIECEWISE_BEZIER_KNOTS.);
#2035 = CARTESIAN_POINT('',(-2.08978242595,-3.84));
#2036 = CARTESIAN_POINT('',(-2.08978242595,-2.3999994));
#2037 = ( GEOMETRIC_REPRESENTATION_CONTEXT(2) 
PARAMETRIC_REPRESENTATION_CONTEXT() REPRESENTATION_CONTEXT('2D SPACE',''
  ) );
#2038 = PCURVE('',#350,#2039);
#2039 = DEFINITIONAL_REPRESENTATION('',(#2040),#2043);
#2040 = B_SPLINE_CURVE_WITH_KNOTS('',1,(#2041,#2042),.UNSPECIFIED.,.F.,
  .F.,(2,2),(-3.84,-2.3999994),.PIECEWISE_BEZIER_KNOTS.);
#2041 = CARTESIAN_POINT('',(4.84,-0.280806301815));
#2042 = CARTESIAN_POINT('',(3.3999994,-0.280806301815));
#2043 = ( GEOMETRIC_REPRESENTATION_CONTEXT(2) 
PARAMETRIC_REPRESENTATION_CONTEXT() REPRESENTATION_CONTEXT('2D SPACE',''
  ) );
#2044 = ORIENTED_EDGE('',*,*,#2045,.T.);
#2045 = EDGE_CURVE('',#2025,#1951,#2046,.T.);
#2046 = SURFACE_CURVE('',#2047,(#2052,#2059),.PCURVE_S1.);
#2047 = CIRCLE('',#2048,2.5);
#2048 = AXIS2_PLACEMENT_3D('',#2049,#2050,#2051);
#2049 = CARTESIAN_POINT('',(-22.86,-8.89,3.4));
#2050 = DIRECTION('',(0.,0.,-1.));
#2051 = DIRECTION('',(1.,0.,0.));
#2052 = PCURVE('',#295,#2053);
#2053 = DEFINITIONAL_REPRESENTATION('',(#2054),#2058);
#2054 = LINE('',#2055,#2056);
#2055 = CARTESIAN_POINT('',(-6.28318530718,-3.4));
#2056 = VECTOR('',#2057,1.);
#2057 = DIRECTION('',(1.,-0.));
#2058 = ( GEOMETRIC_REPRESENTATION_CONTEXT(2) 
PARAMETRIC_REPRESENTATION_CONTEXT() REPRESENTATION_CONTEXT('2D SPACE',''
  ) );
#2059 = PCURVE('',#1985,#2060);
#2060 = DEFINITIONAL_REPRESENTATION('',(#2061),#2069);
#2061 = ( BOUNDED_CURVE() B_SPLINE_CURVE(2,(#2062,#2063,#2064,#2065,
#2066,#2067,#2068),.UNSPECIFIED.,.T.,.F.) B_SPLINE_CURVE_WITH_KNOTS((1,2
    ,2,2,2,1),(-2.094395102393,0.,2.094395102393,4.188790204786,
6.28318530718,8.377580409573),.UNSPECIFIED.) CURVE() 
GEOMETRIC_REPRESENTATION_ITEM() RATIONAL_B_SPLINE_CURVE((1.,0.5,1.,0.5,
1.,0.5,1.)) REPRESENTATION_ITEM('') );
#2062 = CARTESIAN_POINT('',(3.74,-1.89));
#2063 = CARTESIAN_POINT('',(3.74,-6.220127018922));
#2064 = CARTESIAN_POINT('',(-9.999999999998E-03,-4.055063509461));
#2065 = CARTESIAN_POINT('',(-3.76,-1.89));
#2066 = CARTESIAN_POINT('',(-9.999999999999E-03,0.275063509461));
#2067 = CARTESIAN_POINT('',(3.74,2.440127018922));
#2068 = CARTESIAN_POINT('',(3.74,-1.89));
#2069 = ( GEOMETRIC_REPRESENTATION_CONTEXT(2) 
PARAMETRIC_REPRESENTATION_CONTEXT() REPRESENTATION_CONTEXT('2D SPACE',''
  ) );
#2070 = ORIENTED_EDGE('',*,*,#1950,.T.);
#2071 = ORIENTED_EDGE('',*,*,#274,.T.);
#2072 = ORIENTED_EDGE('',*,*,#2000,.T.);
#2073 = ORIENTED_EDGE('',*,*,#2074,.T.);
#2074 = EDGE_CURVE('',#2001,#2001,#2075,.T.);
#2075 = SURFACE_CURVE('',#2076,(#2081,#2088),.PCURVE_S1.);
#2076 = CIRCLE('',#2077,2.5);
#2077 = AXIS2_PLACEMENT_3D('',#2078,#2079,#2080);
#2078 = CARTESIAN_POINT('',(-22.86,-8.89,5.4));
#2079 = DIRECTION('',(0.,0.,1.));
#2080 = DIRECTION('',(1.,0.,0.));
#2081 = PCURVE('',#295,#2082);
#2082 = DEFINITIONAL_REPRESENTATION('',(#2083),#2087);
#2083 = LINE('',#2084,#2085);
#2084 = CARTESIAN_POINT('',(-0.,-5.4));
#2085 = VECTOR('',#2086,1.);
#2086 = DIRECTION('',(-1.,0.));
#2087 = ( GEOMETRIC_REPRESENTATION_CONTEXT(2) 
PARAMETRIC_REPRESENTATION_CONTEXT() REPRESENTATION_CONTEXT('2D SPACE',''
  ) );
#2088 = PCURVE('',#2089,#2094);
#2089 = PLANE('',#2090);
#2090 = AXIS2_PLACEMENT_3D('',#2091,#2092,#2093);
#2091 = CARTESIAN_POINT('',(-22.86,-8.89,5.4));
#2092 = DIRECTION('',(0.,0.,1.));
#2093 = DIRECTION('',(1.,0.,-0.));
#2094 = DEFINITIONAL_REPRESENTATION('',(#2095),#2099);
#2095 = CIRCLE('',#2096,2.5);
#2096 = AXIS2_PLACEMENT_2D('',#2097,#2098);
#2097 = CARTESIAN_POINT('',(-3.552713678801E-15,-1.7763568394E-15));
#2098 = DIRECTION('',(1.,0.));
#2099 = ( GEOMETRIC_REPRESENTATION_CONTEXT(2) 
PARAMETRIC_REPRESENTATION_CONTEXT() REPRESENTATION_CONTEXT('2D SPACE',''
  ) );
#2100 = ADVANCED_FACE('',(#2101),#350,.T.);
#2101 = FACE_BOUND('',#2102,.T.);
#2102 = EDGE_LOOP('',(#2103,#2126,#2127,#2146,#2147,#2148));
#2103 = ORIENTED_EDGE('',*,*,#2104,.F.);
#2104 = EDGE_CURVE('',#1334,#2105,#2107,.T.);
#2105 = VERTEX_POINT('',#2106);
#2106 = CARTESIAN_POINT('',(-24.1,-7.,3.4));
#2107 = SURFACE_CURVE('',#2108,(#2112,#2119),.PCURVE_S1.);
#2108 = LINE('',#2109,#2110);
#2109 = CARTESIAN_POINT('',(-24.1,-7.,-1.));
#2110 = VECTOR('',#2111,1.);
#2111 = DIRECTION('',(0.,0.,1.));
#2112 = PCURVE('',#350,#2113);
#2113 = DEFINITIONAL_REPRESENTATION('',(#2114),#2118);
#2114 = LINE('',#2115,#2116);
#2115 = CARTESIAN_POINT('',(0.,0.));
#2116 = VECTOR('',#2117,1.);
#2117 = DIRECTION('',(1.,0.));
#2118 = ( GEOMETRIC_REPRESENTATION_CONTEXT(2) 
PARAMETRIC_REPRESENTATION_CONTEXT() REPRESENTATION_CONTEXT('2D SPACE',''
  ) );
#2119 = PCURVE('',#1348,#2120);
#2120 = DEFINITIONAL_REPRESENTATION('',(#2121),#2125);
#2121 = LINE('',#2122,#2123);
#2122 = CARTESIAN_POINT('',(0.,0.));
#2123 = VECTOR('',#2124,1.);
#2124 = DIRECTION('',(1.,0.));
#2125 = ( GEOMETRIC_REPRESENTATION_CONTEXT(2) 
PARAMETRIC_REPRESENTATION_CONTEXT() REPRESENTATION_CONTEXT('2D SPACE',''
  ) );
#2126 = ORIENTED_EDGE('',*,*,#1359,.T.);
#2127 = ORIENTED_EDGE('',*,*,#2128,.F.);
#2128 = EDGE_CURVE('',#336,#1360,#2129,.T.);
#2129 = SURFACE_CURVE('',#2130,(#2134,#2140),.PCURVE_S1.);
#2130 = LINE('',#2131,#2132);
#2131 = CARTESIAN_POINT('',(-24.1,-4.40908153701,-1.));
#2132 = VECTOR('',#2133,1.);
#2133 = DIRECTION('',(0.,0.,-1.));
#2134 = PCURVE('',#350,#2135);
#2135 = DEFINITIONAL_REPRESENTATION('',(#2136),#2139);
#2136 = B_SPLINE_CURVE_WITH_KNOTS('',1,(#2137,#2138),.UNSPECIFIED.,.F.,
  .F.,(2,2),(-4.4000006,-0.66),.PIECEWISE_BEZIER_KNOTS.);
#2137 = CARTESIAN_POINT('',(4.4000006,-2.59091846299));
#2138 = CARTESIAN_POINT('',(0.66,-2.59091846299));
#2139 = ( GEOMETRIC_REPRESENTATION_CONTEXT(2) 
PARAMETRIC_REPRESENTATION_CONTEXT() REPRESENTATION_CONTEXT('2D SPACE',''
  ) );
#2140 = PCURVE('',#382,#2141);
#2141 = DEFINITIONAL_REPRESENTATION('',(#2142),#2145);
#2142 = B_SPLINE_CURVE_WITH_KNOTS('',1,(#2143,#2144),.UNSPECIFIED.,.F.,
  .F.,(2,2),(-3.4,-1.),.PIECEWISE_BEZIER_KNOTS.);
#2143 = CARTESIAN_POINT('',(-8.055339554765,-3.4));
#2144 = CARTESIAN_POINT('',(-8.055339554765,-1.));
#2145 = ( GEOMETRIC_REPRESENTATION_CONTEXT(2) 
PARAMETRIC_REPRESENTATION_CONTEXT() REPRESENTATION_CONTEXT('2D SPACE',''
  ) );
#2146 = ORIENTED_EDGE('',*,*,#335,.F.);
#2147 = ORIENTED_EDGE('',*,*,#2024,.F.);
#2148 = ORIENTED_EDGE('',*,*,#2149,.F.);
#2149 = EDGE_CURVE('',#2105,#2025,#2150,.T.);
#2150 = SURFACE_CURVE('',#2151,(#2155,#2162),.PCURVE_S1.);
#2151 = LINE('',#2152,#2153);
#2152 = CARTESIAN_POINT('',(-24.1,-7.,3.4));
#2153 = VECTOR('',#2154,1.);
#2154 = DIRECTION('',(0.,1.,0.));
#2155 = PCURVE('',#350,#2156);
#2156 = DEFINITIONAL_REPRESENTATION('',(#2157),#2161);
#2157 = LINE('',#2158,#2159);
#2158 = CARTESIAN_POINT('',(4.4,0.));
#2159 = VECTOR('',#2160,1.);
#2160 = DIRECTION('',(0.,-1.));
#2161 = ( GEOMETRIC_REPRESENTATION_CONTEXT(2) 
PARAMETRIC_REPRESENTATION_CONTEXT() REPRESENTATION_CONTEXT('2D SPACE',''
  ) );
#2162 = PCURVE('',#1985,#2163);
#2163 = DEFINITIONAL_REPRESENTATION('',(#2164),#2168);
#2164 = LINE('',#2165,#2166);
#2165 = CARTESIAN_POINT('',(0.,0.));
#2166 = VECTOR('',#2167,1.);
#2167 = DIRECTION('',(0.,1.));
#2168 = ( GEOMETRIC_REPRESENTATION_CONTEXT(2) 
PARAMETRIC_REPRESENTATION_CONTEXT() REPRESENTATION_CONTEXT('2D SPACE',''
  ) );
#2169 = ADVANCED_FACE('',(#2170),#382,.F.);
#2170 = FACE_BOUND('',#2171,.T.);
#2171 = EDGE_LOOP('',(#2172,#2173,#2174,#2175));
#2172 = ORIENTED_EDGE('',*,*,#361,.F.);
#2173 = ORIENTED_EDGE('',*,*,#2128,.T.);
#2174 = ORIENTED_EDGE('',*,*,#1380,.F.);
#2175 = ORIENTED_EDGE('',*,*,#2176,.F.);
#2176 = EDGE_CURVE('',#362,#1381,#2177,.T.);
#2177 = SURFACE_CURVE('',#2178,(#2182,#2188),.PCURVE_S1.);
#2178 = LINE('',#2179,#2180);
#2179 = CARTESIAN_POINT('',(-24.1,4.40908153701,-1.));
#2180 = VECTOR('',#2181,1.);
#2181 = DIRECTION('',(0.,0.,-1.));
#2182 = PCURVE('',#382,#2183);
#2183 = DEFINITIONAL_REPRESENTATION('',(#2184),#2187);
#2184 = B_SPLINE_CURVE_WITH_KNOTS('',1,(#2185,#2186),.UNSPECIFIED.,.F.,
  .F.,(2,2),(-3.4,-1.),.PIECEWISE_BEZIER_KNOTS.);
#2185 = CARTESIAN_POINT('',(-4.511031059594,-3.4));
#2186 = CARTESIAN_POINT('',(-4.511031059594,-1.));
#2187 = ( GEOMETRIC_REPRESENTATION_CONTEXT(2) 
PARAMETRIC_REPRESENTATION_CONTEXT() REPRESENTATION_CONTEXT('2D SPACE',''
  ) );
#2188 = PCURVE('',#409,#2189);
#2189 = DEFINITIONAL_REPRESENTATION('',(#2190),#2193);
#2190 = B_SPLINE_CURVE_WITH_KNOTS('',1,(#2191,#2192),.UNSPECIFIED.,.F.,
  .F.,(2,2),(-4.4000006,-0.66),.PIECEWISE_BEZIER_KNOTS.);
#2191 = CARTESIAN_POINT('',(4.4000006,-11.40908153701));
#2192 = CARTESIAN_POINT('',(0.66,-11.40908153701));
#2193 = ( GEOMETRIC_REPRESENTATION_CONTEXT(2) 
PARAMETRIC_REPRESENTATION_CONTEXT() REPRESENTATION_CONTEXT('2D SPACE',''
  ) );
#2194 = ADVANCED_FACE('',(#2195),#409,.T.);
#2195 = FACE_BOUND('',#2196,.T.);
#2196 = EDGE_LOOP('',(#2197,#2198,#2199,#2222,#2250,#2269));
#2197 = ORIENTED_EDGE('',*,*,#2176,.T.);
#2198 = ORIENTED_EDGE('',*,*,#1404,.T.);
#2199 = ORIENTED_EDGE('',*,*,#2200,.T.);
#2200 = EDGE_CURVE('',#1405,#2201,#2203,.T.);
#2201 = VERTEX_POINT('',#2202);
#2202 = CARTESIAN_POINT('',(-24.1,7.,3.4));
#2203 = SURFACE_CURVE('',#2204,(#2208,#2215),.PCURVE_S1.);
#2204 = LINE('',#2205,#2206);
#2205 = CARTESIAN_POINT('',(-24.1,7.,-1.));
#2206 = VECTOR('',#2207,1.);
#2207 = DIRECTION('',(0.,0.,1.));
#2208 = PCURVE('',#409,#2209);
#2209 = DEFINITIONAL_REPRESENTATION('',(#2210),#2214);
#2210 = LINE('',#2211,#2212);
#2211 = CARTESIAN_POINT('',(0.,-14.));
#2212 = VECTOR('',#2213,1.);
#2213 = DIRECTION('',(1.,0.));
#2214 = ( GEOMETRIC_REPRESENTATION_CONTEXT(2) 
PARAMETRIC_REPRESENTATION_CONTEXT() REPRESENTATION_CONTEXT('2D SPACE',''
  ) );
#2215 = PCURVE('',#1440,#2216);
#2216 = DEFINITIONAL_REPRESENTATION('',(#2217),#2221);
#2217 = LINE('',#2218,#2219);
#2218 = CARTESIAN_POINT('',(0.,0.));
#2219 = VECTOR('',#2220,1.);
#2220 = DIRECTION('',(1.,0.));
#2221 = ( GEOMETRIC_REPRESENTATION_CONTEXT(2) 
PARAMETRIC_REPRESENTATION_CONTEXT() REPRESENTATION_CONTEXT('2D SPACE',''
  ) );
#2222 = ORIENTED_EDGE('',*,*,#2223,.F.);
#2223 = EDGE_CURVE('',#2224,#2201,#2226,.T.);
#2224 = VERTEX_POINT('',#2225);
#2225 = CARTESIAN_POINT('',(-24.1,6.719193698185,3.4));
#2226 = SURFACE_CURVE('',#2227,(#2231,#2238),.PCURVE_S1.);
#2227 = LINE('',#2228,#2229);
#2228 = CARTESIAN_POINT('',(-24.1,-7.,3.4));
#2229 = VECTOR('',#2230,1.);
#2230 = DIRECTION('',(0.,1.,0.));
#2231 = PCURVE('',#409,#2232);
#2232 = DEFINITIONAL_REPRESENTATION('',(#2233),#2237);
#2233 = LINE('',#2234,#2235);
#2234 = CARTESIAN_POINT('',(4.4,0.));
#2235 = VECTOR('',#2236,1.);
#2236 = DIRECTION('',(0.,-1.));
#2237 = ( GEOMETRIC_REPRESENTATION_CONTEXT(2) 
PARAMETRIC_REPRESENTATION_CONTEXT() REPRESENTATION_CONTEXT('2D SPACE',''
  ) );
#2238 = PCURVE('',#2239,#2244);
#2239 = PLANE('',#2240);
#2240 = AXIS2_PLACEMENT_3D('',#2241,#2242,#2243);
#2241 = CARTESIAN_POINT('',(-24.1,-7.,3.4));
#2242 = DIRECTION('',(0.,0.,1.));
#2243 = DIRECTION('',(1.,0.,0.));
#2244 = DEFINITIONAL_REPRESENTATION('',(#2245),#2249);
#2245 = LINE('',#2246,#2247);
#2246 = CARTESIAN_POINT('',(0.,0.));
#2247 = VECTOR('',#2248,1.);
#2248 = DIRECTION('',(0.,1.));
#2249 = ( GEOMETRIC_REPRESENTATION_CONTEXT(2) 
PARAMETRIC_REPRESENTATION_CONTEXT() REPRESENTATION_CONTEXT('2D SPACE',''
  ) );
#2250 = ORIENTED_EDGE('',*,*,#2251,.T.);
#2251 = EDGE_CURVE('',#2224,#395,#2252,.T.);
#2252 = SURFACE_CURVE('',#2253,(#2257,#2263),.PCURVE_S1.);
#2253 = LINE('',#2254,#2255);
#2254 = CARTESIAN_POINT('',(-24.1,6.719193698185,0.));
#2255 = VECTOR('',#2256,1.);
#2256 = DIRECTION('',(-0.,-0.,-1.));
#2257 = PCURVE('',#409,#2258);
#2258 = DEFINITIONAL_REPRESENTATION('',(#2259),#2262);
#2259 = B_SPLINE_CURVE_WITH_KNOTS('',1,(#2260,#2261),.UNSPECIFIED.,.F.,
  .F.,(2,2),(-3.84,-2.3999994),.PIECEWISE_BEZIER_KNOTS.);
#2260 = CARTESIAN_POINT('',(4.84,-13.71919369818));
#2261 = CARTESIAN_POINT('',(3.3999994,-13.71919369818));
#2262 = ( GEOMETRIC_REPRESENTATION_CONTEXT(2) 
PARAMETRIC_REPRESENTATION_CONTEXT() REPRESENTATION_CONTEXT('2D SPACE',''
  ) );
#2263 = PCURVE('',#441,#2264);
#2264 = DEFINITIONAL_REPRESENTATION('',(#2265),#2268);
#2265 = B_SPLINE_CURVE_WITH_KNOTS('',1,(#2266,#2267),.UNSPECIFIED.,.F.,
  .F.,(2,2),(-3.84,-2.3999994),.PIECEWISE_BEZIER_KNOTS.);
#2266 = CARTESIAN_POINT('',(-4.193402881229,-3.84));
#2267 = CARTESIAN_POINT('',(-4.193402881229,-2.3999994));
#2268 = ( GEOMETRIC_REPRESENTATION_CONTEXT(2) 
PARAMETRIC_REPRESENTATION_CONTEXT() REPRESENTATION_CONTEXT('2D SPACE',''
  ) );
#2269 = ORIENTED_EDGE('',*,*,#394,.F.);
#2270 = ADVANCED_FACE('',(#2271),#441,.T.);
#2271 = FACE_BOUND('',#2272,.F.);
#2272 = EDGE_LOOP('',(#2273,#2296,#2297,#2318,#2344,#2345,#2346,#2347));
#2273 = ORIENTED_EDGE('',*,*,#2274,.F.);
#2274 = EDGE_CURVE('',#421,#2275,#2277,.T.);
#2275 = VERTEX_POINT('',#2276);
#2276 = CARTESIAN_POINT('',(-20.36,8.89,5.4));
#2277 = SEAM_CURVE('',#2278,(#2282,#2289),.PCURVE_S1.);
#2278 = LINE('',#2279,#2280);
#2279 = CARTESIAN_POINT('',(-20.36,8.89,0.));
#2280 = VECTOR('',#2281,1.);
#2281 = DIRECTION('',(0.,0.,1.));
#2282 = PCURVE('',#441,#2283);
#2283 = DEFINITIONAL_REPRESENTATION('',(#2284),#2288);
#2284 = LINE('',#2285,#2286);
#2285 = CARTESIAN_POINT('',(-6.28318530718,0.));
#2286 = VECTOR('',#2287,1.);
#2287 = DIRECTION('',(-0.,-1.));
#2288 = ( GEOMETRIC_REPRESENTATION_CONTEXT(2) 
PARAMETRIC_REPRESENTATION_CONTEXT() REPRESENTATION_CONTEXT('2D SPACE',''
  ) );
#2289 = PCURVE('',#441,#2290);
#2290 = DEFINITIONAL_REPRESENTATION('',(#2291),#2295);
#2291 = LINE('',#2292,#2293);
#2292 = CARTESIAN_POINT('',(-0.,0.));
#2293 = VECTOR('',#2294,1.);
#2294 = DIRECTION('',(-0.,-1.));
#2295 = ( GEOMETRIC_REPRESENTATION_CONTEXT(2) 
PARAMETRIC_REPRESENTATION_CONTEXT() REPRESENTATION_CONTEXT('2D SPACE',''
  ) );
#2296 = ORIENTED_EDGE('',*,*,#453,.T.);
#2297 = ORIENTED_EDGE('',*,*,#2298,.F.);
#2298 = EDGE_CURVE('',#2299,#454,#2301,.T.);
#2299 = VERTEX_POINT('',#2300);
#2300 = CARTESIAN_POINT('',(-21.9,6.581667268351,3.4));
#2301 = SURFACE_CURVE('',#2302,(#2306,#2312),.PCURVE_S1.);
#2302 = LINE('',#2303,#2304);
#2303 = CARTESIAN_POINT('',(-21.9,6.581667268351,0.));
#2304 = VECTOR('',#2305,1.);
#2305 = DIRECTION('',(-0.,-0.,-1.));
#2306 = PCURVE('',#441,#2307);
#2307 = DEFINITIONAL_REPRESENTATION('',(#2308),#2311);
#2308 = B_SPLINE_CURVE_WITH_KNOTS('',1,(#2309,#2310),.UNSPECIFIED.,.F.,
  .F.,(2,2),(-3.84,-2.3999994),.PIECEWISE_BEZIER_KNOTS.);
#2309 = CARTESIAN_POINT('',(-5.106513525935,-3.84));
#2310 = CARTESIAN_POINT('',(-5.106513525935,-2.3999994));
#2311 = ( GEOMETRIC_REPRESENTATION_CONTEXT(2) 
PARAMETRIC_REPRESENTATION_CONTEXT() REPRESENTATION_CONTEXT('2D SPACE',''
  ) );
#2312 = PCURVE('',#496,#2313);
#2313 = DEFINITIONAL_REPRESENTATION('',(#2314),#2317);
#2314 = B_SPLINE_CURVE_WITH_KNOTS('',1,(#2315,#2316),.UNSPECIFIED.,.F.,
  .F.,(2,2),(-3.84,-2.3999994),.PIECEWISE_BEZIER_KNOTS.);
#2315 = CARTESIAN_POINT('',(4.84,-13.58166726835));
#2316 = CARTESIAN_POINT('',(3.3999994,-13.58166726835));
#2317 = ( GEOMETRIC_REPRESENTATION_CONTEXT(2) 
PARAMETRIC_REPRESENTATION_CONTEXT() REPRESENTATION_CONTEXT('2D SPACE',''
  ) );
#2318 = ORIENTED_EDGE('',*,*,#2319,.T.);
#2319 = EDGE_CURVE('',#2299,#2224,#2320,.T.);
#2320 = SURFACE_CURVE('',#2321,(#2326,#2333),.PCURVE_S1.);
#2321 = CIRCLE('',#2322,2.5);
#2322 = AXIS2_PLACEMENT_3D('',#2323,#2324,#2325);
#2323 = CARTESIAN_POINT('',(-22.86,8.89,3.4));
#2324 = DIRECTION('',(0.,0.,-1.));
#2325 = DIRECTION('',(1.,0.,0.));
#2326 = PCURVE('',#441,#2327);
#2327 = DEFINITIONAL_REPRESENTATION('',(#2328),#2332);
#2328 = LINE('',#2329,#2330);
#2329 = CARTESIAN_POINT('',(-6.28318530718,-3.4));
#2330 = VECTOR('',#2331,1.);
#2331 = DIRECTION('',(1.,-0.));
#2332 = ( GEOMETRIC_REPRESENTATION_CONTEXT(2) 
PARAMETRIC_REPRESENTATION_CONTEXT() REPRESENTATION_CONTEXT('2D SPACE',''
  ) );
#2333 = PCURVE('',#2239,#2334);
#2334 = DEFINITIONAL_REPRESENTATION('',(#2335),#2343);
#2335 = ( BOUNDED_CURVE() B_SPLINE_CURVE(2,(#2336,#2337,#2338,#2339,
#2340,#2341,#2342),.UNSPECIFIED.,.T.,.F.) B_SPLINE_CURVE_WITH_KNOTS((1,2
    ,2,2,2,1),(-2.094395102393,0.,2.094395102393,4.188790204786,
6.28318530718,8.377580409573),.UNSPECIFIED.) CURVE() 
GEOMETRIC_REPRESENTATION_ITEM() RATIONAL_B_SPLINE_CURVE((1.,0.5,1.,0.5,
1.,0.5,1.)) REPRESENTATION_ITEM('') );
#2336 = CARTESIAN_POINT('',(3.74,15.89));
#2337 = CARTESIAN_POINT('',(3.74,11.559872981078));
#2338 = CARTESIAN_POINT('',(-9.999999999998E-03,13.724936490539));
#2339 = CARTESIAN_POINT('',(-3.76,15.89));
#2340 = CARTESIAN_POINT('',(-9.999999999999E-03,18.055063509461));
#2341 = CARTESIAN_POINT('',(3.74,20.220127018922));
#2342 = CARTESIAN_POINT('',(3.74,15.89));
#2343 = ( GEOMETRIC_REPRESENTATION_CONTEXT(2) 
PARAMETRIC_REPRESENTATION_CONTEXT() REPRESENTATION_CONTEXT('2D SPACE',''
  ) );
#2344 = ORIENTED_EDGE('',*,*,#2251,.T.);
#2345 = ORIENTED_EDGE('',*,*,#420,.T.);
#2346 = ORIENTED_EDGE('',*,*,#2274,.T.);
#2347 = ORIENTED_EDGE('',*,*,#2348,.T.);
#2348 = EDGE_CURVE('',#2275,#2275,#2349,.T.);
#2349 = SURFACE_CURVE('',#2350,(#2355,#2362),.PCURVE_S1.);
#2350 = CIRCLE('',#2351,2.5);
#2351 = AXIS2_PLACEMENT_3D('',#2352,#2353,#2354);
#2352 = CARTESIAN_POINT('',(-22.86,8.89,5.4));
#2353 = DIRECTION('',(0.,0.,1.));
#2354 = DIRECTION('',(1.,0.,0.));
#2355 = PCURVE('',#441,#2356);
#2356 = DEFINITIONAL_REPRESENTATION('',(#2357),#2361);
#2357 = LINE('',#2358,#2359);
#2358 = CARTESIAN_POINT('',(-0.,-5.4));
#2359 = VECTOR('',#2360,1.);
#2360 = DIRECTION('',(-1.,0.));
#2361 = ( GEOMETRIC_REPRESENTATION_CONTEXT(2) 
PARAMETRIC_REPRESENTATION_CONTEXT() REPRESENTATION_CONTEXT('2D SPACE',''
  ) );
#2362 = PCURVE('',#2363,#2368);
#2363 = PLANE('',#2364);
#2364 = AXIS2_PLACEMENT_3D('',#2365,#2366,#2367);
#2365 = CARTESIAN_POINT('',(-22.86,8.89,5.4));
#2366 = DIRECTION('',(0.,0.,1.));
#2367 = DIRECTION('',(1.,0.,-0.));
#2368 = DEFINITIONAL_REPRESENTATION('',(#2369),#2373);
#2369 = CIRCLE('',#2370,2.5);
#2370 = AXIS2_PLACEMENT_2D('',#2371,#2372);
#2371 = CARTESIAN_POINT('',(-3.552713678801E-15,0.));
#2372 = DIRECTION('',(1.,0.));
#2373 = ( GEOMETRIC_REPRESENTATION_CONTEXT(2) 
PARAMETRIC_REPRESENTATION_CONTEXT() REPRESENTATION_CONTEXT('2D SPACE',''
  ) );
#2374 = ADVANCED_FACE('',(#2375),#496,.F.);
#2375 = FACE_BOUND('',#2376,.F.);
#2376 = EDGE_LOOP('',(#2377,#2396,#2397,#2420,#2441,#2442));
#2377 = ORIENTED_EDGE('',*,*,#2378,.T.);
#2378 = EDGE_CURVE('',#482,#1452,#2379,.T.);
#2379 = SURFACE_CURVE('',#2380,(#2384,#2390),.PCURVE_S1.);
#2380 = LINE('',#2381,#2382);
#2381 = CARTESIAN_POINT('',(-21.9,3.26190128606,-1.));
#2382 = VECTOR('',#2383,1.);
#2383 = DIRECTION('',(0.,0.,-1.));
#2384 = PCURVE('',#496,#2385);
#2385 = DEFINITIONAL_REPRESENTATION('',(#2386),#2389);
#2386 = B_SPLINE_CURVE_WITH_KNOTS('',1,(#2387,#2388),.UNSPECIFIED.,.F.,
  .F.,(2,2),(-4.4000006,-0.66),.PIECEWISE_BEZIER_KNOTS.);
#2387 = CARTESIAN_POINT('',(4.4000006,-10.26190128606));
#2388 = CARTESIAN_POINT('',(0.66,-10.26190128606));
#2389 = ( GEOMETRIC_REPRESENTATION_CONTEXT(2) 
PARAMETRIC_REPRESENTATION_CONTEXT() REPRESENTATION_CONTEXT('2D SPACE',''
  ) );
#2390 = PCURVE('',#526,#2391);
#2391 = DEFINITIONAL_REPRESENTATION('',(#2392),#2395);
#2392 = B_SPLINE_CURVE_WITH_KNOTS('',1,(#2393,#2394),.UNSPECIFIED.,.F.,
  .F.,(2,2),(-4.4000006,-0.66),.PIECEWISE_BEZIER_KNOTS.);
#2393 = CARTESIAN_POINT('',(-3.952433894719,-4.4000006));
#2394 = CARTESIAN_POINT('',(-3.952433894719,-0.66));
#2395 = ( GEOMETRIC_REPRESENTATION_CONTEXT(2) 
PARAMETRIC_REPRESENTATION_CONTEXT() REPRESENTATION_CONTEXT('2D SPACE',''
  ) );
#2396 = ORIENTED_EDGE('',*,*,#1451,.T.);
#2397 = ORIENTED_EDGE('',*,*,#2398,.T.);
#2398 = EDGE_CURVE('',#1426,#2399,#2401,.T.);
#2399 = VERTEX_POINT('',#2400);
#2400 = CARTESIAN_POINT('',(-21.9,7.,3.4));
#2401 = SURFACE_CURVE('',#2402,(#2406,#2413),.PCURVE_S1.);
#2402 = LINE('',#2403,#2404);
#2403 = CARTESIAN_POINT('',(-21.9,7.,-1.));
#2404 = VECTOR('',#2405,1.);
#2405 = DIRECTION('',(0.,0.,1.));
#2406 = PCURVE('',#496,#2407);
#2407 = DEFINITIONAL_REPRESENTATION('',(#2408),#2412);
#2408 = LINE('',#2409,#2410);
#2409 = CARTESIAN_POINT('',(0.,-14.));
#2410 = VECTOR('',#2411,1.);
#2411 = DIRECTION('',(1.,0.));
#2412 = ( GEOMETRIC_REPRESENTATION_CONTEXT(2) 
PARAMETRIC_REPRESENTATION_CONTEXT() REPRESENTATION_CONTEXT('2D SPACE',''
  ) );
#2413 = PCURVE('',#1440,#2414);
#2414 = DEFINITIONAL_REPRESENTATION('',(#2415),#2419);
#2415 = LINE('',#2416,#2417);
#2416 = CARTESIAN_POINT('',(0.,2.2));
#2417 = VECTOR('',#2418,1.);
#2418 = DIRECTION('',(1.,0.));
#2419 = ( GEOMETRIC_REPRESENTATION_CONTEXT(2) 
PARAMETRIC_REPRESENTATION_CONTEXT() REPRESENTATION_CONTEXT('2D SPACE',''
  ) );
#2420 = ORIENTED_EDGE('',*,*,#2421,.F.);
#2421 = EDGE_CURVE('',#2299,#2399,#2422,.T.);
#2422 = SURFACE_CURVE('',#2423,(#2427,#2434),.PCURVE_S1.);
#2423 = LINE('',#2424,#2425);
#2424 = CARTESIAN_POINT('',(-21.9,-7.,3.4));
#2425 = VECTOR('',#2426,1.);
#2426 = DIRECTION('',(0.,1.,0.));
#2427 = PCURVE('',#496,#2428);
#2428 = DEFINITIONAL_REPRESENTATION('',(#2429),#2433);
#2429 = LINE('',#2430,#2431);
#2430 = CARTESIAN_POINT('',(4.4,0.));
#2431 = VECTOR('',#2432,1.);
#2432 = DIRECTION('',(0.,-1.));
#2433 = ( GEOMETRIC_REPRESENTATION_CONTEXT(2) 
PARAMETRIC_REPRESENTATION_CONTEXT() REPRESENTATION_CONTEXT('2D SPACE',''
  ) );
#2434 = PCURVE('',#2239,#2435);
#2435 = DEFINITIONAL_REPRESENTATION('',(#2436),#2440);
#2436 = LINE('',#2437,#2438);
#2437 = CARTESIAN_POINT('',(2.2,0.));
#2438 = VECTOR('',#2439,1.);
#2439 = DIRECTION('',(0.,1.));
#2440 = ( GEOMETRIC_REPRESENTATION_CONTEXT(2) 
PARAMETRIC_REPRESENTATION_CONTEXT() REPRESENTATION_CONTEXT('2D SPACE',''
  ) );
#2441 = ORIENTED_EDGE('',*,*,#2298,.T.);
#2442 = ORIENTED_EDGE('',*,*,#481,.F.);
#2443 = ADVANCED_FACE('',(#2444),#526,.F.);
#2444 = FACE_BOUND('',#2445,.T.);
#2445 = EDGE_LOOP('',(#2446,#2447,#2448,#2449));
#2446 = ORIENTED_EDGE('',*,*,#507,.F.);
#2447 = ORIENTED_EDGE('',*,*,#2378,.T.);
#2448 = ORIENTED_EDGE('',*,*,#1472,.T.);
#2449 = ORIENTED_EDGE('',*,*,#1930,.F.);
#2450 = ADVANCED_FACE('',(#2451),#1213,.T.);
#2451 = FACE_BOUND('',#2452,.F.);
#2452 = EDGE_LOOP('',(#2453,#2474,#2498,#2524,#2557,#2578,#2611,#2637,
    #2665,#2686,#2711,#2712));
#2453 = ORIENTED_EDGE('',*,*,#2454,.F.);
#2454 = EDGE_CURVE('',#2455,#1169,#2457,.T.);
#2455 = VERTEX_POINT('',#2456);
#2456 = CARTESIAN_POINT('',(-32.59120099629,38.955162026976,4.));
#2457 = SURFACE_CURVE('',#2458,(#2462,#2468),.PCURVE_S1.);
#2458 = LINE('',#2459,#2460);
#2459 = CARTESIAN_POINT('',(-32.59120099629,38.955162026976,0.));
#2460 = VECTOR('',#2461,1.);
#2461 = DIRECTION('',(-0.,-0.,-1.));
#2462 = PCURVE('',#1213,#2463);
#2463 = DEFINITIONAL_REPRESENTATION('',(#2464),#2467);
#2464 = B_SPLINE_CURVE_WITH_KNOTS('',1,(#2465,#2466),.UNSPECIFIED.,.F.,
  .F.,(2,2),(-4.,0.),.PIECEWISE_BEZIER_KNOTS.);
#2465 = CARTESIAN_POINT('',(-6.293390097267,-4.));
#2466 = CARTESIAN_POINT('',(-6.293390097267,0.));
#2467 = ( GEOMETRIC_REPRESENTATION_CONTEXT(2) 
PARAMETRIC_REPRESENTATION_CONTEXT() REPRESENTATION_CONTEXT('2D SPACE',''
  ) );
#2468 = PCURVE('',#1184,#2469);
#2469 = DEFINITIONAL_REPRESENTATION('',(#2470),#2473);
#2470 = B_SPLINE_CURVE_WITH_KNOTS('',1,(#2471,#2472),.UNSPECIFIED.,.F.,
  .F.,(2,2),(-4.4,6.E-07),.PIECEWISE_BEZIER_KNOTS.);
#2471 = CARTESIAN_POINT('',(4.4,53.59091846299));
#2472 = CARTESIAN_POINT('',(-6.E-07,53.59091846299));
#2473 = ( GEOMETRIC_REPRESENTATION_CONTEXT(2) 
PARAMETRIC_REPRESENTATION_CONTEXT() REPRESENTATION_CONTEXT('2D SPACE',''
  ) );
#2474 = ORIENTED_EDGE('',*,*,#2475,.F.);
#2475 = EDGE_CURVE('',#2476,#2455,#2478,.T.);
#2476 = VERTEX_POINT('',#2477);
#2477 = CARTESIAN_POINT('',(-33.4507900108,35.713531710596,4.));
#2478 = SURFACE_CURVE('',#2479,(#2484,#2491),.PCURVE_S1.);
#2479 = CIRCLE('',#2480,6.3);
#2480 = AXIS2_PLACEMENT_3D('',#2481,#2482,#2483);
#2481 = CARTESIAN_POINT('',(-38.89087296526,38.89087296526,4.));
#2482 = DIRECTION('',(-0.,0.,1.));
#2483 = DIRECTION('',(0.863505230867,-0.504339881693,0.));
#2484 = PCURVE('',#1213,#2485);
#2485 = DEFINITIONAL_REPRESENTATION('',(#2486),#2490);
#2486 = LINE('',#2487,#2488);
#2487 = CARTESIAN_POINT('',(-5.754567976261,-4.));
#2488 = VECTOR('',#2489,1.);
#2489 = DIRECTION('',(-1.,-0.));
#2490 = ( GEOMETRIC_REPRESENTATION_CONTEXT(2) 
PARAMETRIC_REPRESENTATION_CONTEXT() REPRESENTATION_CONTEXT('2D SPACE',''
  ) );
#2491 = PCURVE('',#1823,#2492);
#2492 = DEFINITIONAL_REPRESENTATION('',(#2493),#2497);
#2493 = CIRCLE('',#2494,6.3);
#2494 = AXIS2_PLACEMENT_2D('',#2495,#2496);
#2495 = CARTESIAN_POINT('',(58.,4.5));
#2496 = DIRECTION('',(-0.967212554704,-0.253968253968));
#2497 = ( GEOMETRIC_REPRESENTATION_CONTEXT(2) 
PARAMETRIC_REPRESENTATION_CONTEXT() REPRESENTATION_CONTEXT('2D SPACE',''
  ) );
#2498 = ORIENTED_EDGE('',*,*,#2499,.F.);
#2499 = EDGE_CURVE('',#2500,#2476,#2502,.T.);
#2500 = VERTEX_POINT('',#2501);
#2501 = CARTESIAN_POINT('',(-33.4507900108,35.713531710597,10.));
#2502 = SURFACE_CURVE('',#2503,(#2507,#2513),.PCURVE_S1.);
#2503 = LINE('',#2504,#2505);
#2504 = CARTESIAN_POINT('',(-33.4507900108,35.713531710596,0.));
#2505 = VECTOR('',#2506,1.);
#2506 = DIRECTION('',(-0.,-0.,-1.));
#2507 = PCURVE('',#1213,#2508);
#2508 = DEFINITIONAL_REPRESENTATION('',(#2509),#2512);
#2509 = B_SPLINE_CURVE_WITH_KNOTS('',1,(#2510,#2511),.UNSPECIFIED.,.F.,
  .F.,(2,2),(-10.,-4.),.PIECEWISE_BEZIER_KNOTS.);
#2510 = CARTESIAN_POINT('',(-5.754567976261,-10.));
#2511 = CARTESIAN_POINT('',(-5.754567976261,-4.));
#2512 = ( GEOMETRIC_REPRESENTATION_CONTEXT(2) 
PARAMETRIC_REPRESENTATION_CONTEXT() REPRESENTATION_CONTEXT('2D SPACE',''
  ) );
#2513 = PCURVE('',#2514,#2519);
#2514 = PLANE('',#2515);
#2515 = AXIS2_PLACEMENT_3D('',#2516,#2517,#2518);
#2516 = CARTESIAN_POINT('',(-42.21427483683,44.477016536634,2.));
#2517 = DIRECTION('',(0.707106781187,0.707106781187,0.));
#2518 = DIRECTION('',(0.,0.,1.));
#2519 = DEFINITIONAL_REPRESENTATION('',(#2520),#2523);
#2520 = B_SPLINE_CURVE_WITH_KNOTS('',1,(#2521,#2522),.UNSPECIFIED.,.F.,
  .F.,(2,2),(-10.0000006,-1.2),.PIECEWISE_BEZIER_KNOTS.);
#2521 = CARTESIAN_POINT('',(8.0000006,12.393439094633));
#2522 = CARTESIAN_POINT('',(-0.8,12.393439094633));
#2523 = ( GEOMETRIC_REPRESENTATION_CONTEXT(2) 
PARAMETRIC_REPRESENTATION_CONTEXT() REPRESENTATION_CONTEXT('2D SPACE',''
  ) );
#2524 = ORIENTED_EDGE('',*,*,#2525,.F.);
#2525 = EDGE_CURVE('',#2526,#2500,#2528,.T.);
#2526 = VERTEX_POINT('',#2527);
#2527 = CARTESIAN_POINT('',(-42.06821421992,44.330955919721,10.));
#2528 = SURFACE_CURVE('',#2529,(#2534,#2541),.PCURVE_S1.);
#2529 = CIRCLE('',#2530,6.3);
#2530 = AXIS2_PLACEMENT_3D('',#2531,#2532,#2533);
#2531 = CARTESIAN_POINT('',(-38.89087296526,38.89087296526,10.));
#2532 = DIRECTION('',(0.,0.,-1.));
#2533 = DIRECTION('',(-0.504339881693,0.863505230867,0.));
#2534 = PCURVE('',#1213,#2535);
#2535 = DEFINITIONAL_REPRESENTATION('',(#2536),#2540);
#2536 = LINE('',#2537,#2538);
#2537 = CARTESIAN_POINT('',(-8.382598964893,-10.));
#2538 = VECTOR('',#2539,1.);
#2539 = DIRECTION('',(1.,-0.));
#2540 = ( GEOMETRIC_REPRESENTATION_CONTEXT(2) 
PARAMETRIC_REPRESENTATION_CONTEXT() REPRESENTATION_CONTEXT('2D SPACE',''
  ) );
#2541 = PCURVE('',#2542,#2547);
#2542 = PLANE('',#2543);
#2543 = AXIS2_PLACEMENT_3D('',#2544,#2545,#2546);
#2544 = CARTESIAN_POINT('',(-38.89087296526,38.89087296526,10.));
#2545 = DIRECTION('',(0.,0.,1.));
#2546 = DIRECTION('',(1.,0.,-0.));
#2547 = DEFINITIONAL_REPRESENTATION('',(#2548),#2556);
#2548 = ( BOUNDED_CURVE() B_SPLINE_CURVE(2,(#2549,#2550,#2551,#2552,
#2553,#2554,#2555),.UNSPECIFIED.,.T.,.F.) B_SPLINE_CURVE_WITH_KNOTS((1,2
    ,2,2,2,1),(-2.094395102393,0.,2.094395102393,4.188790204786,
6.28318530718,8.377580409573),.UNSPECIFIED.) CURVE() 
GEOMETRIC_REPRESENTATION_ITEM() RATIONAL_B_SPLINE_CURVE((1.,0.5,1.,0.5,
1.,0.5,1.)) REPRESENTATION_ITEM('') );
#2549 = CARTESIAN_POINT('',(-3.177341254664,5.440082954461));
#2550 = CARTESIAN_POINT('',(6.245158819852,10.943399440523));
#2551 = CARTESIAN_POINT('',(6.299920664589,3.16167658007E-02));
#2552 = CARTESIAN_POINT('',(6.354682509327,-10.88016590892));
#2553 = CARTESIAN_POINT('',(-3.122579409926,-5.471699720261));
#2554 = CARTESIAN_POINT('',(-12.59984132917,-6.323353160141E-02));
#2555 = CARTESIAN_POINT('',(-3.177341254664,5.440082954461));
#2556 = ( GEOMETRIC_REPRESENTATION_CONTEXT(2) 
PARAMETRIC_REPRESENTATION_CONTEXT() REPRESENTATION_CONTEXT('2D SPACE',''
  ) );
#2557 = ORIENTED_EDGE('',*,*,#2558,.T.);
#2558 = EDGE_CURVE('',#2526,#2559,#2561,.T.);
#2559 = VERTEX_POINT('',#2560);
#2560 = CARTESIAN_POINT('',(-42.06821421992,44.330955919721,2.));
#2561 = SURFACE_CURVE('',#2562,(#2566,#2572),.PCURVE_S1.);
#2562 = LINE('',#2563,#2564);
#2563 = CARTESIAN_POINT('',(-42.06821421992,44.330955919721,0.));
#2564 = VECTOR('',#2565,1.);
#2565 = DIRECTION('',(-0.,-0.,-1.));
#2566 = PCURVE('',#1213,#2567);
#2567 = DEFINITIONAL_REPRESENTATION('',(#2568),#2571);
#2568 = B_SPLINE_CURVE_WITH_KNOTS('',1,(#2569,#2570),.UNSPECIFIED.,.F.,
  .F.,(2,2),(-10.,-2.),.PIECEWISE_BEZIER_KNOTS.);
#2569 = CARTESIAN_POINT('',(-8.382598964893,-10.));
#2570 = CARTESIAN_POINT('',(-8.382598964893,-2.));
#2571 = ( GEOMETRIC_REPRESENTATION_CONTEXT(2) 
PARAMETRIC_REPRESENTATION_CONTEXT() REPRESENTATION_CONTEXT('2D SPACE',''
  ) );
#2572 = PCURVE('',#2514,#2573);
#2573 = DEFINITIONAL_REPRESENTATION('',(#2574),#2577);
#2574 = B_SPLINE_CURVE_WITH_KNOTS('',1,(#2575,#2576),.UNSPECIFIED.,.F.,
  .F.,(2,2),(-10.0000006,-1.2),.PIECEWISE_BEZIER_KNOTS.);
#2575 = CARTESIAN_POINT('',(8.0000006,0.206560905367));
#2576 = CARTESIAN_POINT('',(-0.8,0.206560905367));
#2577 = ( GEOMETRIC_REPRESENTATION_CONTEXT(2) 
PARAMETRIC_REPRESENTATION_CONTEXT() REPRESENTATION_CONTEXT('2D SPACE',''
  ) );
#2578 = ORIENTED_EDGE('',*,*,#2579,.F.);
#2579 = EDGE_CURVE('',#2580,#2559,#2582,.T.);
#2580 = VERTEX_POINT('',#2581);
#2581 = CARTESIAN_POINT('',(-44.33095591972,42.068214219924,2.));
#2582 = SURFACE_CURVE('',#2583,(#2588,#2595),.PCURVE_S1.);
#2583 = CIRCLE('',#2584,6.3);
#2584 = AXIS2_PLACEMENT_3D('',#2585,#2586,#2587);
#2585 = CARTESIAN_POINT('',(-38.89087296526,38.89087296526,2.));
#2586 = DIRECTION('',(0.,0.,-1.));
#2587 = DIRECTION('',(-0.863505230867,0.504339881693,0.));
#2588 = PCURVE('',#1213,#2589);
#2589 = DEFINITIONAL_REPRESENTATION('',(#2590),#2594);
#2590 = LINE('',#2591,#2592);
#2591 = CARTESIAN_POINT('',(-8.896160629851,-2.));
#2592 = VECTOR('',#2593,1.);
#2593 = DIRECTION('',(1.,-0.));
#2594 = ( GEOMETRIC_REPRESENTATION_CONTEXT(2) 
PARAMETRIC_REPRESENTATION_CONTEXT() REPRESENTATION_CONTEXT('2D SPACE',''
  ) );
#2595 = PCURVE('',#2596,#2601);
#2596 = PLANE('',#2597);
#2597 = AXIS2_PLACEMENT_3D('',#2598,#2599,#2600);
#2598 = CARTESIAN_POINT('',(-44.47701653663,42.214274836837,2.));
#2599 = DIRECTION('',(0.,0.,1.));
#2600 = DIRECTION('',(0.707106781187,-0.707106781187,0.));
#2601 = DEFINITIONAL_REPRESENTATION('',(#2602),#2610);
#2602 = ( BOUNDED_CURVE() B_SPLINE_CURVE(2,(#2603,#2604,#2605,#2606,
#2607,#2608,#2609),.UNSPECIFIED.,.T.,.F.) B_SPLINE_CURVE_WITH_KNOTS((1,2
    ,2,2,2,1),(-2.094395102393,0.,2.094395102393,4.188790204786,
6.28318530718,8.377580409573),.UNSPECIFIED.) CURVE() 
GEOMETRIC_REPRESENTATION_ITEM() RATIONAL_B_SPLINE_CURVE((1.,0.5,1.,0.5,
1.,0.5,1.)) REPRESENTATION_ITEM('') );
#2603 = CARTESIAN_POINT('',(0.206560905367,8.881784197001E-15));
#2604 = CARTESIAN_POINT('',(-2.564720386743,10.554146104731));
#2605 = CARTESIAN_POINT('',(7.961078901261,7.677073052365));
#2606 = CARTESIAN_POINT('',(18.486878189266,4.8));
#2607 = CARTESIAN_POINT('',(10.732360193372,-2.877073052365));
#2608 = CARTESIAN_POINT('',(2.977842197477,-10.55414610473));
#2609 = CARTESIAN_POINT('',(0.206560905367,8.881784197001E-15));
#2610 = ( GEOMETRIC_REPRESENTATION_CONTEXT(2) 
PARAMETRIC_REPRESENTATION_CONTEXT() REPRESENTATION_CONTEXT('2D SPACE',''
  ) );
#2611 = ORIENTED_EDGE('',*,*,#2612,.F.);
#2612 = EDGE_CURVE('',#2613,#2580,#2615,.T.);
#2613 = VERTEX_POINT('',#2614);
#2614 = CARTESIAN_POINT('',(-44.33095591972,42.068214219924,10.));
#2615 = SURFACE_CURVE('',#2616,(#2620,#2626),.PCURVE_S1.);
#2616 = LINE('',#2617,#2618);
#2617 = CARTESIAN_POINT('',(-44.33095591972,42.068214219924,0.));
#2618 = VECTOR('',#2619,1.);
#2619 = DIRECTION('',(-0.,-0.,-1.));
#2620 = PCURVE('',#1213,#2621);
#2621 = DEFINITIONAL_REPRESENTATION('',(#2622),#2625);
#2622 = B_SPLINE_CURVE_WITH_KNOTS('',1,(#2623,#2624),.UNSPECIFIED.,.F.,
  .F.,(2,2),(-10.,-2.),.PIECEWISE_BEZIER_KNOTS.);
#2623 = CARTESIAN_POINT('',(-8.896160629851,-10.));
#2624 = CARTESIAN_POINT('',(-8.896160629851,-2.));
#2625 = ( GEOMETRIC_REPRESENTATION_CONTEXT(2) 
PARAMETRIC_REPRESENTATION_CONTEXT() REPRESENTATION_CONTEXT('2D SPACE',''
  ) );
#2626 = PCURVE('',#2627,#2632);
#2627 = PLANE('',#2628);
#2628 = AXIS2_PLACEMENT_3D('',#2629,#2630,#2631);
#2629 = CARTESIAN_POINT('',(-44.47701653663,42.214274836837,2.));
#2630 = DIRECTION('',(0.707106781187,0.707106781187,0.));
#2631 = DIRECTION('',(0.,0.,1.));
#2632 = DEFINITIONAL_REPRESENTATION('',(#2633),#2636);
#2633 = B_SPLINE_CURVE_WITH_KNOTS('',1,(#2634,#2635),.UNSPECIFIED.,.F.,
  .F.,(2,2),(-10.0000006,-1.2),.PIECEWISE_BEZIER_KNOTS.);
#2634 = CARTESIAN_POINT('',(8.0000006,0.206560905367));
#2635 = CARTESIAN_POINT('',(-0.8,0.206560905367));
#2636 = ( GEOMETRIC_REPRESENTATION_CONTEXT(2) 
PARAMETRIC_REPRESENTATION_CONTEXT() REPRESENTATION_CONTEXT('2D SPACE',''
  ) );
#2637 = ORIENTED_EDGE('',*,*,#2638,.T.);
#2638 = EDGE_CURVE('',#2613,#2639,#2641,.T.);
#2639 = VERTEX_POINT('',#2640);
#2640 = CARTESIAN_POINT('',(-35.71353171059,33.4507900108,10.));
#2641 = SURFACE_CURVE('',#2642,(#2647,#2653),.PCURVE_S1.);
#2642 = CIRCLE('',#2643,6.3);
#2643 = AXIS2_PLACEMENT_3D('',#2644,#2645,#2646);
#2644 = CARTESIAN_POINT('',(-38.89087296526,38.89087296526,10.));
#2645 = DIRECTION('',(0.,0.,1.));
#2646 = DIRECTION('',(1.,0.,0.));
#2647 = PCURVE('',#1213,#2648);
#2648 = DEFINITIONAL_REPRESENTATION('',(#2649),#2652);
#2649 = B_SPLINE_CURVE_WITH_KNOTS('',1,(#2650,#2651),.UNSPECIFIED.,.F.,
  .F.,(2,2),(2.612975322671,5.241006311303),.PIECEWISE_BEZIER_KNOTS.);
#2650 = CARTESIAN_POINT('',(-8.896160629851,-10.));
#2651 = CARTESIAN_POINT('',(-11.52419161848,-10.));
#2652 = ( GEOMETRIC_REPRESENTATION_CONTEXT(2) 
PARAMETRIC_REPRESENTATION_CONTEXT() REPRESENTATION_CONTEXT('2D SPACE',''
  ) );
#2653 = PCURVE('',#2654,#2659);
#2654 = PLANE('',#2655);
#2655 = AXIS2_PLACEMENT_3D('',#2656,#2657,#2658);
#2656 = CARTESIAN_POINT('',(-38.89087296526,38.89087296526,10.));
#2657 = DIRECTION('',(0.,0.,1.));
#2658 = DIRECTION('',(1.,0.,-0.));
#2659 = DEFINITIONAL_REPRESENTATION('',(#2660),#2664);
#2660 = CIRCLE('',#2661,6.3);
#2661 = AXIS2_PLACEMENT_2D('',#2662,#2663);
#2662 = CARTESIAN_POINT('',(7.105427357601E-15,0.));
#2663 = DIRECTION('',(1.,0.));
#2664 = ( GEOMETRIC_REPRESENTATION_CONTEXT(2) 
PARAMETRIC_REPRESENTATION_CONTEXT() REPRESENTATION_CONTEXT('2D SPACE',''
  ) );
#2665 = ORIENTED_EDGE('',*,*,#2666,.T.);
#2666 = EDGE_CURVE('',#2639,#2667,#2669,.T.);
#2667 = VERTEX_POINT('',#2668);
#2668 = CARTESIAN_POINT('',(-35.71353171059,33.4507900108,4.));
#2669 = SURFACE_CURVE('',#2670,(#2674,#2680),.PCURVE_S1.);
#2670 = LINE('',#2671,#2672);
#2671 = CARTESIAN_POINT('',(-35.71353171059,33.4507900108,0.));
#2672 = VECTOR('',#2673,1.);
#2673 = DIRECTION('',(-0.,-0.,-1.));
#2674 = PCURVE('',#1213,#2675);
#2675 = DEFINITIONAL_REPRESENTATION('',(#2676),#2679);
#2676 = B_SPLINE_CURVE_WITH_KNOTS('',1,(#2677,#2678),.UNSPECIFIED.,.F.,
  .F.,(2,2),(-10.,-4.),.PIECEWISE_BEZIER_KNOTS.);
#2677 = CARTESIAN_POINT('',(-11.52419161848,-10.));
#2678 = CARTESIAN_POINT('',(-11.52419161848,-4.));
#2679 = ( GEOMETRIC_REPRESENTATION_CONTEXT(2) 
PARAMETRIC_REPRESENTATION_CONTEXT() REPRESENTATION_CONTEXT('2D SPACE',''
  ) );
#2680 = PCURVE('',#2627,#2681);
#2681 = DEFINITIONAL_REPRESENTATION('',(#2682),#2685);
#2682 = B_SPLINE_CURVE_WITH_KNOTS('',1,(#2683,#2684),.UNSPECIFIED.,.F.,
  .F.,(2,2),(-10.0000006,-1.2),.PIECEWISE_BEZIER_KNOTS.);
#2683 = CARTESIAN_POINT('',(8.0000006,12.393439094633));
#2684 = CARTESIAN_POINT('',(-0.8,12.393439094633));
#2685 = ( GEOMETRIC_REPRESENTATION_CONTEXT(2) 
PARAMETRIC_REPRESENTATION_CONTEXT() REPRESENTATION_CONTEXT('2D SPACE',''
  ) );
#2686 = ORIENTED_EDGE('',*,*,#2687,.T.);
#2687 = EDGE_CURVE('',#2667,#1862,#2688,.T.);
#2688 = SURFACE_CURVE('',#2689,(#2694,#2700),.PCURVE_S1.);
#2689 = CIRCLE('',#2690,6.3);
#2690 = AXIS2_PLACEMENT_3D('',#2691,#2692,#2693);
#2691 = CARTESIAN_POINT('',(-38.89087296526,38.89087296526,4.));
#2692 = DIRECTION('',(0.,0.,-1.));
#2693 = DIRECTION('',(1.,0.,0.));
#2694 = PCURVE('',#1213,#2695);
#2695 = DEFINITIONAL_REPRESENTATION('',(#2696),#2699);
#2696 = B_SPLINE_CURVE_WITH_KNOTS('',1,(#2697,#2698),.UNSPECIFIED.,.F.,
  .F.,(2,2),(1.042178995876,1.581001116882),.PIECEWISE_BEZIER_KNOTS.);
#2697 = CARTESIAN_POINT('',(-11.52419161848,-4.));
#2698 = CARTESIAN_POINT('',(-10.98536949747,-4.));
#2699 = ( GEOMETRIC_REPRESENTATION_CONTEXT(2) 
PARAMETRIC_REPRESENTATION_CONTEXT() REPRESENTATION_CONTEXT('2D SPACE',''
  ) );
#2700 = PCURVE('',#1823,#2701);
#2701 = DEFINITIONAL_REPRESENTATION('',(#2702),#2710);
#2702 = ( BOUNDED_CURVE() B_SPLINE_CURVE(2,(#2703,#2704,#2705,#2706,
#2707,#2708,#2709),.UNSPECIFIED.,.T.,.F.) B_SPLINE_CURVE_WITH_KNOTS((1,2
    ,2,2,2,1),(-2.094395102393,0.,2.094395102393,4.188790204786,
6.28318530718,8.377580409573),.UNSPECIFIED.) CURVE() 
GEOMETRIC_REPRESENTATION_ITEM() RATIONAL_B_SPLINE_CURVE((1.,0.5,1.,0.5,
1.,0.5,1.)) REPRESENTATION_ITEM('') );
#2703 = CARTESIAN_POINT('',(53.545227278525,4.522727852475E-02));
#2704 = CARTESIAN_POINT('',(45.829334588758,7.761119968292));
#2705 = CARTESIAN_POINT('',(56.369440015854,10.585332705621));
#2706 = CARTESIAN_POINT('',(66.90954544295,13.40954544295));
#2707 = CARTESIAN_POINT('',(64.085332705621,2.869440015854));
#2708 = CARTESIAN_POINT('',(61.261119968292,-7.670665411242));
#2709 = CARTESIAN_POINT('',(53.545227278525,4.522727852475E-02));
#2710 = ( GEOMETRIC_REPRESENTATION_CONTEXT(2) 
PARAMETRIC_REPRESENTATION_CONTEXT() REPRESENTATION_CONTEXT('2D SPACE',''
  ) );
#2711 = ORIENTED_EDGE('',*,*,#1884,.T.);
#2712 = ORIENTED_EDGE('',*,*,#1196,.F.);
#2713 = ADVANCED_FACE('',(#2714),#1184,.F.);
#2714 = FACE_BOUND('',#2715,.F.);
#2715 = EDGE_LOOP('',(#2716,#2717,#2738,#2764,#2785,#2806));
#2716 = ORIENTED_EDGE('',*,*,#1168,.F.);
#2717 = ORIENTED_EDGE('',*,*,#2718,.T.);
#2718 = EDGE_CURVE('',#1141,#2719,#2721,.T.);
#2719 = VERTEX_POINT('',#2720);
#2720 = CARTESIAN_POINT('',(-16.63603896932,23.,2.4));
#2721 = SURFACE_CURVE('',#2722,(#2726,#2732),.PCURVE_S1.);
#2722 = LINE('',#2723,#2724);
#2723 = CARTESIAN_POINT('',(-16.63603896932,23.,0.));
#2724 = VECTOR('',#2725,1.);
#2725 = DIRECTION('',(0.,-0.,1.));
#2726 = PCURVE('',#1184,#2727);
#2727 = DEFINITIONAL_REPRESENTATION('',(#2728),#2731);
#2728 = B_SPLINE_CURVE_WITH_KNOTS('',1,(#2729,#2730),.UNSPECIFIED.,.F.,
  .F.,(2,2),(0.,2.4),.PIECEWISE_BEZIER_KNOTS.);
#2729 = CARTESIAN_POINT('',(0.,31.026911934581));
#2730 = CARTESIAN_POINT('',(2.4,31.026911934581));
#2731 = ( GEOMETRIC_REPRESENTATION_CONTEXT(2) 
PARAMETRIC_REPRESENTATION_CONTEXT() REPRESENTATION_CONTEXT('2D SPACE',''
  ) );
#2732 = PCURVE('',#1156,#2733);
#2733 = DEFINITIONAL_REPRESENTATION('',(#2734),#2737);
#2734 = B_SPLINE_CURVE_WITH_KNOTS('',1,(#2735,#2736),.UNSPECIFIED.,.F.,
  .F.,(2,2),(0.,2.4),.PIECEWISE_BEZIER_KNOTS.);
#2735 = CARTESIAN_POINT('',(0.,14.363961030679));
#2736 = CARTESIAN_POINT('',(2.4,14.363961030679));
#2737 = ( GEOMETRIC_REPRESENTATION_CONTEXT(2) 
PARAMETRIC_REPRESENTATION_CONTEXT() REPRESENTATION_CONTEXT('2D SPACE',''
  ) );
#2738 = ORIENTED_EDGE('',*,*,#2739,.T.);
#2739 = EDGE_CURVE('',#2719,#2740,#2742,.T.);
#2740 = VERTEX_POINT('',#2741);
#2741 = CARTESIAN_POINT('',(0.,6.363961030679,2.4));
#2742 = SURFACE_CURVE('',#2743,(#2747,#2753),.PCURVE_S1.);
#2743 = LINE('',#2744,#2745);
#2744 = CARTESIAN_POINT('',(2.242640687119,4.12132034356,2.4));
#2745 = VECTOR('',#2746,1.);
#2746 = DIRECTION('',(0.707106781187,-0.707106781187,0.));
#2747 = PCURVE('',#1184,#2748);
#2748 = DEFINITIONAL_REPRESENTATION('',(#2749),#2752);
#2749 = B_SPLINE_CURVE_WITH_KNOTS('',1,(#2750,#2751),.UNSPECIFIED.,.F.,
  .F.,(2,2),(-26.69848480983,4.328427124746),.PIECEWISE_BEZIER_KNOTS.);
#2750 = CARTESIAN_POINT('',(2.4,31.026911934581));
#2751 = CARTESIAN_POINT('',(2.4,0.));
#2752 = ( GEOMETRIC_REPRESENTATION_CONTEXT(2) 
PARAMETRIC_REPRESENTATION_CONTEXT() REPRESENTATION_CONTEXT('2D SPACE',''
  ) );
#2753 = PCURVE('',#2754,#2759);
#2754 = PLANE('',#2755);
#2755 = AXIS2_PLACEMENT_3D('',#2756,#2757,#2758);
#2756 = CARTESIAN_POINT('',(-31.,-23.,2.4));
#2757 = DIRECTION('',(0.,0.,1.));
#2758 = DIRECTION('',(1.,0.,0.));
#2759 = DEFINITIONAL_REPRESENTATION('',(#2760),#2763);
#2760 = B_SPLINE_CURVE_WITH_KNOTS('',1,(#2761,#2762),.UNSPECIFIED.,.F.,
  .F.,(2,2),(-26.69848480983,4.328427124746),.PIECEWISE_BEZIER_KNOTS.);
#2761 = CARTESIAN_POINT('',(14.363961030679,46.));
#2762 = CARTESIAN_POINT('',(36.303300858899,24.06066017178));
#2763 = ( GEOMETRIC_REPRESENTATION_CONTEXT(2) 
PARAMETRIC_REPRESENTATION_CONTEXT() REPRESENTATION_CONTEXT('2D SPACE',''
  ) );
#2764 = ORIENTED_EDGE('',*,*,#2765,.T.);
#2765 = EDGE_CURVE('',#2740,#2766,#2768,.T.);
#2766 = VERTEX_POINT('',#2767);
#2767 = CARTESIAN_POINT('',(-4.440892098501E-16,6.363961030679,4.));
#2768 = SURFACE_CURVE('',#2769,(#2773,#2779),.PCURVE_S1.);
#2769 = LINE('',#2770,#2771);
#2770 = CARTESIAN_POINT('',(-8.881784197001E-16,6.363961030679,0.));
#2771 = VECTOR('',#2772,1.);
#2772 = DIRECTION('',(0.,0.,1.));
#2773 = PCURVE('',#1184,#2774);
#2774 = DEFINITIONAL_REPRESENTATION('',(#2775),#2778);
#2775 = B_SPLINE_CURVE_WITH_KNOTS('',1,(#2776,#2777),.UNSPECIFIED.,.F.,
  .F.,(2,2),(0.,4.),.PIECEWISE_BEZIER_KNOTS.);
#2776 = CARTESIAN_POINT('',(0.,7.5));
#2777 = CARTESIAN_POINT('',(4.,7.5));
#2778 = ( GEOMETRIC_REPRESENTATION_CONTEXT(2) 
PARAMETRIC_REPRESENTATION_CONTEXT() REPRESENTATION_CONTEXT('2D SPACE',''
  ) );
#2779 = PCURVE('',#1067,#2780);
#2780 = DEFINITIONAL_REPRESENTATION('',(#2781),#2784);
#2781 = B_SPLINE_CURVE_WITH_KNOTS('',1,(#2782,#2783),.UNSPECIFIED.,.F.,
  .F.,(2,2),(0.,4.),.PIECEWISE_BEZIER_KNOTS.);
#2782 = CARTESIAN_POINT('',(0.,7.5));
#2783 = CARTESIAN_POINT('',(4.,7.5));
#2784 = ( GEOMETRIC_REPRESENTATION_CONTEXT(2) 
PARAMETRIC_REPRESENTATION_CONTEXT() REPRESENTATION_CONTEXT('2D SPACE',''
  ) );
#2785 = ORIENTED_EDGE('',*,*,#2786,.T.);
#2786 = EDGE_CURVE('',#2766,#2455,#2787,.T.);
#2787 = SURFACE_CURVE('',#2788,(#2792,#2799),.PCURVE_S1.);
#2788 = LINE('',#2789,#2790);
#2789 = CARTESIAN_POINT('',(5.303300858899,1.06066017178,4.));
#2790 = VECTOR('',#2791,1.);
#2791 = DIRECTION('',(-0.707106781187,0.707106781187,0.));
#2792 = PCURVE('',#1184,#2793);
#2793 = DEFINITIONAL_REPRESENTATION('',(#2794),#2798);
#2794 = LINE('',#2795,#2796);
#2795 = CARTESIAN_POINT('',(4.,0.));
#2796 = VECTOR('',#2797,1.);
#2797 = DIRECTION('',(0.,1.));
#2798 = ( GEOMETRIC_REPRESENTATION_CONTEXT(2) 
PARAMETRIC_REPRESENTATION_CONTEXT() REPRESENTATION_CONTEXT('2D SPACE',''
  ) );
#2799 = PCURVE('',#1823,#2800);
#2800 = DEFINITIONAL_REPRESENTATION('',(#2801),#2805);
#2801 = LINE('',#2802,#2803);
#2802 = CARTESIAN_POINT('',(0.,0.));
#2803 = VECTOR('',#2804,1.);
#2804 = DIRECTION('',(1.,0.));
#2805 = ( GEOMETRIC_REPRESENTATION_CONTEXT(2) 
PARAMETRIC_REPRESENTATION_CONTEXT() REPRESENTATION_CONTEXT('2D SPACE',''
  ) );
#2806 = ORIENTED_EDGE('',*,*,#2454,.T.);
#2807 = ADVANCED_FACE('',(#2808),#1156,.T.);
#2808 = FACE_BOUND('',#2809,.T.);
#2809 = EDGE_LOOP('',(#2810,#2811,#2812,#2835));
#2810 = ORIENTED_EDGE('',*,*,#1140,.F.);
#2811 = ORIENTED_EDGE('',*,*,#2718,.T.);
#2812 = ORIENTED_EDGE('',*,*,#2813,.T.);
#2813 = EDGE_CURVE('',#2719,#2814,#2816,.T.);
#2814 = VERTEX_POINT('',#2815);
#2815 = CARTESIAN_POINT('',(-4.031128874149,23.,2.4));
#2816 = SURFACE_CURVE('',#2817,(#2821,#2828),.PCURVE_S1.);
#2817 = LINE('',#2818,#2819);
#2818 = CARTESIAN_POINT('',(-31.,23.,2.4));
#2819 = VECTOR('',#2820,1.);
#2820 = DIRECTION('',(1.,0.,0.));
#2821 = PCURVE('',#1156,#2822);
#2822 = DEFINITIONAL_REPRESENTATION('',(#2823),#2827);
#2823 = LINE('',#2824,#2825);
#2824 = CARTESIAN_POINT('',(2.4,0.));
#2825 = VECTOR('',#2826,1.);
#2826 = DIRECTION('',(0.,1.));
#2827 = ( GEOMETRIC_REPRESENTATION_CONTEXT(2) 
PARAMETRIC_REPRESENTATION_CONTEXT() REPRESENTATION_CONTEXT('2D SPACE',''
  ) );
#2828 = PCURVE('',#2754,#2829);
#2829 = DEFINITIONAL_REPRESENTATION('',(#2830),#2834);
#2830 = LINE('',#2831,#2832);
#2831 = CARTESIAN_POINT('',(0.,46.));
#2832 = VECTOR('',#2833,1.);
#2833 = DIRECTION('',(1.,0.));
#2834 = ( GEOMETRIC_REPRESENTATION_CONTEXT(2) 
PARAMETRIC_REPRESENTATION_CONTEXT() REPRESENTATION_CONTEXT('2D SPACE',''
  ) );
#2835 = ORIENTED_EDGE('',*,*,#2836,.T.);
#2836 = EDGE_CURVE('',#2814,#1108,#2837,.T.);
#2837 = SURFACE_CURVE('',#2838,(#2842,#2848),.PCURVE_S1.);
#2838 = LINE('',#2839,#2840);
#2839 = CARTESIAN_POINT('',(-4.031128874149,23.,-1.));
#2840 = VECTOR('',#2841,1.);
#2841 = DIRECTION('',(0.,-0.,-1.));
#2842 = PCURVE('',#1156,#2843);
#2843 = DEFINITIONAL_REPRESENTATION('',(#2844),#2847);
#2844 = B_SPLINE_CURVE_WITH_KNOTS('',1,(#2845,#2846),.UNSPECIFIED.,.F.,
  .F.,(2,2),(-3.64,-0.76),.PIECEWISE_BEZIER_KNOTS.);
#2845 = CARTESIAN_POINT('',(2.64,26.968871125851));
#2846 = CARTESIAN_POINT('',(-0.24,26.968871125851));
#2847 = ( GEOMETRIC_REPRESENTATION_CONTEXT(2) 
PARAMETRIC_REPRESENTATION_CONTEXT() REPRESENTATION_CONTEXT('2D SPACE',''
  ) );
#2848 = PCURVE('',#1128,#2849);
#2849 = DEFINITIONAL_REPRESENTATION('',(#2850),#2853);
#2850 = B_SPLINE_CURVE_WITH_KNOTS('',1,(#2851,#2852),.UNSPECIFIED.,.F.,
  .F.,(2,2),(-3.64,-0.76),.PIECEWISE_BEZIER_KNOTS.);
#2851 = CARTESIAN_POINT('',(-2.031350318476,-3.64));
#2852 = CARTESIAN_POINT('',(-2.031350318476,-0.76));
#2853 = ( GEOMETRIC_REPRESENTATION_CONTEXT(2) 
PARAMETRIC_REPRESENTATION_CONTEXT() REPRESENTATION_CONTEXT('2D SPACE',''
  ) );
#2854 = ADVANCED_FACE('',(#2855),#1128,.F.);
#2855 = FACE_BOUND('',#2856,.T.);
#2856 = EDGE_LOOP('',(#2857,#2878,#2879,#2880));
#2857 = ORIENTED_EDGE('',*,*,#2858,.T.);
#2858 = EDGE_CURVE('',#2859,#1080,#2861,.T.);
#2859 = VERTEX_POINT('',#2860);
#2860 = CARTESIAN_POINT('',(4.031128874149,23.,2.4));
#2861 = SURFACE_CURVE('',#2862,(#2866,#2872),.PCURVE_S1.);
#2862 = LINE('',#2863,#2864);
#2863 = CARTESIAN_POINT('',(4.031128874149,23.,-1.));
#2864 = VECTOR('',#2865,1.);
#2865 = DIRECTION('',(0.,-0.,-1.));
#2866 = PCURVE('',#1128,#2867);
#2867 = DEFINITIONAL_REPRESENTATION('',(#2868),#2871);
#2868 = B_SPLINE_CURVE_WITH_KNOTS('',1,(#2869,#2870),.UNSPECIFIED.,.F.,
  .F.,(2,2),(-3.64,-0.76),.PIECEWISE_BEZIER_KNOTS.);
#2869 = CARTESIAN_POINT('',(-4.251834988703,-3.64));
#2870 = CARTESIAN_POINT('',(-4.251834988703,-0.76));
#2871 = ( GEOMETRIC_REPRESENTATION_CONTEXT(2) 
PARAMETRIC_REPRESENTATION_CONTEXT() REPRESENTATION_CONTEXT('2D SPACE',''
  ) );
#2872 = PCURVE('',#1095,#2873);
#2873 = DEFINITIONAL_REPRESENTATION('',(#2874),#2877);
#2874 = B_SPLINE_CURVE_WITH_KNOTS('',1,(#2875,#2876),.UNSPECIFIED.,.F.,
  .F.,(2,2),(-3.64,-0.76),.PIECEWISE_BEZIER_KNOTS.);
#2875 = CARTESIAN_POINT('',(2.64,35.031128874149));
#2876 = CARTESIAN_POINT('',(-0.24,35.031128874149));
#2877 = ( GEOMETRIC_REPRESENTATION_CONTEXT(2) 
PARAMETRIC_REPRESENTATION_CONTEXT() REPRESENTATION_CONTEXT('2D SPACE',''
  ) );
#2878 = ORIENTED_EDGE('',*,*,#1107,.T.);
#2879 = ORIENTED_EDGE('',*,*,#2836,.F.);
#2880 = ORIENTED_EDGE('',*,*,#2881,.F.);
#2881 = EDGE_CURVE('',#2859,#2814,#2882,.T.);
#2882 = SURFACE_CURVE('',#2883,(#2888,#2895),.PCURVE_S1.);
#2883 = CIRCLE('',#2884,4.5);
#2884 = AXIS2_PLACEMENT_3D('',#2885,#2886,#2887);
#2885 = CARTESIAN_POINT('',(2.775557561563E-15,25.,2.4));
#2886 = DIRECTION('',(0.,0.,-1.));
#2887 = DIRECTION('',(1.110223024625E-16,1.,0.));
#2888 = PCURVE('',#1128,#2889);
#2889 = DEFINITIONAL_REPRESENTATION('',(#2890),#2894);
#2890 = LINE('',#2891,#2892);
#2891 = CARTESIAN_POINT('',(-6.28318530718,-3.4));
#2892 = VECTOR('',#2893,1.);
#2893 = DIRECTION('',(1.,-0.));
#2894 = ( GEOMETRIC_REPRESENTATION_CONTEXT(2) 
PARAMETRIC_REPRESENTATION_CONTEXT() REPRESENTATION_CONTEXT('2D SPACE',''
  ) );
#2895 = PCURVE('',#2754,#2896);
#2896 = DEFINITIONAL_REPRESENTATION('',(#2897),#2905);
#2897 = ( BOUNDED_CURVE() B_SPLINE_CURVE(2,(#2898,#2899,#2900,#2901,
#2902,#2903,#2904),.UNSPECIFIED.,.T.,.F.) B_SPLINE_CURVE_WITH_KNOTS((1,2
    ,2,2,2,1),(-2.094395102393,0.,2.094395102393,4.188790204786,
6.28318530718,8.377580409573),.UNSPECIFIED.) CURVE() 
GEOMETRIC_REPRESENTATION_ITEM() RATIONAL_B_SPLINE_CURVE((1.,0.5,1.,0.5,
1.,0.5,1.)) REPRESENTATION_ITEM('') );
#2898 = CARTESIAN_POINT('',(31.,52.5));
#2899 = CARTESIAN_POINT('',(38.79422863406,52.5));
#2900 = CARTESIAN_POINT('',(34.89711431703,45.75));
#2901 = CARTESIAN_POINT('',(31.,39.));
#2902 = CARTESIAN_POINT('',(27.10288568297,45.75));
#2903 = CARTESIAN_POINT('',(23.20577136594,52.5));
#2904 = CARTESIAN_POINT('',(31.,52.5));
#2905 = ( GEOMETRIC_REPRESENTATION_CONTEXT(2) 
PARAMETRIC_REPRESENTATION_CONTEXT() REPRESENTATION_CONTEXT('2D SPACE',''
  ) );
#2906 = ADVANCED_FACE('',(#2907),#1095,.T.);
#2907 = FACE_BOUND('',#2908,.T.);
#2908 = EDGE_LOOP('',(#2909,#2910,#2911,#2934));
#2909 = ORIENTED_EDGE('',*,*,#1079,.F.);
#2910 = ORIENTED_EDGE('',*,*,#2858,.F.);
#2911 = ORIENTED_EDGE('',*,*,#2912,.T.);
#2912 = EDGE_CURVE('',#2859,#2913,#2915,.T.);
#2913 = VERTEX_POINT('',#2914);
#2914 = CARTESIAN_POINT('',(16.636038969321,23.,2.4));
#2915 = SURFACE_CURVE('',#2916,(#2920,#2927),.PCURVE_S1.);
#2916 = LINE('',#2917,#2918);
#2917 = CARTESIAN_POINT('',(-31.,23.,2.4));
#2918 = VECTOR('',#2919,1.);
#2919 = DIRECTION('',(1.,0.,0.));
#2920 = PCURVE('',#1095,#2921);
#2921 = DEFINITIONAL_REPRESENTATION('',(#2922),#2926);
#2922 = LINE('',#2923,#2924);
#2923 = CARTESIAN_POINT('',(2.4,0.));
#2924 = VECTOR('',#2925,1.);
#2925 = DIRECTION('',(0.,1.));
#2926 = ( GEOMETRIC_REPRESENTATION_CONTEXT(2) 
PARAMETRIC_REPRESENTATION_CONTEXT() REPRESENTATION_CONTEXT('2D SPACE',''
  ) );
#2927 = PCURVE('',#2754,#2928);
#2928 = DEFINITIONAL_REPRESENTATION('',(#2929),#2933);
#2929 = LINE('',#2930,#2931);
#2930 = CARTESIAN_POINT('',(0.,46.));
#2931 = VECTOR('',#2932,1.);
#2932 = DIRECTION('',(1.,0.));
#2933 = ( GEOMETRIC_REPRESENTATION_CONTEXT(2) 
PARAMETRIC_REPRESENTATION_CONTEXT() REPRESENTATION_CONTEXT('2D SPACE',''
  ) );
#2934 = ORIENTED_EDGE('',*,*,#2935,.F.);
#2935 = EDGE_CURVE('',#1052,#2913,#2936,.T.);
#2936 = SURFACE_CURVE('',#2937,(#2941,#2947),.PCURVE_S1.);
#2937 = LINE('',#2938,#2939);
#2938 = CARTESIAN_POINT('',(16.636038969321,23.,0.));
#2939 = VECTOR('',#2940,1.);
#2940 = DIRECTION('',(0.,-0.,1.));
#2941 = PCURVE('',#1095,#2942);
#2942 = DEFINITIONAL_REPRESENTATION('',(#2943),#2946);
#2943 = B_SPLINE_CURVE_WITH_KNOTS('',1,(#2944,#2945),.UNSPECIFIED.,.F.,
  .F.,(2,2),(0.,2.4),.PIECEWISE_BEZIER_KNOTS.);
#2944 = CARTESIAN_POINT('',(0.,47.636038969321));
#2945 = CARTESIAN_POINT('',(2.4,47.636038969321));
#2946 = ( GEOMETRIC_REPRESENTATION_CONTEXT(2) 
PARAMETRIC_REPRESENTATION_CONTEXT() REPRESENTATION_CONTEXT('2D SPACE',''
  ) );
#2947 = PCURVE('',#1067,#2948);
#2948 = DEFINITIONAL_REPRESENTATION('',(#2949),#2952);
#2949 = B_SPLINE_CURVE_WITH_KNOTS('',1,(#2950,#2951),.UNSPECIFIED.,.F.,
  .F.,(2,2),(0.,2.4),.PIECEWISE_BEZIER_KNOTS.);
#2950 = CARTESIAN_POINT('',(0.,31.026911934581));
#2951 = CARTESIAN_POINT('',(2.4,31.026911934581));
#2952 = ( GEOMETRIC_REPRESENTATION_CONTEXT(2) 
PARAMETRIC_REPRESENTATION_CONTEXT() REPRESENTATION_CONTEXT('2D SPACE',''
  ) );
#2953 = ADVANCED_FACE('',(#2954),#1067,.T.);
#2954 = FACE_BOUND('',#2955,.T.);
#2955 = EDGE_LOOP('',(#2956,#2957,#2958,#2977,#2978,#3001));
#2956 = ORIENTED_EDGE('',*,*,#1051,.F.);
#2957 = ORIENTED_EDGE('',*,*,#2935,.T.);
#2958 = ORIENTED_EDGE('',*,*,#2959,.T.);
#2959 = EDGE_CURVE('',#2913,#2740,#2960,.T.);
#2960 = SURFACE_CURVE('',#2961,(#2965,#2971),.PCURVE_S1.);
#2961 = LINE('',#2962,#2963);
#2962 = CARTESIAN_POINT('',(-17.74264068711,-11.37867965644,2.4));
#2963 = VECTOR('',#2964,1.);
#2964 = DIRECTION('',(-0.707106781187,-0.707106781187,0.));
#2965 = PCURVE('',#1067,#2966);
#2966 = DEFINITIONAL_REPRESENTATION('',(#2967),#2970);
#2967 = B_SPLINE_CURVE_WITH_KNOTS('',1,(#2968,#2969),.UNSPECIFIED.,.F.,
  .F.,(2,2),(-48.61879502661,-17.59188309203),.PIECEWISE_BEZIER_KNOTS.);
#2968 = CARTESIAN_POINT('',(2.4,31.026911934581));
#2969 = CARTESIAN_POINT('',(2.4,0.));
#2970 = ( GEOMETRIC_REPRESENTATION_CONTEXT(2) 
PARAMETRIC_REPRESENTATION_CONTEXT() REPRESENTATION_CONTEXT('2D SPACE',''
  ) );
#2971 = PCURVE('',#2754,#2972);
#2972 = DEFINITIONAL_REPRESENTATION('',(#2973),#2976);
#2973 = B_SPLINE_CURVE_WITH_KNOTS('',1,(#2974,#2975),.UNSPECIFIED.,.F.,
  .F.,(2,2),(-48.61879502661,-17.59188309203),.PIECEWISE_BEZIER_KNOTS.);
#2974 = CARTESIAN_POINT('',(47.636038969321,46.));
#2975 = CARTESIAN_POINT('',(25.696699141101,24.06066017178));
#2976 = ( GEOMETRIC_REPRESENTATION_CONTEXT(2) 
PARAMETRIC_REPRESENTATION_CONTEXT() REPRESENTATION_CONTEXT('2D SPACE',''
  ) );
#2977 = ORIENTED_EDGE('',*,*,#2765,.T.);
#2978 = ORIENTED_EDGE('',*,*,#2979,.T.);
#2979 = EDGE_CURVE('',#2766,#2980,#2982,.T.);
#2980 = VERTEX_POINT('',#2981);
#2981 = CARTESIAN_POINT('',(32.591200996297,38.955162026976,4.));
#2982 = SURFACE_CURVE('',#2983,(#2987,#2994),.PCURVE_S1.);
#2983 = LINE('',#2984,#2985);
#2984 = CARTESIAN_POINT('',(-5.303300858899,1.06066017178,4.));
#2985 = VECTOR('',#2986,1.);
#2986 = DIRECTION('',(0.707106781187,0.707106781187,0.));
#2987 = PCURVE('',#1067,#2988);
#2988 = DEFINITIONAL_REPRESENTATION('',(#2989),#2993);
#2989 = LINE('',#2990,#2991);
#2990 = CARTESIAN_POINT('',(4.,0.));
#2991 = VECTOR('',#2992,1.);
#2992 = DIRECTION('',(0.,1.));
#2993 = ( GEOMETRIC_REPRESENTATION_CONTEXT(2) 
PARAMETRIC_REPRESENTATION_CONTEXT() REPRESENTATION_CONTEXT('2D SPACE',''
  ) );
#2994 = PCURVE('',#1823,#2995);
#2995 = DEFINITIONAL_REPRESENTATION('',(#2996),#3000);
#2996 = LINE('',#2997,#2998);
#2997 = CARTESIAN_POINT('',(7.5,7.5));
#2998 = VECTOR('',#2999,1.);
#2999 = DIRECTION('',(0.,-1.));
#3000 = ( GEOMETRIC_REPRESENTATION_CONTEXT(2) 
PARAMETRIC_REPRESENTATION_CONTEXT() REPRESENTATION_CONTEXT('2D SPACE',''
  ) );
#3001 = ORIENTED_EDGE('',*,*,#3002,.T.);
#3002 = EDGE_CURVE('',#2980,#1019,#3003,.T.);
#3003 = SURFACE_CURVE('',#3004,(#3008,#3014),.PCURVE_S1.);
#3004 = LINE('',#3005,#3006);
#3005 = CARTESIAN_POINT('',(32.591200996297,38.955162026976,0.));
#3006 = VECTOR('',#3007,1.);
#3007 = DIRECTION('',(-0.,-0.,-1.));
#3008 = PCURVE('',#1067,#3009);
#3009 = DEFINITIONAL_REPRESENTATION('',(#3010),#3013);
#3010 = B_SPLINE_CURVE_WITH_KNOTS('',1,(#3011,#3012),.UNSPECIFIED.,.F.,
  .F.,(2,2),(-4.4,6.E-07),.PIECEWISE_BEZIER_KNOTS.);
#3011 = CARTESIAN_POINT('',(4.4,53.59091846299));
#3012 = CARTESIAN_POINT('',(-6.E-07,53.59091846299));
#3013 = ( GEOMETRIC_REPRESENTATION_CONTEXT(2) 
PARAMETRIC_REPRESENTATION_CONTEXT() REPRESENTATION_CONTEXT('2D SPACE',''
  ) );
#3014 = PCURVE('',#1039,#3015);
#3015 = DEFINITIONAL_REPRESENTATION('',(#3016),#3019);
#3016 = B_SPLINE_CURVE_WITH_KNOTS('',1,(#3017,#3018),.UNSPECIFIED.,.F.,
  .F.,(2,2),(-4.,0.),.PIECEWISE_BEZIER_KNOTS.);
#3017 = CARTESIAN_POINT('',(-9.414573170682,-4.));
#3018 = CARTESIAN_POINT('',(-9.414573170682,0.));
#3019 = ( GEOMETRIC_REPRESENTATION_CONTEXT(2) 
PARAMETRIC_REPRESENTATION_CONTEXT() REPRESENTATION_CONTEXT('2D SPACE',''
  ) );
#3020 = ADVANCED_FACE('',(#3021),#1039,.T.);
#3021 = FACE_BOUND('',#3022,.F.);
#3022 = EDGE_LOOP('',(#3023,#3058,#3084,#3117,#3143,#3171,#3192,#3217,
    #3218,#3219,#3240,#3267));
#3023 = ORIENTED_EDGE('',*,*,#3024,.F.);
#3024 = EDGE_CURVE('',#3025,#3027,#3029,.T.);
#3025 = VERTEX_POINT('',#3026);
#3026 = CARTESIAN_POINT('',(44.330955919721,42.068214219924,10.));
#3027 = VERTEX_POINT('',#3028);
#3028 = CARTESIAN_POINT('',(35.713531710597,33.4507900108,10.));
#3029 = SURFACE_CURVE('',#3030,(#3035,#3042),.PCURVE_S1.);
#3030 = CIRCLE('',#3031,6.3);
#3031 = AXIS2_PLACEMENT_3D('',#3032,#3033,#3034);
#3032 = CARTESIAN_POINT('',(38.89087296526,38.89087296526,10.));
#3033 = DIRECTION('',(0.,0.,-1.));
#3034 = DIRECTION('',(0.863505230867,0.504339881693,0.));
#3035 = PCURVE('',#1039,#3036);
#3036 = DEFINITIONAL_REPRESENTATION('',(#3037),#3041);
#3037 = LINE('',#3038,#3039);
#3038 = CARTESIAN_POINT('',(-6.811802638098,-10.));
#3039 = VECTOR('',#3040,1.);
#3040 = DIRECTION('',(1.,-0.));
#3041 = ( GEOMETRIC_REPRESENTATION_CONTEXT(2) 
PARAMETRIC_REPRESENTATION_CONTEXT() REPRESENTATION_CONTEXT('2D SPACE',''
  ) );
#3042 = PCURVE('',#3043,#3048);
#3043 = PLANE('',#3044);
#3044 = AXIS2_PLACEMENT_3D('',#3045,#3046,#3047);
#3045 = CARTESIAN_POINT('',(38.89087296526,38.89087296526,10.));
#3046 = DIRECTION('',(0.,0.,1.));
#3047 = DIRECTION('',(1.,0.,-0.));
#3048 = DEFINITIONAL_REPRESENTATION('',(#3049),#3057);
#3049 = ( BOUNDED_CURVE() B_SPLINE_CURVE(2,(#3050,#3051,#3052,#3053,
#3054,#3055,#3056),.UNSPECIFIED.,.T.,.F.) B_SPLINE_CURVE_WITH_KNOTS((1,2
    ,2,2,2,1),(-2.094395102393,0.,2.094395102393,4.188790204786,
6.28318530718,8.377580409573),.UNSPECIFIED.) CURVE() 
GEOMETRIC_REPRESENTATION_ITEM() RATIONAL_B_SPLINE_CURVE((1.,0.5,1.,0.5,
1.,0.5,1.)) REPRESENTATION_ITEM('') );
#3050 = CARTESIAN_POINT('',(5.440082954461,3.177341254664));
#3051 = CARTESIAN_POINT('',(10.943399440523,-6.245158819852));
#3052 = CARTESIAN_POINT('',(3.161676580071E-02,-6.299920664589));
#3053 = CARTESIAN_POINT('',(-10.88016590892,-6.354682509327));
#3054 = CARTESIAN_POINT('',(-5.471699720261,3.122579409926));
#3055 = CARTESIAN_POINT('',(-6.323353160141E-02,12.599841329179));
#3056 = CARTESIAN_POINT('',(5.440082954461,3.177341254664));
#3057 = ( GEOMETRIC_REPRESENTATION_CONTEXT(2) 
PARAMETRIC_REPRESENTATION_CONTEXT() REPRESENTATION_CONTEXT('2D SPACE',''
  ) );
#3058 = ORIENTED_EDGE('',*,*,#3059,.T.);
#3059 = EDGE_CURVE('',#3025,#3060,#3062,.T.);
#3060 = VERTEX_POINT('',#3061);
#3061 = CARTESIAN_POINT('',(44.330955919721,42.068214219924,2.));
#3062 = SURFACE_CURVE('',#3063,(#3067,#3073),.PCURVE_S1.);
#3063 = LINE('',#3064,#3065);
#3064 = CARTESIAN_POINT('',(44.330955919721,42.068214219924,0.));
#3065 = VECTOR('',#3066,1.);
#3066 = DIRECTION('',(-0.,-0.,-1.));
#3067 = PCURVE('',#1039,#3068);
#3068 = DEFINITIONAL_REPRESENTATION('',(#3069),#3072);
#3069 = B_SPLINE_CURVE_WITH_KNOTS('',1,(#3070,#3071),.UNSPECIFIED.,.F.,
  .F.,(2,2),(-10.,-2.),.PIECEWISE_BEZIER_KNOTS.);
#3070 = CARTESIAN_POINT('',(-6.811802638098,-10.));
#3071 = CARTESIAN_POINT('',(-6.811802638098,-2.));
#3072 = ( GEOMETRIC_REPRESENTATION_CONTEXT(2) 
PARAMETRIC_REPRESENTATION_CONTEXT() REPRESENTATION_CONTEXT('2D SPACE',''
  ) );
#3073 = PCURVE('',#3074,#3079);
#3074 = PLANE('',#3075);
#3075 = AXIS2_PLACEMENT_3D('',#3076,#3077,#3078);
#3076 = CARTESIAN_POINT('',(44.477016536634,42.214274836837,2.));
#3077 = DIRECTION('',(0.707106781187,-0.707106781187,0.));
#3078 = DIRECTION('',(0.,0.,1.));
#3079 = DEFINITIONAL_REPRESENTATION('',(#3080),#3083);
#3080 = B_SPLINE_CURVE_WITH_KNOTS('',1,(#3081,#3082),.UNSPECIFIED.,.F.,
  .F.,(2,2),(-10.0000006,-1.2),.PIECEWISE_BEZIER_KNOTS.);
#3081 = CARTESIAN_POINT('',(8.0000006,0.206560905367));
#3082 = CARTESIAN_POINT('',(-0.8,0.206560905367));
#3083 = ( GEOMETRIC_REPRESENTATION_CONTEXT(2) 
PARAMETRIC_REPRESENTATION_CONTEXT() REPRESENTATION_CONTEXT('2D SPACE',''
  ) );
#3084 = ORIENTED_EDGE('',*,*,#3085,.F.);
#3085 = EDGE_CURVE('',#3086,#3060,#3088,.T.);
#3086 = VERTEX_POINT('',#3087);
#3087 = CARTESIAN_POINT('',(42.068214219924,44.330955919721,2.));
#3088 = SURFACE_CURVE('',#3089,(#3094,#3101),.PCURVE_S1.);
#3089 = CIRCLE('',#3090,6.3);
#3090 = AXIS2_PLACEMENT_3D('',#3091,#3092,#3093);
#3091 = CARTESIAN_POINT('',(38.89087296526,38.89087296526,2.));
#3092 = DIRECTION('',(0.,0.,-1.));
#3093 = DIRECTION('',(0.504339881693,0.863505230867,0.));
#3094 = PCURVE('',#1039,#3095);
#3095 = DEFINITIONAL_REPRESENTATION('',(#3096),#3100);
#3096 = LINE('',#3097,#3098);
#3097 = CARTESIAN_POINT('',(-7.325364303056,-2.));
#3098 = VECTOR('',#3099,1.);
#3099 = DIRECTION('',(1.,-0.));
#3100 = ( GEOMETRIC_REPRESENTATION_CONTEXT(2) 
PARAMETRIC_REPRESENTATION_CONTEXT() REPRESENTATION_CONTEXT('2D SPACE',''
  ) );
#3101 = PCURVE('',#3102,#3107);
#3102 = PLANE('',#3103);
#3103 = AXIS2_PLACEMENT_3D('',#3104,#3105,#3106);
#3104 = CARTESIAN_POINT('',(42.214274836837,44.477016536634,2.));
#3105 = DIRECTION('',(0.,0.,1.));
#3106 = DIRECTION('',(-0.707106781187,-0.707106781187,0.));
#3107 = DEFINITIONAL_REPRESENTATION('',(#3108),#3116);
#3108 = ( BOUNDED_CURVE() B_SPLINE_CURVE(2,(#3109,#3110,#3111,#3112,
#3113,#3114,#3115),.UNSPECIFIED.,.T.,.F.) B_SPLINE_CURVE_WITH_KNOTS((1,2
    ,2,2,2,1),(-2.094395102393,0.,2.094395102393,4.188790204786,
6.28318530718,8.377580409573),.UNSPECIFIED.) CURVE() 
GEOMETRIC_REPRESENTATION_ITEM() RATIONAL_B_SPLINE_CURVE((1.,0.5,1.,0.5,
1.,0.5,1.)) REPRESENTATION_ITEM('') );
#3109 = CARTESIAN_POINT('',(0.206560905367,8.437694987151E-15));
#3110 = CARTESIAN_POINT('',(-2.564720386743,10.554146104731));
#3111 = CARTESIAN_POINT('',(7.961078901261,7.677073052365));
#3112 = CARTESIAN_POINT('',(18.486878189266,4.8));
#3113 = CARTESIAN_POINT('',(10.732360193372,-2.877073052365));
#3114 = CARTESIAN_POINT('',(2.977842197477,-10.55414610473));
#3115 = CARTESIAN_POINT('',(0.206560905367,8.437694987151E-15));
#3116 = ( GEOMETRIC_REPRESENTATION_CONTEXT(2) 
PARAMETRIC_REPRESENTATION_CONTEXT() REPRESENTATION_CONTEXT('2D SPACE',''
  ) );
#3117 = ORIENTED_EDGE('',*,*,#3118,.F.);
#3118 = EDGE_CURVE('',#3119,#3086,#3121,.T.);
#3119 = VERTEX_POINT('',#3120);
#3120 = CARTESIAN_POINT('',(42.068214219924,44.330955919721,10.));
#3121 = SURFACE_CURVE('',#3122,(#3126,#3132),.PCURVE_S1.);
#3122 = LINE('',#3123,#3124);
#3123 = CARTESIAN_POINT('',(42.068214219924,44.330955919721,0.));
#3124 = VECTOR('',#3125,1.);
#3125 = DIRECTION('',(-0.,-0.,-1.));
#3126 = PCURVE('',#1039,#3127);
#3127 = DEFINITIONAL_REPRESENTATION('',(#3128),#3131);
#3128 = B_SPLINE_CURVE_WITH_KNOTS('',1,(#3129,#3130),.UNSPECIFIED.,.F.,
  .F.,(2,2),(-10.,-2.),.PIECEWISE_BEZIER_KNOTS.);
#3129 = CARTESIAN_POINT('',(-7.325364303056,-10.));
#3130 = CARTESIAN_POINT('',(-7.325364303056,-2.));
#3131 = ( GEOMETRIC_REPRESENTATION_CONTEXT(2) 
PARAMETRIC_REPRESENTATION_CONTEXT() REPRESENTATION_CONTEXT('2D SPACE',''
  ) );
#3132 = PCURVE('',#3133,#3138);
#3133 = PLANE('',#3134);
#3134 = AXIS2_PLACEMENT_3D('',#3135,#3136,#3137);
#3135 = CARTESIAN_POINT('',(42.214274836837,44.477016536634,2.));
#3136 = DIRECTION('',(0.707106781187,-0.707106781187,0.));
#3137 = DIRECTION('',(0.,0.,1.));
#3138 = DEFINITIONAL_REPRESENTATION('',(#3139),#3142);
#3139 = B_SPLINE_CURVE_WITH_KNOTS('',1,(#3140,#3141),.UNSPECIFIED.,.F.,
  .F.,(2,2),(-10.0000006,-1.2),.PIECEWISE_BEZIER_KNOTS.);
#3140 = CARTESIAN_POINT('',(8.0000006,0.206560905367));
#3141 = CARTESIAN_POINT('',(-0.8,0.206560905367));
#3142 = ( GEOMETRIC_REPRESENTATION_CONTEXT(2) 
PARAMETRIC_REPRESENTATION_CONTEXT() REPRESENTATION_CONTEXT('2D SPACE',''
  ) );
#3143 = ORIENTED_EDGE('',*,*,#3144,.T.);
#3144 = EDGE_CURVE('',#3119,#3145,#3147,.T.);
#3145 = VERTEX_POINT('',#3146);
#3146 = CARTESIAN_POINT('',(33.4507900108,35.713531710596,10.));
#3147 = SURFACE_CURVE('',#3148,(#3153,#3159),.PCURVE_S1.);
#3148 = CIRCLE('',#3149,6.3);
#3149 = AXIS2_PLACEMENT_3D('',#3150,#3151,#3152);
#3150 = CARTESIAN_POINT('',(38.89087296526,38.89087296526,10.));
#3151 = DIRECTION('',(0.,0.,1.));
#3152 = DIRECTION('',(1.,0.,0.));
#3153 = PCURVE('',#1039,#3154);
#3154 = DEFINITIONAL_REPRESENTATION('',(#3155),#3158);
#3155 = B_SPLINE_CURVE_WITH_KNOTS('',1,(#3156,#3157),.UNSPECIFIED.,.F.,
  .F.,(2,2),(1.042178995876,3.670209984508),.PIECEWISE_BEZIER_KNOTS.);
#3156 = CARTESIAN_POINT('',(-7.325364303056,-10.));
#3157 = CARTESIAN_POINT('',(-9.953395291688,-10.));
#3158 = ( GEOMETRIC_REPRESENTATION_CONTEXT(2) 
PARAMETRIC_REPRESENTATION_CONTEXT() REPRESENTATION_CONTEXT('2D SPACE',''
  ) );
#3159 = PCURVE('',#3160,#3165);
#3160 = PLANE('',#3161);
#3161 = AXIS2_PLACEMENT_3D('',#3162,#3163,#3164);
#3162 = CARTESIAN_POINT('',(38.89087296526,38.89087296526,10.));
#3163 = DIRECTION('',(0.,0.,1.));
#3164 = DIRECTION('',(1.,0.,-0.));
#3165 = DEFINITIONAL_REPRESENTATION('',(#3166),#3170);
#3166 = CIRCLE('',#3167,6.3);
#3167 = AXIS2_PLACEMENT_2D('',#3168,#3169);
#3168 = CARTESIAN_POINT('',(7.105427357601E-15,0.));
#3169 = DIRECTION('',(1.,0.));
#3170 = ( GEOMETRIC_REPRESENTATION_CONTEXT(2) 
PARAMETRIC_REPRESENTATION_CONTEXT() REPRESENTATION_CONTEXT('2D SPACE',''
  ) );
#3171 = ORIENTED_EDGE('',*,*,#3172,.T.);
#3172 = EDGE_CURVE('',#3145,#3173,#3175,.T.);
#3173 = VERTEX_POINT('',#3174);
#3174 = CARTESIAN_POINT('',(33.4507900108,35.713531710596,4.));
#3175 = SURFACE_CURVE('',#3176,(#3180,#3186),.PCURVE_S1.);
#3176 = LINE('',#3177,#3178);
#3177 = CARTESIAN_POINT('',(33.4507900108,35.713531710596,0.));
#3178 = VECTOR('',#3179,1.);
#3179 = DIRECTION('',(-0.,-0.,-1.));
#3180 = PCURVE('',#1039,#3181);
#3181 = DEFINITIONAL_REPRESENTATION('',(#3182),#3185);
#3182 = B_SPLINE_CURVE_WITH_KNOTS('',1,(#3183,#3184),.UNSPECIFIED.,.F.,
  .F.,(2,2),(-10.,-4.),.PIECEWISE_BEZIER_KNOTS.);
#3183 = CARTESIAN_POINT('',(-9.953395291688,-10.));
#3184 = CARTESIAN_POINT('',(-9.953395291688,-4.));
#3185 = ( GEOMETRIC_REPRESENTATION_CONTEXT(2) 
PARAMETRIC_REPRESENTATION_CONTEXT() REPRESENTATION_CONTEXT('2D SPACE',''
  ) );
#3186 = PCURVE('',#3133,#3187);
#3187 = DEFINITIONAL_REPRESENTATION('',(#3188),#3191);
#3188 = B_SPLINE_CURVE_WITH_KNOTS('',1,(#3189,#3190),.UNSPECIFIED.,.F.,
  .F.,(2,2),(-10.0000006,-1.2),.PIECEWISE_BEZIER_KNOTS.);
#3189 = CARTESIAN_POINT('',(8.0000006,12.393439094633));
#3190 = CARTESIAN_POINT('',(-0.8,12.393439094633));
#3191 = ( GEOMETRIC_REPRESENTATION_CONTEXT(2) 
PARAMETRIC_REPRESENTATION_CONTEXT() REPRESENTATION_CONTEXT('2D SPACE',''
  ) );
#3192 = ORIENTED_EDGE('',*,*,#3193,.T.);
#3193 = EDGE_CURVE('',#3173,#2980,#3194,.T.);
#3194 = SURFACE_CURVE('',#3195,(#3200,#3206),.PCURVE_S1.);
#3195 = CIRCLE('',#3196,6.3);
#3196 = AXIS2_PLACEMENT_3D('',#3197,#3198,#3199);
#3197 = CARTESIAN_POINT('',(38.89087296526,38.89087296526,4.));
#3198 = DIRECTION('',(0.,0.,-1.));
#3199 = DIRECTION('',(1.,0.,0.));
#3200 = PCURVE('',#1039,#3201);
#3201 = DEFINITIONAL_REPRESENTATION('',(#3202),#3205);
#3202 = B_SPLINE_CURVE_WITH_KNOTS('',1,(#3203,#3204),.UNSPECIFIED.,.F.,
  .F.,(2,2),(2.612975322671,3.151797443677),.PIECEWISE_BEZIER_KNOTS.);
#3203 = CARTESIAN_POINT('',(-9.953395291688,-4.));
#3204 = CARTESIAN_POINT('',(-9.414573170682,-4.));
#3205 = ( GEOMETRIC_REPRESENTATION_CONTEXT(2) 
PARAMETRIC_REPRESENTATION_CONTEXT() REPRESENTATION_CONTEXT('2D SPACE',''
  ) );
#3206 = PCURVE('',#1823,#3207);
#3207 = DEFINITIONAL_REPRESENTATION('',(#3208),#3216);
#3208 = ( BOUNDED_CURVE() B_SPLINE_CURVE(2,(#3209,#3210,#3211,#3212,
#3213,#3214,#3215),.UNSPECIFIED.,.T.,.F.) B_SPLINE_CURVE_WITH_KNOTS((1,2
    ,2,2,2,1),(-2.094395102393,0.,2.094395102393,4.188790204786,
6.28318530718,8.377580409573),.UNSPECIFIED.) CURVE() 
GEOMETRIC_REPRESENTATION_ITEM() RATIONAL_B_SPLINE_CURVE((1.,0.5,1.,0.5,
1.,0.5,1.)) REPRESENTATION_ITEM('') );
#3209 = CARTESIAN_POINT('',(-1.454772721475,-54.95477272147));
#3210 = CARTESIAN_POINT('',(-9.170665411242,-47.2388800317));
#3211 = CARTESIAN_POINT('',(1.369440015854,-44.41466729437));
#3212 = CARTESIAN_POINT('',(11.90954544295,-41.59045455704));
#3213 = CARTESIAN_POINT('',(9.085332705621,-52.13055998414));
#3214 = CARTESIAN_POINT('',(6.261119968292,-62.67066541124));
#3215 = CARTESIAN_POINT('',(-1.454772721475,-54.95477272147));
#3216 = ( GEOMETRIC_REPRESENTATION_CONTEXT(2) 
PARAMETRIC_REPRESENTATION_CONTEXT() REPRESENTATION_CONTEXT('2D SPACE',''
  ) );
#3217 = ORIENTED_EDGE('',*,*,#3002,.T.);
#3218 = ORIENTED_EDGE('',*,*,#1018,.T.);
#3219 = ORIENTED_EDGE('',*,*,#3220,.F.);
#3220 = EDGE_CURVE('',#3221,#991,#3223,.T.);
#3221 = VERTEX_POINT('',#3222);
#3222 = CARTESIAN_POINT('',(38.955162026976,32.591200996297,4.));
#3223 = SURFACE_CURVE('',#3224,(#3228,#3234),.PCURVE_S1.);
#3224 = LINE('',#3225,#3226);
#3225 = CARTESIAN_POINT('',(38.955162026976,32.591200996297,0.));
#3226 = VECTOR('',#3227,1.);
#3227 = DIRECTION('',(-0.,-0.,-1.));
#3228 = PCURVE('',#1039,#3229);
#3229 = DEFINITIONAL_REPRESENTATION('',(#3230),#3233);
#3230 = B_SPLINE_CURVE_WITH_KNOTS('',1,(#3231,#3232),.UNSPECIFIED.,.F.,
  .F.,(2,2),(-4.,0.),.PIECEWISE_BEZIER_KNOTS.);
#3231 = CARTESIAN_POINT('',(-4.722593770472,-4.));
#3232 = CARTESIAN_POINT('',(-4.722593770472,0.));
#3233 = ( GEOMETRIC_REPRESENTATION_CONTEXT(2) 
PARAMETRIC_REPRESENTATION_CONTEXT() REPRESENTATION_CONTEXT('2D SPACE',''
  ) );
#3234 = PCURVE('',#1006,#3235);
#3235 = DEFINITIONAL_REPRESENTATION('',(#3236),#3239);
#3236 = B_SPLINE_CURVE_WITH_KNOTS('',1,(#3237,#3238),.UNSPECIFIED.,.F.,
  .F.,(2,2),(-4.4,6.E-07),.PIECEWISE_BEZIER_KNOTS.);
#3237 = CARTESIAN_POINT('',(4.4,53.59091846299));
#3238 = CARTESIAN_POINT('',(-6.E-07,53.59091846299));
#3239 = ( GEOMETRIC_REPRESENTATION_CONTEXT(2) 
PARAMETRIC_REPRESENTATION_CONTEXT() REPRESENTATION_CONTEXT('2D SPACE',''
  ) );
#3240 = ORIENTED_EDGE('',*,*,#3241,.T.);
#3241 = EDGE_CURVE('',#3221,#3242,#3244,.T.);
#3242 = VERTEX_POINT('',#3243);
#3243 = CARTESIAN_POINT('',(35.713531710596,33.4507900108,4.));
#3244 = SURFACE_CURVE('',#3245,(#3250,#3256),.PCURVE_S1.);
#3245 = CIRCLE('',#3246,6.3);
#3246 = AXIS2_PLACEMENT_3D('',#3247,#3248,#3249);
#3247 = CARTESIAN_POINT('',(38.89087296526,38.89087296526,4.));
#3248 = DIRECTION('',(0.,0.,-1.));
#3249 = DIRECTION('',(1.,0.,0.));
#3250 = PCURVE('',#1039,#3251);
#3251 = DEFINITIONAL_REPRESENTATION('',(#3252),#3255);
#3252 = B_SPLINE_CURVE_WITH_KNOTS('',1,(#3253,#3254),.UNSPECIFIED.,.F.,
  .F.,(2,2),(1.560591536708,2.099413657713),.PIECEWISE_BEZIER_KNOTS.);
#3253 = CARTESIAN_POINT('',(-4.722593770472,-4.));
#3254 = CARTESIAN_POINT('',(-4.183771649466,-4.));
#3255 = ( GEOMETRIC_REPRESENTATION_CONTEXT(2) 
PARAMETRIC_REPRESENTATION_CONTEXT() REPRESENTATION_CONTEXT('2D SPACE',''
  ) );
#3256 = PCURVE('',#1823,#3257);
#3257 = DEFINITIONAL_REPRESENTATION('',(#3258),#3266);
#3258 = ( BOUNDED_CURVE() B_SPLINE_CURVE(2,(#3259,#3260,#3261,#3262,
#3263,#3264,#3265),.UNSPECIFIED.,.T.,.F.) B_SPLINE_CURVE_WITH_KNOTS((1,2
    ,2,2,2,1),(-2.094395102393,0.,2.094395102393,4.188790204786,
6.28318530718,8.377580409573),.UNSPECIFIED.) CURVE() 
GEOMETRIC_REPRESENTATION_ITEM() RATIONAL_B_SPLINE_CURVE((1.,0.5,1.,0.5,
1.,0.5,1.)) REPRESENTATION_ITEM('') );
#3259 = CARTESIAN_POINT('',(-1.454772721475,-54.95477272147));
#3260 = CARTESIAN_POINT('',(-9.170665411242,-47.2388800317));
#3261 = CARTESIAN_POINT('',(1.369440015854,-44.41466729437));
#3262 = CARTESIAN_POINT('',(11.90954544295,-41.59045455704));
#3263 = CARTESIAN_POINT('',(9.085332705621,-52.13055998414));
#3264 = CARTESIAN_POINT('',(6.261119968292,-62.67066541124));
#3265 = CARTESIAN_POINT('',(-1.454772721475,-54.95477272147));
#3266 = ( GEOMETRIC_REPRESENTATION_CONTEXT(2) 
PARAMETRIC_REPRESENTATION_CONTEXT() REPRESENTATION_CONTEXT('2D SPACE',''
  ) );
#3267 = ORIENTED_EDGE('',*,*,#3268,.F.);
#3268 = EDGE_CURVE('',#3027,#3242,#3269,.T.);
#3269 = SURFACE_CURVE('',#3270,(#3274,#3280),.PCURVE_S1.);
#3270 = LINE('',#3271,#3272);
#3271 = CARTESIAN_POINT('',(35.713531710596,33.4507900108,0.));
#3272 = VECTOR('',#3273,1.);
#3273 = DIRECTION('',(-0.,-0.,-1.));
#3274 = PCURVE('',#1039,#3275);
#3275 = DEFINITIONAL_REPRESENTATION('',(#3276),#3279);
#3276 = B_SPLINE_CURVE_WITH_KNOTS('',1,(#3277,#3278),.UNSPECIFIED.,.F.,
  .F.,(2,2),(-10.,-4.),.PIECEWISE_BEZIER_KNOTS.);
#3277 = CARTESIAN_POINT('',(-4.183771649466,-10.));
#3278 = CARTESIAN_POINT('',(-4.183771649466,-4.));
#3279 = ( GEOMETRIC_REPRESENTATION_CONTEXT(2) 
PARAMETRIC_REPRESENTATION_CONTEXT() REPRESENTATION_CONTEXT('2D SPACE',''
  ) );
#3280 = PCURVE('',#3074,#3281);
#3281 = DEFINITIONAL_REPRESENTATION('',(#3282),#3285);
#3282 = B_SPLINE_CURVE_WITH_KNOTS('',1,(#3283,#3284),.UNSPECIFIED.,.F.,
  .F.,(2,2),(-10.0000006,-1.2),.PIECEWISE_BEZIER_KNOTS.);
#3283 = CARTESIAN_POINT('',(8.0000006,12.393439094633));
#3284 = CARTESIAN_POINT('',(-0.8,12.393439094633));
#3285 = ( GEOMETRIC_REPRESENTATION_CONTEXT(2) 
PARAMETRIC_REPRESENTATION_CONTEXT() REPRESENTATION_CONTEXT('2D SPACE',''
  ) );
#3286 = ADVANCED_FACE('',(#3287),#1006,.F.);
#3287 = FACE_BOUND('',#3288,.F.);
#3288 = EDGE_LOOP('',(#3289,#3290,#3312,#3340,#3361,#3382));
#3289 = ORIENTED_EDGE('',*,*,#990,.F.);
#3290 = ORIENTED_EDGE('',*,*,#3291,.T.);
#3291 = EDGE_CURVE('',#962,#3292,#3294,.T.);
#3292 = VERTEX_POINT('',#3293);
#3293 = CARTESIAN_POINT('',(28.889533676907,22.525572646228,2.4));
#3294 = SURFACE_CURVE('',#3295,(#3299,#3306),.PCURVE_S1.);
#3295 = LINE('',#3296,#3297);
#3296 = CARTESIAN_POINT('',(28.889533676907,22.525572646228,0.));
#3297 = VECTOR('',#3298,1.);
#3298 = DIRECTION('',(0.,0.,1.));
#3299 = PCURVE('',#1006,#3300);
#3300 = DEFINITIONAL_REPRESENTATION('',(#3301),#3305);
#3301 = LINE('',#3302,#3303);
#3302 = CARTESIAN_POINT('',(0.,39.355970336517));
#3303 = VECTOR('',#3304,1.);
#3304 = DIRECTION('',(1.,0.));
#3305 = ( GEOMETRIC_REPRESENTATION_CONTEXT(2) 
PARAMETRIC_REPRESENTATION_CONTEXT() REPRESENTATION_CONTEXT('2D SPACE',''
  ) );
#3306 = PCURVE('',#978,#3307);
#3307 = DEFINITIONAL_REPRESENTATION('',(#3308),#3311);
#3308 = B_SPLINE_CURVE_WITH_KNOTS('',1,(#3309,#3310),.UNSPECIFIED.,.F.,
  .F.,(2,2),(-6.E-07,2.4000006),.PIECEWISE_BEZIER_KNOTS.);
#3309 = CARTESIAN_POINT('',(1.078803352315,-6.E-07));
#3310 = CARTESIAN_POINT('',(1.078803352315,2.4000006));
#3311 = ( GEOMETRIC_REPRESENTATION_CONTEXT(2) 
PARAMETRIC_REPRESENTATION_CONTEXT() REPRESENTATION_CONTEXT('2D SPACE',''
  ) );
#3312 = ORIENTED_EDGE('',*,*,#3313,.F.);
#3313 = EDGE_CURVE('',#3314,#3292,#3316,.T.);
#3314 = VERTEX_POINT('',#3315);
#3315 = CARTESIAN_POINT('',(6.363961030679,-3.552713678801E-15,2.4));
#3316 = SURFACE_CURVE('',#3317,(#3321,#3328),.PCURVE_S1.);
#3317 = LINE('',#3318,#3319);
#3318 = CARTESIAN_POINT('',(-16.63603896932,-23.,2.4));
#3319 = VECTOR('',#3320,1.);
#3320 = DIRECTION('',(0.707106781187,0.707106781187,0.));
#3321 = PCURVE('',#1006,#3322);
#3322 = DEFINITIONAL_REPRESENTATION('',(#3323),#3327);
#3323 = LINE('',#3324,#3325);
#3324 = CARTESIAN_POINT('',(2.4,-25.02691193458));
#3325 = VECTOR('',#3326,1.);
#3326 = DIRECTION('',(0.,1.));
#3327 = ( GEOMETRIC_REPRESENTATION_CONTEXT(2) 
PARAMETRIC_REPRESENTATION_CONTEXT() REPRESENTATION_CONTEXT('2D SPACE',''
  ) );
#3328 = PCURVE('',#3329,#3334);
#3329 = PLANE('',#3330);
#3330 = AXIS2_PLACEMENT_3D('',#3331,#3332,#3333);
#3331 = CARTESIAN_POINT('',(-31.,-23.,2.4));
#3332 = DIRECTION('',(0.,0.,1.));
#3333 = DIRECTION('',(1.,0.,0.));
#3334 = DEFINITIONAL_REPRESENTATION('',(#3335),#3339);
#3335 = LINE('',#3336,#3337);
#3336 = CARTESIAN_POINT('',(14.363961030679,0.));
#3337 = VECTOR('',#3338,1.);
#3338 = DIRECTION('',(0.707106781187,0.707106781187));
#3339 = ( GEOMETRIC_REPRESENTATION_CONTEXT(2) 
PARAMETRIC_REPRESENTATION_CONTEXT() REPRESENTATION_CONTEXT('2D SPACE',''
  ) );
#3340 = ORIENTED_EDGE('',*,*,#3341,.F.);
#3341 = EDGE_CURVE('',#3342,#3314,#3344,.T.);
#3342 = VERTEX_POINT('',#3343);
#3343 = CARTESIAN_POINT('',(6.363961030679,-4.440892098501E-16,4.));
#3344 = SURFACE_CURVE('',#3345,(#3349,#3355),.PCURVE_S1.);
#3345 = LINE('',#3346,#3347);
#3346 = CARTESIAN_POINT('',(6.363961030679,-3.552713678801E-15,0.));
#3347 = VECTOR('',#3348,1.);
#3348 = DIRECTION('',(0.,0.,-1.));
#3349 = PCURVE('',#1006,#3350);
#3350 = DEFINITIONAL_REPRESENTATION('',(#3351),#3354);
#3351 = B_SPLINE_CURVE_WITH_KNOTS('',1,(#3352,#3353),.UNSPECIFIED.,.F.,
  .F.,(2,2),(-4.,0.),.PIECEWISE_BEZIER_KNOTS.);
#3352 = CARTESIAN_POINT('',(4.,7.5));
#3353 = CARTESIAN_POINT('',(0.,7.5));
#3354 = ( GEOMETRIC_REPRESENTATION_CONTEXT(2) 
PARAMETRIC_REPRESENTATION_CONTEXT() REPRESENTATION_CONTEXT('2D SPACE',''
  ) );
#3355 = PCURVE('',#888,#3356);
#3356 = DEFINITIONAL_REPRESENTATION('',(#3357),#3360);
#3357 = B_SPLINE_CURVE_WITH_KNOTS('',1,(#3358,#3359),.UNSPECIFIED.,.F.,
  .F.,(2,2),(-4.,0.),.PIECEWISE_BEZIER_KNOTS.);
#3358 = CARTESIAN_POINT('',(4.,7.5));
#3359 = CARTESIAN_POINT('',(0.,7.5));
#3360 = ( GEOMETRIC_REPRESENTATION_CONTEXT(2) 
PARAMETRIC_REPRESENTATION_CONTEXT() REPRESENTATION_CONTEXT('2D SPACE',''
  ) );
#3361 = ORIENTED_EDGE('',*,*,#3362,.F.);
#3362 = EDGE_CURVE('',#3221,#3342,#3363,.T.);
#3363 = SURFACE_CURVE('',#3364,(#3368,#3375),.PCURVE_S1.);
#3364 = LINE('',#3365,#3366);
#3365 = CARTESIAN_POINT('',(44.194173824159,37.83021279348,4.));
#3366 = VECTOR('',#3367,1.);
#3367 = DIRECTION('',(-0.707106781187,-0.707106781187,0.));
#3368 = PCURVE('',#1006,#3369);
#3369 = DEFINITIONAL_REPRESENTATION('',(#3370),#3374);
#3370 = LINE('',#3371,#3372);
#3371 = CARTESIAN_POINT('',(4.,61.));
#3372 = VECTOR('',#3373,1.);
#3373 = DIRECTION('',(0.,-1.));
#3374 = ( GEOMETRIC_REPRESENTATION_CONTEXT(2) 
PARAMETRIC_REPRESENTATION_CONTEXT() REPRESENTATION_CONTEXT('2D SPACE',''
  ) );
#3375 = PCURVE('',#1823,#3376);
#3376 = DEFINITIONAL_REPRESENTATION('',(#3377),#3381);
#3377 = LINE('',#3378,#3379);
#3378 = CARTESIAN_POINT('',(-1.5,-53.5));
#3379 = VECTOR('',#3380,1.);
#3380 = DIRECTION('',(-1.110223024625E-16,1.));
#3381 = ( GEOMETRIC_REPRESENTATION_CONTEXT(2) 
PARAMETRIC_REPRESENTATION_CONTEXT() REPRESENTATION_CONTEXT('2D SPACE',''
  ) );
#3382 = ORIENTED_EDGE('',*,*,#3220,.T.);
#3383 = ADVANCED_FACE('',(#3384),#978,.T.);
#3384 = FACE_BOUND('',#3385,.T.);
#3385 = EDGE_LOOP('',(#3386,#3409,#3410,#3411));
#3386 = ORIENTED_EDGE('',*,*,#3387,.F.);
#3387 = EDGE_CURVE('',#934,#3388,#3390,.T.);
#3388 = VERTEX_POINT('',#3389);
#3389 = CARTESIAN_POINT('',(31.,19.,2.4));
#3390 = SURFACE_CURVE('',#3391,(#3395,#3402),.PCURVE_S1.);
#3391 = LINE('',#3392,#3393);
#3392 = CARTESIAN_POINT('',(31.,19.,0.));
#3393 = VECTOR('',#3394,1.);
#3394 = DIRECTION('',(0.,0.,1.));
#3395 = PCURVE('',#978,#3396);
#3396 = DEFINITIONAL_REPRESENTATION('',(#3397),#3401);
#3397 = LINE('',#3398,#3399);
#3398 = CARTESIAN_POINT('',(0.,0.));
#3399 = VECTOR('',#3400,1.);
#3400 = DIRECTION('',(0.,1.));
#3401 = ( GEOMETRIC_REPRESENTATION_CONTEXT(2) 
PARAMETRIC_REPRESENTATION_CONTEXT() REPRESENTATION_CONTEXT('2D SPACE',''
  ) );
#3402 = PCURVE('',#949,#3403);
#3403 = DEFINITIONAL_REPRESENTATION('',(#3404),#3408);
#3404 = LINE('',#3405,#3406);
#3405 = CARTESIAN_POINT('',(0.,-42.));
#3406 = VECTOR('',#3407,1.);
#3407 = DIRECTION('',(1.,0.));
#3408 = ( GEOMETRIC_REPRESENTATION_CONTEXT(2) 
PARAMETRIC_REPRESENTATION_CONTEXT() REPRESENTATION_CONTEXT('2D SPACE',''
  ) );
#3409 = ORIENTED_EDGE('',*,*,#961,.T.);
#3410 = ORIENTED_EDGE('',*,*,#3291,.T.);
#3411 = ORIENTED_EDGE('',*,*,#3412,.F.);
#3412 = EDGE_CURVE('',#3388,#3292,#3413,.T.);
#3413 = SURFACE_CURVE('',#3414,(#3419,#3426),.PCURVE_S1.);
#3414 = CIRCLE('',#3415,4.);
#3415 = AXIS2_PLACEMENT_3D('',#3416,#3417,#3418);
#3416 = CARTESIAN_POINT('',(27.,19.,2.4));
#3417 = DIRECTION('',(0.,0.,1.));
#3418 = DIRECTION('',(0.,-1.,0.));
#3419 = PCURVE('',#978,#3420);
#3420 = DEFINITIONAL_REPRESENTATION('',(#3421),#3425);
#3421 = LINE('',#3422,#3423);
#3422 = CARTESIAN_POINT('',(-1.570796326795,2.4));
#3423 = VECTOR('',#3424,1.);
#3424 = DIRECTION('',(1.,0.));
#3425 = ( GEOMETRIC_REPRESENTATION_CONTEXT(2) 
PARAMETRIC_REPRESENTATION_CONTEXT() REPRESENTATION_CONTEXT('2D SPACE',''
  ) );
#3426 = PCURVE('',#3329,#3427);
#3427 = DEFINITIONAL_REPRESENTATION('',(#3428),#3432);
#3428 = CIRCLE('',#3429,4.);
#3429 = AXIS2_PLACEMENT_2D('',#3430,#3431);
#3430 = CARTESIAN_POINT('',(58.,42.));
#3431 = DIRECTION('',(0.,-1.));
#3432 = ( GEOMETRIC_REPRESENTATION_CONTEXT(2) 
PARAMETRIC_REPRESENTATION_CONTEXT() REPRESENTATION_CONTEXT('2D SPACE',''
  ) );
#3433 = ADVANCED_FACE('',(#3434),#949,.T.);
#3434 = FACE_BOUND('',#3435,.T.);
#3435 = EDGE_LOOP('',(#3436,#3459,#3480,#3481));
#3436 = ORIENTED_EDGE('',*,*,#3437,.F.);
#3437 = EDGE_CURVE('',#3438,#3388,#3440,.T.);
#3438 = VERTEX_POINT('',#3439);
#3439 = CARTESIAN_POINT('',(31.,-19.,2.4));
#3440 = SURFACE_CURVE('',#3441,(#3445,#3452),.PCURVE_S1.);
#3441 = LINE('',#3442,#3443);
#3442 = CARTESIAN_POINT('',(31.,-23.,2.4));
#3443 = VECTOR('',#3444,1.);
#3444 = DIRECTION('',(0.,1.,0.));
#3445 = PCURVE('',#949,#3446);
#3446 = DEFINITIONAL_REPRESENTATION('',(#3447),#3451);
#3447 = LINE('',#3448,#3449);
#3448 = CARTESIAN_POINT('',(2.4,0.));
#3449 = VECTOR('',#3450,1.);
#3450 = DIRECTION('',(0.,-1.));
#3451 = ( GEOMETRIC_REPRESENTATION_CONTEXT(2) 
PARAMETRIC_REPRESENTATION_CONTEXT() REPRESENTATION_CONTEXT('2D SPACE',''
  ) );
#3452 = PCURVE('',#3329,#3453);
#3453 = DEFINITIONAL_REPRESENTATION('',(#3454),#3458);
#3454 = LINE('',#3455,#3456);
#3455 = CARTESIAN_POINT('',(62.,0.));
#3456 = VECTOR('',#3457,1.);
#3457 = DIRECTION('',(0.,1.));
#3458 = ( GEOMETRIC_REPRESENTATION_CONTEXT(2) 
PARAMETRIC_REPRESENTATION_CONTEXT() REPRESENTATION_CONTEXT('2D SPACE',''
  ) );
#3459 = ORIENTED_EDGE('',*,*,#3460,.F.);
#3460 = EDGE_CURVE('',#901,#3438,#3461,.T.);
#3461 = SURFACE_CURVE('',#3462,(#3466,#3473),.PCURVE_S1.);
#3462 = LINE('',#3463,#3464);
#3463 = CARTESIAN_POINT('',(31.,-19.,0.));
#3464 = VECTOR('',#3465,1.);
#3465 = DIRECTION('',(0.,0.,1.));
#3466 = PCURVE('',#949,#3467);
#3467 = DEFINITIONAL_REPRESENTATION('',(#3468),#3472);
#3468 = LINE('',#3469,#3470);
#3469 = CARTESIAN_POINT('',(0.,-4.));
#3470 = VECTOR('',#3471,1.);
#3471 = DIRECTION('',(1.,0.));
#3472 = ( GEOMETRIC_REPRESENTATION_CONTEXT(2) 
PARAMETRIC_REPRESENTATION_CONTEXT() REPRESENTATION_CONTEXT('2D SPACE',''
  ) );
#3473 = PCURVE('',#921,#3474);
#3474 = DEFINITIONAL_REPRESENTATION('',(#3475),#3479);
#3475 = LINE('',#3476,#3477);
#3476 = CARTESIAN_POINT('',(-0.,0.));
#3477 = VECTOR('',#3478,1.);
#3478 = DIRECTION('',(-0.,1.));
#3479 = ( GEOMETRIC_REPRESENTATION_CONTEXT(2) 
PARAMETRIC_REPRESENTATION_CONTEXT() REPRESENTATION_CONTEXT('2D SPACE',''
  ) );
#3480 = ORIENTED_EDGE('',*,*,#933,.T.);
#3481 = ORIENTED_EDGE('',*,*,#3387,.T.);
#3482 = ADVANCED_FACE('',(#3483),#921,.T.);
#3483 = FACE_BOUND('',#3484,.F.);
#3484 = EDGE_LOOP('',(#3485,#3486,#3487,#3508));
#3485 = ORIENTED_EDGE('',*,*,#3460,.F.);
#3486 = ORIENTED_EDGE('',*,*,#900,.T.);
#3487 = ORIENTED_EDGE('',*,*,#3488,.T.);
#3488 = EDGE_CURVE('',#873,#3489,#3491,.T.);
#3489 = VERTEX_POINT('',#3490);
#3490 = CARTESIAN_POINT('',(28.889533676907,-22.52557264622,2.4));
#3491 = SURFACE_CURVE('',#3492,(#3496,#3502),.PCURVE_S1.);
#3492 = LINE('',#3493,#3494);
#3493 = CARTESIAN_POINT('',(28.889533676907,-22.52557264622,0.));
#3494 = VECTOR('',#3495,1.);
#3495 = DIRECTION('',(0.,0.,1.));
#3496 = PCURVE('',#921,#3497);
#3497 = DEFINITIONAL_REPRESENTATION('',(#3498),#3501);
#3498 = B_SPLINE_CURVE_WITH_KNOTS('',1,(#3499,#3500),.UNSPECIFIED.,.F.,
  .F.,(2,2),(-6.E-07,2.4000006),.PIECEWISE_BEZIER_KNOTS.);
#3499 = CARTESIAN_POINT('',(-1.078803352315,-6.E-07));
#3500 = CARTESIAN_POINT('',(-1.078803352315,2.4000006));
#3501 = ( GEOMETRIC_REPRESENTATION_CONTEXT(2) 
PARAMETRIC_REPRESENTATION_CONTEXT() REPRESENTATION_CONTEXT('2D SPACE',''
  ) );
#3502 = PCURVE('',#888,#3503);
#3503 = DEFINITIONAL_REPRESENTATION('',(#3504),#3507);
#3504 = B_SPLINE_CURVE_WITH_KNOTS('',1,(#3505,#3506),.UNSPECIFIED.,.F.,
  .F.,(2,2),(-6.E-07,2.4000006),.PIECEWISE_BEZIER_KNOTS.);
#3505 = CARTESIAN_POINT('',(-6.E-07,39.355970336516));
#3506 = CARTESIAN_POINT('',(2.4000006,39.355970336516));
#3507 = ( GEOMETRIC_REPRESENTATION_CONTEXT(2) 
PARAMETRIC_REPRESENTATION_CONTEXT() REPRESENTATION_CONTEXT('2D SPACE',''
  ) );
#3508 = ORIENTED_EDGE('',*,*,#3509,.F.);
#3509 = EDGE_CURVE('',#3438,#3489,#3510,.T.);
#3510 = SURFACE_CURVE('',#3511,(#3516,#3523),.PCURVE_S1.);
#3511 = CIRCLE('',#3512,4.);
#3512 = AXIS2_PLACEMENT_3D('',#3513,#3514,#3515);
#3513 = CARTESIAN_POINT('',(27.,-19.,2.4));
#3514 = DIRECTION('',(-0.,-0.,-1.));
#3515 = DIRECTION('',(0.,-1.,0.));
#3516 = PCURVE('',#921,#3517);
#3517 = DEFINITIONAL_REPRESENTATION('',(#3518),#3522);
#3518 = LINE('',#3519,#3520);
#3519 = CARTESIAN_POINT('',(4.712388980385,2.4));
#3520 = VECTOR('',#3521,1.);
#3521 = DIRECTION('',(-1.,0.));
#3522 = ( GEOMETRIC_REPRESENTATION_CONTEXT(2) 
PARAMETRIC_REPRESENTATION_CONTEXT() REPRESENTATION_CONTEXT('2D SPACE',''
  ) );
#3523 = PCURVE('',#3329,#3524);
#3524 = DEFINITIONAL_REPRESENTATION('',(#3525),#3533);
#3525 = ( BOUNDED_CURVE() B_SPLINE_CURVE(2,(#3526,#3527,#3528,#3529,
#3530,#3531,#3532),.UNSPECIFIED.,.T.,.F.) B_SPLINE_CURVE_WITH_KNOTS((1,2
    ,2,2,2,1),(-2.094395102393,0.,2.094395102393,4.188790204786,
6.28318530718,8.377580409573),.UNSPECIFIED.) CURVE() 
GEOMETRIC_REPRESENTATION_ITEM() RATIONAL_B_SPLINE_CURVE((1.,0.5,1.,0.5,
1.,0.5,1.)) REPRESENTATION_ITEM('') );
#3526 = CARTESIAN_POINT('',(58.,0.));
#3527 = CARTESIAN_POINT('',(51.071796769724,0.));
#3528 = CARTESIAN_POINT('',(54.535898384862,6.));
#3529 = CARTESIAN_POINT('',(58.,12.));
#3530 = CARTESIAN_POINT('',(61.464101615138,6.));
#3531 = CARTESIAN_POINT('',(64.928203230276,6.217248937901E-15));
#3532 = CARTESIAN_POINT('',(58.,0.));
#3533 = ( GEOMETRIC_REPRESENTATION_CONTEXT(2) 
PARAMETRIC_REPRESENTATION_CONTEXT() REPRESENTATION_CONTEXT('2D SPACE',''
  ) );
#3534 = ADVANCED_FACE('',(#3535),#888,.T.);
#3535 = FACE_BOUND('',#3536,.T.);
#3536 = EDGE_LOOP('',(#3537,#3538,#3539,#3558,#3559,#3582));
#3537 = ORIENTED_EDGE('',*,*,#872,.F.);
#3538 = ORIENTED_EDGE('',*,*,#3488,.T.);
#3539 = ORIENTED_EDGE('',*,*,#3540,.T.);
#3540 = EDGE_CURVE('',#3489,#3314,#3541,.T.);
#3541 = SURFACE_CURVE('',#3542,(#3546,#3552),.PCURVE_S1.);
#3542 = LINE('',#3543,#3544);
#3543 = CARTESIAN_POINT('',(0.12132034356,6.242640687119,2.4));
#3544 = VECTOR('',#3545,1.);
#3545 = DIRECTION('',(-0.707106781187,0.707106781187,0.));
#3546 = PCURVE('',#888,#3547);
#3547 = DEFINITIONAL_REPRESENTATION('',(#3548),#3551);
#3548 = B_SPLINE_CURVE_WITH_KNOTS('',1,(#3549,#3550),.UNSPECIFIED.,.F.,
  .F.,(2,2),(-41.35533905932,-1.328427124746),.PIECEWISE_BEZIER_KNOTS.);
#3549 = CARTESIAN_POINT('',(2.4,40.026911934581));
#3550 = CARTESIAN_POINT('',(2.4,0.));
#3551 = ( GEOMETRIC_REPRESENTATION_CONTEXT(2) 
PARAMETRIC_REPRESENTATION_CONTEXT() REPRESENTATION_CONTEXT('2D SPACE',''
  ) );
#3552 = PCURVE('',#3329,#3553);
#3553 = DEFINITIONAL_REPRESENTATION('',(#3554),#3557);
#3554 = B_SPLINE_CURVE_WITH_KNOTS('',1,(#3555,#3556),.UNSPECIFIED.,.F.,
  .F.,(2,2),(-41.35533905932,-1.328427124746),.PIECEWISE_BEZIER_KNOTS.);
#3555 = CARTESIAN_POINT('',(60.363961030679,3.552713678801E-15));
#3556 = CARTESIAN_POINT('',(32.06066017178,28.303300858899));
#3557 = ( GEOMETRIC_REPRESENTATION_CONTEXT(2) 
PARAMETRIC_REPRESENTATION_CONTEXT() REPRESENTATION_CONTEXT('2D SPACE',''
  ) );
#3558 = ORIENTED_EDGE('',*,*,#3341,.F.);
#3559 = ORIENTED_EDGE('',*,*,#3560,.T.);
#3560 = EDGE_CURVE('',#3342,#3561,#3563,.T.);
#3561 = VERTEX_POINT('',#3562);
#3562 = CARTESIAN_POINT('',(38.955162026976,-32.59120099629,4.));
#3563 = SURFACE_CURVE('',#3564,(#3568,#3575),.PCURVE_S1.);
#3564 = LINE('',#3565,#3566);
#3565 = CARTESIAN_POINT('',(1.06066017178,5.303300858899,4.));
#3566 = VECTOR('',#3567,1.);
#3567 = DIRECTION('',(0.707106781187,-0.707106781187,0.));
#3568 = PCURVE('',#888,#3569);
#3569 = DEFINITIONAL_REPRESENTATION('',(#3570),#3574);
#3570 = LINE('',#3571,#3572);
#3571 = CARTESIAN_POINT('',(4.,0.));
#3572 = VECTOR('',#3573,1.);
#3573 = DIRECTION('',(0.,1.));
#3574 = ( GEOMETRIC_REPRESENTATION_CONTEXT(2) 
PARAMETRIC_REPRESENTATION_CONTEXT() REPRESENTATION_CONTEXT('2D SPACE',''
  ) );
#3575 = PCURVE('',#1823,#3576);
#3576 = DEFINITIONAL_REPRESENTATION('',(#3577),#3581);
#3577 = LINE('',#3578,#3579);
#3578 = CARTESIAN_POINT('',(6.,4.440892098501E-16));
#3579 = VECTOR('',#3580,1.);
#3580 = DIRECTION('',(-1.,2.22044604925E-16));
#3581 = ( GEOMETRIC_REPRESENTATION_CONTEXT(2) 
PARAMETRIC_REPRESENTATION_CONTEXT() REPRESENTATION_CONTEXT('2D SPACE',''
  ) );
#3582 = ORIENTED_EDGE('',*,*,#3583,.T.);
#3583 = EDGE_CURVE('',#3561,#840,#3584,.T.);
#3584 = SURFACE_CURVE('',#3585,(#3589,#3595),.PCURVE_S1.);
#3585 = LINE('',#3586,#3587);
#3586 = CARTESIAN_POINT('',(38.955162026976,-32.59120099629,0.));
#3587 = VECTOR('',#3588,1.);
#3588 = DIRECTION('',(-0.,-0.,-1.));
#3589 = PCURVE('',#888,#3590);
#3590 = DEFINITIONAL_REPRESENTATION('',(#3591),#3594);
#3591 = B_SPLINE_CURVE_WITH_KNOTS('',1,(#3592,#3593),.UNSPECIFIED.,.F.,
  .F.,(2,2),(-4.4,6.E-07),.PIECEWISE_BEZIER_KNOTS.);
#3592 = CARTESIAN_POINT('',(4.4,53.59091846299));
#3593 = CARTESIAN_POINT('',(-6.E-07,53.59091846299));
#3594 = ( GEOMETRIC_REPRESENTATION_CONTEXT(2) 
PARAMETRIC_REPRESENTATION_CONTEXT() REPRESENTATION_CONTEXT('2D SPACE',''
  ) );
#3595 = PCURVE('',#860,#3596);
#3596 = DEFINITIONAL_REPRESENTATION('',(#3597),#3600);
#3597 = B_SPLINE_CURVE_WITH_KNOTS('',1,(#3598,#3599),.UNSPECIFIED.,.F.,
  .F.,(2,2),(-4.,0.),.PIECEWISE_BEZIER_KNOTS.);
#3598 = CARTESIAN_POINT('',(-7.843776843887,-4.));
#3599 = CARTESIAN_POINT('',(-7.843776843887,0.));
#3600 = ( GEOMETRIC_REPRESENTATION_CONTEXT(2) 
PARAMETRIC_REPRESENTATION_CONTEXT() REPRESENTATION_CONTEXT('2D SPACE',''
  ) );
#3601 = ADVANCED_FACE('',(#3602),#860,.T.);
#3602 = FACE_BOUND('',#3603,.F.);
#3603 = EDGE_LOOP('',(#3604,#3639,#3665,#3690,#3691,#3692,#3713,#3740,
    #3766,#3794,#3815,#3848));
#3604 = ORIENTED_EDGE('',*,*,#3605,.F.);
#3605 = EDGE_CURVE('',#3606,#3608,#3610,.T.);
#3606 = VERTEX_POINT('',#3607);
#3607 = CARTESIAN_POINT('',(35.713531710597,-33.4507900108,10.));
#3608 = VERTEX_POINT('',#3609);
#3609 = CARTESIAN_POINT('',(44.330955919721,-42.06821421992,10.));
#3610 = SURFACE_CURVE('',#3611,(#3616,#3623),.PCURVE_S1.);
#3611 = CIRCLE('',#3612,6.3);
#3612 = AXIS2_PLACEMENT_3D('',#3613,#3614,#3615);
#3613 = CARTESIAN_POINT('',(38.89087296526,-38.89087296526,10.));
#3614 = DIRECTION('',(0.,0.,-1.));
#3615 = DIRECTION('',(-0.504339881693,0.863505230867,0.));
#3616 = PCURVE('',#860,#3617);
#3617 = DEFINITIONAL_REPRESENTATION('',(#3618),#3622);
#3618 = LINE('',#3619,#3620);
#3619 = CARTESIAN_POINT('',(-8.382598964893,-10.));
#3620 = VECTOR('',#3621,1.);
#3621 = DIRECTION('',(1.,-0.));
#3622 = ( GEOMETRIC_REPRESENTATION_CONTEXT(2) 
PARAMETRIC_REPRESENTATION_CONTEXT() REPRESENTATION_CONTEXT('2D SPACE',''
  ) );
#3623 = PCURVE('',#3624,#3629);
#3624 = PLANE('',#3625);
#3625 = AXIS2_PLACEMENT_3D('',#3626,#3627,#3628);
#3626 = CARTESIAN_POINT('',(38.89087296526,-38.89087296526,10.));
#3627 = DIRECTION('',(0.,0.,1.));
#3628 = DIRECTION('',(1.,0.,-0.));
#3629 = DEFINITIONAL_REPRESENTATION('',(#3630),#3638);
#3630 = ( BOUNDED_CURVE() B_SPLINE_CURVE(2,(#3631,#3632,#3633,#3634,
#3635,#3636,#3637),.UNSPECIFIED.,.T.,.F.) B_SPLINE_CURVE_WITH_KNOTS((1,2
    ,2,2,2,1),(-2.094395102393,0.,2.094395102393,4.188790204786,
6.28318530718,8.377580409573),.UNSPECIFIED.) CURVE() 
GEOMETRIC_REPRESENTATION_ITEM() RATIONAL_B_SPLINE_CURVE((1.,0.5,1.,0.5,
1.,0.5,1.)) REPRESENTATION_ITEM('') );
#3631 = CARTESIAN_POINT('',(-3.177341254664,5.440082954461));
#3632 = CARTESIAN_POINT('',(6.245158819852,10.943399440523));
#3633 = CARTESIAN_POINT('',(6.299920664589,3.16167658007E-02));
#3634 = CARTESIAN_POINT('',(6.354682509327,-10.88016590892));
#3635 = CARTESIAN_POINT('',(-3.122579409926,-5.471699720261));
#3636 = CARTESIAN_POINT('',(-12.59984132917,-6.323353160141E-02));
#3637 = CARTESIAN_POINT('',(-3.177341254664,5.440082954461));
#3638 = ( GEOMETRIC_REPRESENTATION_CONTEXT(2) 
PARAMETRIC_REPRESENTATION_CONTEXT() REPRESENTATION_CONTEXT('2D SPACE',''
  ) );
#3639 = ORIENTED_EDGE('',*,*,#3640,.T.);
#3640 = EDGE_CURVE('',#3606,#3641,#3643,.T.);
#3641 = VERTEX_POINT('',#3642);
#3642 = CARTESIAN_POINT('',(35.713531710596,-33.4507900108,4.));
#3643 = SURFACE_CURVE('',#3644,(#3648,#3654),.PCURVE_S1.);
#3644 = LINE('',#3645,#3646);
#3645 = CARTESIAN_POINT('',(35.713531710596,-33.4507900108,0.));
#3646 = VECTOR('',#3647,1.);
#3647 = DIRECTION('',(-0.,-0.,-1.));
#3648 = PCURVE('',#860,#3649);
#3649 = DEFINITIONAL_REPRESENTATION('',(#3650),#3653);
#3650 = B_SPLINE_CURVE_WITH_KNOTS('',1,(#3651,#3652),.UNSPECIFIED.,.F.,
  .F.,(2,2),(-10.,-4.),.PIECEWISE_BEZIER_KNOTS.);
#3651 = CARTESIAN_POINT('',(-8.382598964893,-10.));
#3652 = CARTESIAN_POINT('',(-8.382598964893,-4.));
#3653 = ( GEOMETRIC_REPRESENTATION_CONTEXT(2) 
PARAMETRIC_REPRESENTATION_CONTEXT() REPRESENTATION_CONTEXT('2D SPACE',''
  ) );
#3654 = PCURVE('',#3655,#3660);
#3655 = PLANE('',#3656);
#3656 = AXIS2_PLACEMENT_3D('',#3657,#3658,#3659);
#3657 = CARTESIAN_POINT('',(44.477016536634,-42.21427483683,2.));
#3658 = DIRECTION('',(-0.707106781187,-0.707106781187,0.));
#3659 = DIRECTION('',(0.,0.,1.));
#3660 = DEFINITIONAL_REPRESENTATION('',(#3661),#3664);
#3661 = B_SPLINE_CURVE_WITH_KNOTS('',1,(#3662,#3663),.UNSPECIFIED.,.F.,
  .F.,(2,2),(-10.0000006,-1.2),.PIECEWISE_BEZIER_KNOTS.);
#3662 = CARTESIAN_POINT('',(8.0000006,12.393439094633));
#3663 = CARTESIAN_POINT('',(-0.8,12.393439094633));
#3664 = ( GEOMETRIC_REPRESENTATION_CONTEXT(2) 
PARAMETRIC_REPRESENTATION_CONTEXT() REPRESENTATION_CONTEXT('2D SPACE',''
  ) );
#3665 = ORIENTED_EDGE('',*,*,#3666,.T.);
#3666 = EDGE_CURVE('',#3641,#3561,#3667,.T.);
#3667 = SURFACE_CURVE('',#3668,(#3673,#3679),.PCURVE_S1.);
#3668 = CIRCLE('',#3669,6.3);
#3669 = AXIS2_PLACEMENT_3D('',#3670,#3671,#3672);
#3670 = CARTESIAN_POINT('',(38.89087296526,-38.89087296526,4.));
#3671 = DIRECTION('',(0.,0.,-1.));
#3672 = DIRECTION('',(1.,0.,0.));
#3673 = PCURVE('',#860,#3674);
#3674 = DEFINITIONAL_REPRESENTATION('',(#3675),#3678);
#3675 = B_SPLINE_CURVE_WITH_KNOTS('',1,(#3676,#3677),.UNSPECIFIED.,.F.,
  .F.,(2,2),(4.183771649466,4.722593770472),.PIECEWISE_BEZIER_KNOTS.);
#3676 = CARTESIAN_POINT('',(-8.382598964893,-4.));
#3677 = CARTESIAN_POINT('',(-7.843776843887,-4.));
#3678 = ( GEOMETRIC_REPRESENTATION_CONTEXT(2) 
PARAMETRIC_REPRESENTATION_CONTEXT() REPRESENTATION_CONTEXT('2D SPACE',''
  ) );
#3679 = PCURVE('',#1823,#3680);
#3680 = DEFINITIONAL_REPRESENTATION('',(#3681),#3689);
#3681 = ( BOUNDED_CURVE() B_SPLINE_CURVE(2,(#3682,#3683,#3684,#3685,
#3686,#3687,#3688),.UNSPECIFIED.,.T.,.F.) B_SPLINE_CURVE_WITH_KNOTS((1,2
    ,2,2,2,1),(-2.094395102393,0.,2.094395102393,4.188790204786,
6.28318530718,8.377580409573),.UNSPECIFIED.) CURVE() 
GEOMETRIC_REPRESENTATION_ITEM() RATIONAL_B_SPLINE_CURVE((1.,0.5,1.,0.5,
1.,0.5,1.)) REPRESENTATION_ITEM('') );
#3682 = CARTESIAN_POINT('',(-56.45477272147,4.522727852474E-02));
#3683 = CARTESIAN_POINT('',(-64.17066541124,7.761119968292));
#3684 = CARTESIAN_POINT('',(-53.63055998414,10.585332705621));
#3685 = CARTESIAN_POINT('',(-43.09045455705,13.40954544295));
#3686 = CARTESIAN_POINT('',(-45.91466729437,2.869440015854));
#3687 = CARTESIAN_POINT('',(-48.7388800317,-7.670665411242));
#3688 = CARTESIAN_POINT('',(-56.45477272147,4.522727852474E-02));
#3689 = ( GEOMETRIC_REPRESENTATION_CONTEXT(2) 
PARAMETRIC_REPRESENTATION_CONTEXT() REPRESENTATION_CONTEXT('2D SPACE',''
  ) );
#3690 = ORIENTED_EDGE('',*,*,#3583,.T.);
#3691 = ORIENTED_EDGE('',*,*,#839,.T.);
#3692 = ORIENTED_EDGE('',*,*,#3693,.F.);
#3693 = EDGE_CURVE('',#3694,#812,#3696,.T.);
#3694 = VERTEX_POINT('',#3695);
#3695 = CARTESIAN_POINT('',(32.591200996297,-38.95516202697,4.));
#3696 = SURFACE_CURVE('',#3697,(#3701,#3707),.PCURVE_S1.);
#3697 = LINE('',#3698,#3699);
#3698 = CARTESIAN_POINT('',(32.591200996297,-38.95516202697,0.));
#3699 = VECTOR('',#3700,1.);
#3700 = DIRECTION('',(-0.,-0.,-1.));
#3701 = PCURVE('',#860,#3702);
#3702 = DEFINITIONAL_REPRESENTATION('',(#3703),#3706);
#3703 = B_SPLINE_CURVE_WITH_KNOTS('',1,(#3704,#3705),.UNSPECIFIED.,.F.,
  .F.,(2,2),(-4.,0.),.PIECEWISE_BEZIER_KNOTS.);
#3704 = CARTESIAN_POINT('',(-3.151797443677,-4.));
#3705 = CARTESIAN_POINT('',(-3.151797443677,0.));
#3706 = ( GEOMETRIC_REPRESENTATION_CONTEXT(2) 
PARAMETRIC_REPRESENTATION_CONTEXT() REPRESENTATION_CONTEXT('2D SPACE',''
  ) );
#3707 = PCURVE('',#827,#3708);
#3708 = DEFINITIONAL_REPRESENTATION('',(#3709),#3712);
#3709 = B_SPLINE_CURVE_WITH_KNOTS('',1,(#3710,#3711),.UNSPECIFIED.,.F.,
  .F.,(2,2),(-4.4,6.E-07),.PIECEWISE_BEZIER_KNOTS.);
#3710 = CARTESIAN_POINT('',(4.4,53.59091846299));
#3711 = CARTESIAN_POINT('',(-6.E-07,53.59091846299));
#3712 = ( GEOMETRIC_REPRESENTATION_CONTEXT(2) 
PARAMETRIC_REPRESENTATION_CONTEXT() REPRESENTATION_CONTEXT('2D SPACE',''
  ) );
#3713 = ORIENTED_EDGE('',*,*,#3714,.T.);
#3714 = EDGE_CURVE('',#3694,#3715,#3717,.T.);
#3715 = VERTEX_POINT('',#3716);
#3716 = CARTESIAN_POINT('',(33.4507900108,-35.71353171059,4.));
#3717 = SURFACE_CURVE('',#3718,(#3723,#3729),.PCURVE_S1.);
#3718 = CIRCLE('',#3719,6.3);
#3719 = AXIS2_PLACEMENT_3D('',#3720,#3721,#3722);
#3720 = CARTESIAN_POINT('',(38.89087296526,-38.89087296526,4.));
#3721 = DIRECTION('',(0.,0.,-1.));
#3722 = DIRECTION('',(1.,0.,0.));
#3723 = PCURVE('',#860,#3724);
#3724 = DEFINITIONAL_REPRESENTATION('',(#3725),#3728);
#3725 = B_SPLINE_CURVE_WITH_KNOTS('',1,(#3726,#3727),.UNSPECIFIED.,.F.,
  .F.,(2,2),(3.131387863503,3.670209984508),.PIECEWISE_BEZIER_KNOTS.);
#3726 = CARTESIAN_POINT('',(-3.151797443677,-4.));
#3727 = CARTESIAN_POINT('',(-2.612975322671,-4.));
#3728 = ( GEOMETRIC_REPRESENTATION_CONTEXT(2) 
PARAMETRIC_REPRESENTATION_CONTEXT() REPRESENTATION_CONTEXT('2D SPACE',''
  ) );
#3729 = PCURVE('',#1823,#3730);
#3730 = DEFINITIONAL_REPRESENTATION('',(#3731),#3739);
#3731 = ( BOUNDED_CURVE() B_SPLINE_CURVE(2,(#3732,#3733,#3734,#3735,
#3736,#3737,#3738),.UNSPECIFIED.,.T.,.F.) B_SPLINE_CURVE_WITH_KNOTS((1,2
    ,2,2,2,1),(-2.094395102393,0.,2.094395102393,4.188790204786,
6.28318530718,8.377580409573),.UNSPECIFIED.) CURVE() 
GEOMETRIC_REPRESENTATION_ITEM() RATIONAL_B_SPLINE_CURVE((1.,0.5,1.,0.5,
1.,0.5,1.)) REPRESENTATION_ITEM('') );
#3732 = CARTESIAN_POINT('',(-56.45477272147,4.522727852474E-02));
#3733 = CARTESIAN_POINT('',(-64.17066541124,7.761119968292));
#3734 = CARTESIAN_POINT('',(-53.63055998414,10.585332705621));
#3735 = CARTESIAN_POINT('',(-43.09045455705,13.40954544295));
#3736 = CARTESIAN_POINT('',(-45.91466729437,2.869440015854));
#3737 = CARTESIAN_POINT('',(-48.7388800317,-7.670665411242));
#3738 = CARTESIAN_POINT('',(-56.45477272147,4.522727852474E-02));
#3739 = ( GEOMETRIC_REPRESENTATION_CONTEXT(2) 
PARAMETRIC_REPRESENTATION_CONTEXT() REPRESENTATION_CONTEXT('2D SPACE',''
  ) );
#3740 = ORIENTED_EDGE('',*,*,#3741,.F.);
#3741 = EDGE_CURVE('',#3742,#3715,#3744,.T.);
#3742 = VERTEX_POINT('',#3743);
#3743 = CARTESIAN_POINT('',(33.4507900108,-35.71353171059,10.));
#3744 = SURFACE_CURVE('',#3745,(#3749,#3755),.PCURVE_S1.);
#3745 = LINE('',#3746,#3747);
#3746 = CARTESIAN_POINT('',(33.4507900108,-35.71353171059,0.));
#3747 = VECTOR('',#3748,1.);
#3748 = DIRECTION('',(-0.,-0.,-1.));
#3749 = PCURVE('',#860,#3750);
#3750 = DEFINITIONAL_REPRESENTATION('',(#3751),#3754);
#3751 = B_SPLINE_CURVE_WITH_KNOTS('',1,(#3752,#3753),.UNSPECIFIED.,.F.,
  .F.,(2,2),(-10.,-4.),.PIECEWISE_BEZIER_KNOTS.);
#3752 = CARTESIAN_POINT('',(-2.612975322671,-10.));
#3753 = CARTESIAN_POINT('',(-2.612975322671,-4.));
#3754 = ( GEOMETRIC_REPRESENTATION_CONTEXT(2) 
PARAMETRIC_REPRESENTATION_CONTEXT() REPRESENTATION_CONTEXT('2D SPACE',''
  ) );
#3755 = PCURVE('',#3756,#3761);
#3756 = PLANE('',#3757);
#3757 = AXIS2_PLACEMENT_3D('',#3758,#3759,#3760);
#3758 = CARTESIAN_POINT('',(42.214274836837,-44.47701653663,2.));
#3759 = DIRECTION('',(-0.707106781187,-0.707106781187,0.));
#3760 = DIRECTION('',(0.,0.,1.));
#3761 = DEFINITIONAL_REPRESENTATION('',(#3762),#3765);
#3762 = B_SPLINE_CURVE_WITH_KNOTS('',1,(#3763,#3764),.UNSPECIFIED.,.F.,
  .F.,(2,2),(-10.0000006,-1.2),.PIECEWISE_BEZIER_KNOTS.);
#3763 = CARTESIAN_POINT('',(8.0000006,12.393439094633));
#3764 = CARTESIAN_POINT('',(-0.8,12.393439094633));
#3765 = ( GEOMETRIC_REPRESENTATION_CONTEXT(2) 
PARAMETRIC_REPRESENTATION_CONTEXT() REPRESENTATION_CONTEXT('2D SPACE',''
  ) );
#3766 = ORIENTED_EDGE('',*,*,#3767,.T.);
#3767 = EDGE_CURVE('',#3742,#3768,#3770,.T.);
#3768 = VERTEX_POINT('',#3769);
#3769 = CARTESIAN_POINT('',(42.068214219924,-44.33095591972,10.));
#3770 = SURFACE_CURVE('',#3771,(#3776,#3782),.PCURVE_S1.);
#3771 = CIRCLE('',#3772,6.3);
#3772 = AXIS2_PLACEMENT_3D('',#3773,#3774,#3775);
#3773 = CARTESIAN_POINT('',(38.89087296526,-38.89087296526,10.));
#3774 = DIRECTION('',(0.,0.,1.));
#3775 = DIRECTION('',(1.,0.,0.));
#3776 = PCURVE('',#860,#3777);
#3777 = DEFINITIONAL_REPRESENTATION('',(#3778),#3781);
#3778 = B_SPLINE_CURVE_WITH_KNOTS('',1,(#3779,#3780),.UNSPECIFIED.,.F.,
  .F.,(2,2),(2.612975322671,5.241006311303),.PIECEWISE_BEZIER_KNOTS.);
#3779 = CARTESIAN_POINT('',(-2.612975322671,-10.));
#3780 = CARTESIAN_POINT('',(-5.241006311303,-10.));
#3781 = ( GEOMETRIC_REPRESENTATION_CONTEXT(2) 
PARAMETRIC_REPRESENTATION_CONTEXT() REPRESENTATION_CONTEXT('2D SPACE',''
  ) );
#3782 = PCURVE('',#3783,#3788);
#3783 = PLANE('',#3784);
#3784 = AXIS2_PLACEMENT_3D('',#3785,#3786,#3787);
#3785 = CARTESIAN_POINT('',(38.89087296526,-38.89087296526,10.));
#3786 = DIRECTION('',(0.,0.,1.));
#3787 = DIRECTION('',(1.,0.,-0.));
#3788 = DEFINITIONAL_REPRESENTATION('',(#3789),#3793);
#3789 = CIRCLE('',#3790,6.3);
#3790 = AXIS2_PLACEMENT_2D('',#3791,#3792);
#3791 = CARTESIAN_POINT('',(7.105427357601E-15,0.));
#3792 = DIRECTION('',(1.,0.));
#3793 = ( GEOMETRIC_REPRESENTATION_CONTEXT(2) 
PARAMETRIC_REPRESENTATION_CONTEXT() REPRESENTATION_CONTEXT('2D SPACE',''
  ) );
#3794 = ORIENTED_EDGE('',*,*,#3795,.T.);
#3795 = EDGE_CURVE('',#3768,#3796,#3798,.T.);
#3796 = VERTEX_POINT('',#3797);
#3797 = CARTESIAN_POINT('',(42.068214219924,-44.33095591972,2.));
#3798 = SURFACE_CURVE('',#3799,(#3803,#3809),.PCURVE_S1.);
#3799 = LINE('',#3800,#3801);
#3800 = CARTESIAN_POINT('',(42.068214219924,-44.33095591972,0.));
#3801 = VECTOR('',#3802,1.);
#3802 = DIRECTION('',(-0.,-0.,-1.));
#3803 = PCURVE('',#860,#3804);
#3804 = DEFINITIONAL_REPRESENTATION('',(#3805),#3808);
#3805 = B_SPLINE_CURVE_WITH_KNOTS('',1,(#3806,#3807),.UNSPECIFIED.,.F.,
  .F.,(2,2),(-10.,-2.),.PIECEWISE_BEZIER_KNOTS.);
#3806 = CARTESIAN_POINT('',(-5.241006311303,-10.));
#3807 = CARTESIAN_POINT('',(-5.241006311303,-2.));
#3808 = ( GEOMETRIC_REPRESENTATION_CONTEXT(2) 
PARAMETRIC_REPRESENTATION_CONTEXT() REPRESENTATION_CONTEXT('2D SPACE',''
  ) );
#3809 = PCURVE('',#3756,#3810);
#3810 = DEFINITIONAL_REPRESENTATION('',(#3811),#3814);
#3811 = B_SPLINE_CURVE_WITH_KNOTS('',1,(#3812,#3813),.UNSPECIFIED.,.F.,
  .F.,(2,2),(-10.0000006,-1.2),.PIECEWISE_BEZIER_KNOTS.);
#3812 = CARTESIAN_POINT('',(8.0000006,0.206560905367));
#3813 = CARTESIAN_POINT('',(-0.8,0.206560905367));
#3814 = ( GEOMETRIC_REPRESENTATION_CONTEXT(2) 
PARAMETRIC_REPRESENTATION_CONTEXT() REPRESENTATION_CONTEXT('2D SPACE',''
  ) );
#3815 = ORIENTED_EDGE('',*,*,#3816,.F.);
#3816 = EDGE_CURVE('',#3817,#3796,#3819,.T.);
#3817 = VERTEX_POINT('',#3818);
#3818 = CARTESIAN_POINT('',(44.330955919721,-42.06821421992,2.));
#3819 = SURFACE_CURVE('',#3820,(#3825,#3832),.PCURVE_S1.);
#3820 = CIRCLE('',#3821,6.3);
#3821 = AXIS2_PLACEMENT_3D('',#3822,#3823,#3824);
#3822 = CARTESIAN_POINT('',(38.89087296526,-38.89087296526,2.));
#3823 = DIRECTION('',(0.,0.,-1.));
#3824 = DIRECTION('',(0.863505230867,-0.504339881693,0.));
#3825 = PCURVE('',#860,#3826);
#3826 = DEFINITIONAL_REPRESENTATION('',(#3827),#3831);
#3827 = LINE('',#3828,#3829);
#3828 = CARTESIAN_POINT('',(-5.754567976261,-2.));
#3829 = VECTOR('',#3830,1.);
#3830 = DIRECTION('',(1.,-0.));
#3831 = ( GEOMETRIC_REPRESENTATION_CONTEXT(2) 
PARAMETRIC_REPRESENTATION_CONTEXT() REPRESENTATION_CONTEXT('2D SPACE',''
  ) );
#3832 = PCURVE('',#3833,#3838);
#3833 = PLANE('',#3834);
#3834 = AXIS2_PLACEMENT_3D('',#3835,#3836,#3837);
#3835 = CARTESIAN_POINT('',(44.477016536634,-42.21427483683,2.));
#3836 = DIRECTION('',(0.,0.,1.));
#3837 = DIRECTION('',(-0.707106781187,0.707106781187,0.));
#3838 = DEFINITIONAL_REPRESENTATION('',(#3839),#3847);
#3839 = ( BOUNDED_CURVE() B_SPLINE_CURVE(2,(#3840,#3841,#3842,#3843,
#3844,#3845,#3846),.UNSPECIFIED.,.T.,.F.) B_SPLINE_CURVE_WITH_KNOTS((1,2
    ,2,2,2,1),(-2.094395102393,0.,2.094395102393,4.188790204786,
6.28318530718,8.377580409573),.UNSPECIFIED.) CURVE() 
GEOMETRIC_REPRESENTATION_ITEM() RATIONAL_B_SPLINE_CURVE((1.,0.5,1.,0.5,
1.,0.5,1.)) REPRESENTATION_ITEM('') );
#3840 = CARTESIAN_POINT('',(0.206560905367,6.439293542826E-15));
#3841 = CARTESIAN_POINT('',(-2.564720386743,10.554146104731));
#3842 = CARTESIAN_POINT('',(7.961078901261,7.677073052365));
#3843 = CARTESIAN_POINT('',(18.486878189266,4.8));
#3844 = CARTESIAN_POINT('',(10.732360193372,-2.877073052365));
#3845 = CARTESIAN_POINT('',(2.977842197477,-10.55414610473));
#3846 = CARTESIAN_POINT('',(0.206560905367,6.439293542826E-15));
#3847 = ( GEOMETRIC_REPRESENTATION_CONTEXT(2) 
PARAMETRIC_REPRESENTATION_CONTEXT() REPRESENTATION_CONTEXT('2D SPACE',''
  ) );
#3848 = ORIENTED_EDGE('',*,*,#3849,.F.);
#3849 = EDGE_CURVE('',#3608,#3817,#3850,.T.);
#3850 = SURFACE_CURVE('',#3851,(#3855,#3861),.PCURVE_S1.);
#3851 = LINE('',#3852,#3853);
#3852 = CARTESIAN_POINT('',(44.330955919721,-42.06821421992,0.));
#3853 = VECTOR('',#3854,1.);
#3854 = DIRECTION('',(-0.,-0.,-1.));
#3855 = PCURVE('',#860,#3856);
#3856 = DEFINITIONAL_REPRESENTATION('',(#3857),#3860);
#3857 = B_SPLINE_CURVE_WITH_KNOTS('',1,(#3858,#3859),.UNSPECIFIED.,.F.,
  .F.,(2,2),(-10.,-2.),.PIECEWISE_BEZIER_KNOTS.);
#3858 = CARTESIAN_POINT('',(-5.754567976261,-10.));
#3859 = CARTESIAN_POINT('',(-5.754567976261,-2.));
#3860 = ( GEOMETRIC_REPRESENTATION_CONTEXT(2) 
PARAMETRIC_REPRESENTATION_CONTEXT() REPRESENTATION_CONTEXT('2D SPACE',''
  ) );
#3861 = PCURVE('',#3655,#3862);
#3862 = DEFINITIONAL_REPRESENTATION('',(#3863),#3866);
#3863 = B_SPLINE_CURVE_WITH_KNOTS('',1,(#3864,#3865),.UNSPECIFIED.,.F.,
  .F.,(2,2),(-10.0000006,-1.2),.PIECEWISE_BEZIER_KNOTS.);
#3864 = CARTESIAN_POINT('',(8.0000006,0.206560905367));
#3865 = CARTESIAN_POINT('',(-0.8,0.206560905367));
#3866 = ( GEOMETRIC_REPRESENTATION_CONTEXT(2) 
PARAMETRIC_REPRESENTATION_CONTEXT() REPRESENTATION_CONTEXT('2D SPACE',''
  ) );
#3867 = ADVANCED_FACE('',(#3868),#827,.F.);
#3868 = FACE_BOUND('',#3869,.F.);
#3869 = EDGE_LOOP('',(#3870,#3871,#3892,#3918,#3939,#3960));
#3870 = ORIENTED_EDGE('',*,*,#811,.F.);
#3871 = ORIENTED_EDGE('',*,*,#3872,.F.);
#3872 = EDGE_CURVE('',#3873,#784,#3875,.T.);
#3873 = VERTEX_POINT('',#3874);
#3874 = CARTESIAN_POINT('',(16.636038969321,-23.,2.4));
#3875 = SURFACE_CURVE('',#3876,(#3880,#3886),.PCURVE_S1.);
#3876 = LINE('',#3877,#3878);
#3877 = CARTESIAN_POINT('',(16.636038969321,-23.,0.));
#3878 = VECTOR('',#3879,1.);
#3879 = DIRECTION('',(0.,0.,-1.));
#3880 = PCURVE('',#827,#3881);
#3881 = DEFINITIONAL_REPRESENTATION('',(#3882),#3885);
#3882 = B_SPLINE_CURVE_WITH_KNOTS('',1,(#3883,#3884),.UNSPECIFIED.,.F.,
  .F.,(2,2),(-2.4,0.),.PIECEWISE_BEZIER_KNOTS.);
#3883 = CARTESIAN_POINT('',(2.4,31.026911934581));
#3884 = CARTESIAN_POINT('',(0.,31.026911934581));
#3885 = ( GEOMETRIC_REPRESENTATION_CONTEXT(2) 
PARAMETRIC_REPRESENTATION_CONTEXT() REPRESENTATION_CONTEXT('2D SPACE',''
  ) );
#3886 = PCURVE('',#799,#3887);
#3887 = DEFINITIONAL_REPRESENTATION('',(#3888),#3891);
#3888 = B_SPLINE_CURVE_WITH_KNOTS('',1,(#3889,#3890),.UNSPECIFIED.,.F.,
  .F.,(2,2),(-2.4,0.),.PIECEWISE_BEZIER_KNOTS.);
#3889 = CARTESIAN_POINT('',(2.4,47.636038969321));
#3890 = CARTESIAN_POINT('',(0.,47.636038969321));
#3891 = ( GEOMETRIC_REPRESENTATION_CONTEXT(2) 
PARAMETRIC_REPRESENTATION_CONTEXT() REPRESENTATION_CONTEXT('2D SPACE',''
  ) );
#3892 = ORIENTED_EDGE('',*,*,#3893,.T.);
#3893 = EDGE_CURVE('',#3873,#3894,#3896,.T.);
#3894 = VERTEX_POINT('',#3895);
#3895 = CARTESIAN_POINT('',(3.552713678801E-15,-6.363961030679,2.4));
#3896 = SURFACE_CURVE('',#3897,(#3901,#3907),.PCURVE_S1.);
#3897 = LINE('',#3898,#3899);
#3898 = CARTESIAN_POINT('',(-6.242640687119,-0.12132034356,2.4));
#3899 = VECTOR('',#3900,1.);
#3900 = DIRECTION('',(-0.707106781187,0.707106781187,0.));
#3901 = PCURVE('',#827,#3902);
#3902 = DEFINITIONAL_REPRESENTATION('',(#3903),#3906);
#3903 = B_SPLINE_CURVE_WITH_KNOTS('',1,(#3904,#3905),.UNSPECIFIED.,.F.,
  .F.,(2,2),(-32.35533905932,-1.328427124746),.PIECEWISE_BEZIER_KNOTS.);
#3904 = CARTESIAN_POINT('',(2.4,31.026911934581));
#3905 = CARTESIAN_POINT('',(2.4,0.));
#3906 = ( GEOMETRIC_REPRESENTATION_CONTEXT(2) 
PARAMETRIC_REPRESENTATION_CONTEXT() REPRESENTATION_CONTEXT('2D SPACE',''
  ) );
#3907 = PCURVE('',#3908,#3913);
#3908 = PLANE('',#3909);
#3909 = AXIS2_PLACEMENT_3D('',#3910,#3911,#3912);
#3910 = CARTESIAN_POINT('',(-31.,-23.,2.4));
#3911 = DIRECTION('',(0.,0.,1.));
#3912 = DIRECTION('',(1.,0.,0.));
#3913 = DEFINITIONAL_REPRESENTATION('',(#3914),#3917);
#3914 = B_SPLINE_CURVE_WITH_KNOTS('',1,(#3915,#3916),.UNSPECIFIED.,.F.,
  .F.,(2,2),(-32.35533905932,-1.328427124746),.PIECEWISE_BEZIER_KNOTS.);
#3915 = CARTESIAN_POINT('',(47.636038969321,0.));
#3916 = CARTESIAN_POINT('',(25.696699141101,21.93933982822));
#3917 = ( GEOMETRIC_REPRESENTATION_CONTEXT(2) 
PARAMETRIC_REPRESENTATION_CONTEXT() REPRESENTATION_CONTEXT('2D SPACE',''
  ) );
#3918 = ORIENTED_EDGE('',*,*,#3919,.F.);
#3919 = EDGE_CURVE('',#3920,#3894,#3922,.T.);
#3920 = VERTEX_POINT('',#3921);
#3921 = CARTESIAN_POINT('',(2.6645352591E-15,-6.363961030679,4.));
#3922 = SURFACE_CURVE('',#3923,(#3927,#3933),.PCURVE_S1.);
#3923 = LINE('',#3924,#3925);
#3924 = CARTESIAN_POINT('',(6.661338147751E-16,-6.363961030679,0.));
#3925 = VECTOR('',#3926,1.);
#3926 = DIRECTION('',(0.,0.,-1.));
#3927 = PCURVE('',#827,#3928);
#3928 = DEFINITIONAL_REPRESENTATION('',(#3929),#3932);
#3929 = B_SPLINE_CURVE_WITH_KNOTS('',1,(#3930,#3931),.UNSPECIFIED.,.F.,
  .F.,(2,2),(-4.,0.),.PIECEWISE_BEZIER_KNOTS.);
#3930 = CARTESIAN_POINT('',(4.,7.5));
#3931 = CARTESIAN_POINT('',(0.,7.5));
#3932 = ( GEOMETRIC_REPRESENTATION_CONTEXT(2) 
PARAMETRIC_REPRESENTATION_CONTEXT() REPRESENTATION_CONTEXT('2D SPACE',''
  ) );
#3933 = PCURVE('',#710,#3934);
#3934 = DEFINITIONAL_REPRESENTATION('',(#3935),#3938);
#3935 = B_SPLINE_CURVE_WITH_KNOTS('',1,(#3936,#3937),.UNSPECIFIED.,.F.,
  .F.,(2,2),(-4.,0.),.PIECEWISE_BEZIER_KNOTS.);
#3936 = CARTESIAN_POINT('',(4.,-1.5));
#3937 = CARTESIAN_POINT('',(0.,-1.5));
#3938 = ( GEOMETRIC_REPRESENTATION_CONTEXT(2) 
PARAMETRIC_REPRESENTATION_CONTEXT() REPRESENTATION_CONTEXT('2D SPACE',''
  ) );
#3939 = ORIENTED_EDGE('',*,*,#3940,.T.);
#3940 = EDGE_CURVE('',#3920,#3694,#3941,.T.);
#3941 = SURFACE_CURVE('',#3942,(#3946,#3953),.PCURVE_S1.);
#3942 = LINE('',#3943,#3944);
#3943 = CARTESIAN_POINT('',(-5.303300858899,-1.06066017178,4.));
#3944 = VECTOR('',#3945,1.);
#3945 = DIRECTION('',(0.707106781187,-0.707106781187,0.));
#3946 = PCURVE('',#827,#3947);
#3947 = DEFINITIONAL_REPRESENTATION('',(#3948),#3952);
#3948 = LINE('',#3949,#3950);
#3949 = CARTESIAN_POINT('',(4.,0.));
#3950 = VECTOR('',#3951,1.);
#3951 = DIRECTION('',(0.,1.));
#3952 = ( GEOMETRIC_REPRESENTATION_CONTEXT(2) 
PARAMETRIC_REPRESENTATION_CONTEXT() REPRESENTATION_CONTEXT('2D SPACE',''
  ) );
#3953 = PCURVE('',#1823,#3954);
#3954 = DEFINITIONAL_REPRESENTATION('',(#3955),#3959);
#3955 = LINE('',#3956,#3957);
#3956 = CARTESIAN_POINT('',(6.,9.));
#3957 = VECTOR('',#3958,1.);
#3958 = DIRECTION('',(-1.,2.22044604925E-16));
#3959 = ( GEOMETRIC_REPRESENTATION_CONTEXT(2) 
PARAMETRIC_REPRESENTATION_CONTEXT() REPRESENTATION_CONTEXT('2D SPACE',''
  ) );
#3960 = ORIENTED_EDGE('',*,*,#3693,.T.);
#3961 = ADVANCED_FACE('',(#3962),#799,.F.);
#3962 = FACE_BOUND('',#3963,.F.);
#3963 = EDGE_LOOP('',(#3964,#3965,#3986,#4007));
#3964 = ORIENTED_EDGE('',*,*,#783,.F.);
#3965 = ORIENTED_EDGE('',*,*,#3966,.F.);
#3966 = EDGE_CURVE('',#3967,#751,#3969,.T.);
#3967 = VERTEX_POINT('',#3968);
#3968 = CARTESIAN_POINT('',(4.031128874149,-23.,2.4));
#3969 = SURFACE_CURVE('',#3970,(#3974,#3980),.PCURVE_S1.);
#3970 = LINE('',#3971,#3972);
#3971 = CARTESIAN_POINT('',(4.031128874149,-23.,-1.));
#3972 = VECTOR('',#3973,1.);
#3973 = DIRECTION('',(0.,0.,-1.));
#3974 = PCURVE('',#799,#3975);
#3975 = DEFINITIONAL_REPRESENTATION('',(#3976),#3979);
#3976 = B_SPLINE_CURVE_WITH_KNOTS('',1,(#3977,#3978),.UNSPECIFIED.,.F.,
  .F.,(2,2),(-3.64,-0.76),.PIECEWISE_BEZIER_KNOTS.);
#3977 = CARTESIAN_POINT('',(2.64,35.031128874149));
#3978 = CARTESIAN_POINT('',(-0.24,35.031128874149));
#3979 = ( GEOMETRIC_REPRESENTATION_CONTEXT(2) 
PARAMETRIC_REPRESENTATION_CONTEXT() REPRESENTATION_CONTEXT('2D SPACE',''
  ) );
#3980 = PCURVE('',#771,#3981);
#3981 = DEFINITIONAL_REPRESENTATION('',(#3982),#3985);
#3982 = B_SPLINE_CURVE_WITH_KNOTS('',1,(#3983,#3984),.UNSPECIFIED.,.F.,
  .F.,(2,2),(-3.64,-0.76),.PIECEWISE_BEZIER_KNOTS.);
#3983 = CARTESIAN_POINT('',(-2.031350318476,-3.64));
#3984 = CARTESIAN_POINT('',(-2.031350318476,-0.76));
#3985 = ( GEOMETRIC_REPRESENTATION_CONTEXT(2) 
PARAMETRIC_REPRESENTATION_CONTEXT() REPRESENTATION_CONTEXT('2D SPACE',''
  ) );
#3986 = ORIENTED_EDGE('',*,*,#3987,.T.);
#3987 = EDGE_CURVE('',#3967,#3873,#3988,.T.);
#3988 = SURFACE_CURVE('',#3989,(#3993,#4000),.PCURVE_S1.);
#3989 = LINE('',#3990,#3991);
#3990 = CARTESIAN_POINT('',(-31.,-23.,2.4));
#3991 = VECTOR('',#3992,1.);
#3992 = DIRECTION('',(1.,0.,0.));
#3993 = PCURVE('',#799,#3994);
#3994 = DEFINITIONAL_REPRESENTATION('',(#3995),#3999);
#3995 = LINE('',#3996,#3997);
#3996 = CARTESIAN_POINT('',(2.4,0.));
#3997 = VECTOR('',#3998,1.);
#3998 = DIRECTION('',(0.,1.));
#3999 = ( GEOMETRIC_REPRESENTATION_CONTEXT(2) 
PARAMETRIC_REPRESENTATION_CONTEXT() REPRESENTATION_CONTEXT('2D SPACE',''
  ) );
#4000 = PCURVE('',#3908,#4001);
#4001 = DEFINITIONAL_REPRESENTATION('',(#4002),#4006);
#4002 = LINE('',#4003,#4004);
#4003 = CARTESIAN_POINT('',(0.,0.));
#4004 = VECTOR('',#4005,1.);
#4005 = DIRECTION('',(1.,0.));
#4006 = ( GEOMETRIC_REPRESENTATION_CONTEXT(2) 
PARAMETRIC_REPRESENTATION_CONTEXT() REPRESENTATION_CONTEXT('2D SPACE',''
  ) );
#4007 = ORIENTED_EDGE('',*,*,#3872,.T.);
#4008 = ADVANCED_FACE('',(#4009),#771,.F.);
#4009 = FACE_BOUND('',#4010,.T.);
#4010 = EDGE_LOOP('',(#4011,#4032,#4033,#4034));
#4011 = ORIENTED_EDGE('',*,*,#4012,.T.);
#4012 = EDGE_CURVE('',#4013,#723,#4015,.T.);
#4013 = VERTEX_POINT('',#4014);
#4014 = CARTESIAN_POINT('',(-4.031128874149,-23.,2.4));
#4015 = SURFACE_CURVE('',#4016,(#4020,#4026),.PCURVE_S1.);
#4016 = LINE('',#4017,#4018);
#4017 = CARTESIAN_POINT('',(-4.031128874149,-23.,-1.));
#4018 = VECTOR('',#4019,1.);
#4019 = DIRECTION('',(0.,0.,-1.));
#4020 = PCURVE('',#771,#4021);
#4021 = DEFINITIONAL_REPRESENTATION('',(#4022),#4025);
#4022 = B_SPLINE_CURVE_WITH_KNOTS('',1,(#4023,#4024),.UNSPECIFIED.,.F.,
  .F.,(2,2),(-3.64,-0.76),.PIECEWISE_BEZIER_KNOTS.);
#4023 = CARTESIAN_POINT('',(-4.251834988703,-3.64));
#4024 = CARTESIAN_POINT('',(-4.251834988703,-0.76));
#4025 = ( GEOMETRIC_REPRESENTATION_CONTEXT(2) 
PARAMETRIC_REPRESENTATION_CONTEXT() REPRESENTATION_CONTEXT('2D SPACE',''
  ) );
#4026 = PCURVE('',#738,#4027);
#4027 = DEFINITIONAL_REPRESENTATION('',(#4028),#4031);
#4028 = B_SPLINE_CURVE_WITH_KNOTS('',1,(#4029,#4030),.UNSPECIFIED.,.F.,
  .F.,(2,2),(-3.64,-0.76),.PIECEWISE_BEZIER_KNOTS.);
#4029 = CARTESIAN_POINT('',(2.64,26.968871125851));
#4030 = CARTESIAN_POINT('',(-0.24,26.968871125851));
#4031 = ( GEOMETRIC_REPRESENTATION_CONTEXT(2) 
PARAMETRIC_REPRESENTATION_CONTEXT() REPRESENTATION_CONTEXT('2D SPACE',''
  ) );
#4032 = ORIENTED_EDGE('',*,*,#750,.T.);
#4033 = ORIENTED_EDGE('',*,*,#3966,.F.);
#4034 = ORIENTED_EDGE('',*,*,#4035,.F.);
#4035 = EDGE_CURVE('',#4013,#3967,#4036,.T.);
#4036 = SURFACE_CURVE('',#4037,(#4042,#4049),.PCURVE_S1.);
#4037 = CIRCLE('',#4038,4.5);
#4038 = AXIS2_PLACEMENT_3D('',#4039,#4040,#4041);
#4039 = CARTESIAN_POINT('',(-5.551115123126E-15,-25.,2.4));
#4040 = DIRECTION('',(0.,0.,-1.));
#4041 = DIRECTION('',(-2.22044604925E-16,-1.,-0.));
#4042 = PCURVE('',#771,#4043);
#4043 = DEFINITIONAL_REPRESENTATION('',(#4044),#4048);
#4044 = LINE('',#4045,#4046);
#4045 = CARTESIAN_POINT('',(-6.28318530718,-3.4));
#4046 = VECTOR('',#4047,1.);
#4047 = DIRECTION('',(1.,-0.));
#4048 = ( GEOMETRIC_REPRESENTATION_CONTEXT(2) 
PARAMETRIC_REPRESENTATION_CONTEXT() REPRESENTATION_CONTEXT('2D SPACE',''
  ) );
#4049 = PCURVE('',#3908,#4050);
#4050 = DEFINITIONAL_REPRESENTATION('',(#4051),#4059);
#4051 = ( BOUNDED_CURVE() B_SPLINE_CURVE(2,(#4052,#4053,#4054,#4055,
#4056,#4057,#4058),.UNSPECIFIED.,.T.,.F.) B_SPLINE_CURVE_WITH_KNOTS((1,2
    ,2,2,2,1),(-2.094395102393,0.,2.094395102393,4.188790204786,
6.28318530718,8.377580409573),.UNSPECIFIED.) CURVE() 
GEOMETRIC_REPRESENTATION_ITEM() RATIONAL_B_SPLINE_CURVE((1.,0.5,1.,0.5,
1.,0.5,1.)) REPRESENTATION_ITEM('') );
#4052 = CARTESIAN_POINT('',(31.,-6.5));
#4053 = CARTESIAN_POINT('',(23.20577136594,-6.5));
#4054 = CARTESIAN_POINT('',(27.10288568297,0.25));
#4055 = CARTESIAN_POINT('',(31.,7.));
#4056 = CARTESIAN_POINT('',(34.89711431703,0.25));
#4057 = CARTESIAN_POINT('',(38.79422863406,-6.5));
#4058 = CARTESIAN_POINT('',(31.,-6.5));
#4059 = ( GEOMETRIC_REPRESENTATION_CONTEXT(2) 
PARAMETRIC_REPRESENTATION_CONTEXT() REPRESENTATION_CONTEXT('2D SPACE',''
  ) );
#4060 = ADVANCED_FACE('',(#4061),#738,.F.);
#4061 = FACE_BOUND('',#4062,.F.);
#4062 = EDGE_LOOP('',(#4063,#4064,#4086,#4107));
#4063 = ORIENTED_EDGE('',*,*,#722,.F.);
#4064 = ORIENTED_EDGE('',*,*,#4065,.F.);
#4065 = EDGE_CURVE('',#4066,#695,#4068,.T.);
#4066 = VERTEX_POINT('',#4067);
#4067 = CARTESIAN_POINT('',(-16.63603896932,-23.,2.4));
#4068 = SURFACE_CURVE('',#4069,(#4073,#4079),.PCURVE_S1.);
#4069 = LINE('',#4070,#4071);
#4070 = CARTESIAN_POINT('',(-16.63603896932,-23.,0.));
#4071 = VECTOR('',#4072,1.);
#4072 = DIRECTION('',(0.,0.,-1.));
#4073 = PCURVE('',#738,#4074);
#4074 = DEFINITIONAL_REPRESENTATION('',(#4075),#4078);
#4075 = B_SPLINE_CURVE_WITH_KNOTS('',1,(#4076,#4077),.UNSPECIFIED.,.F.,
  .F.,(2,2),(-2.4,0.),.PIECEWISE_BEZIER_KNOTS.);
#4076 = CARTESIAN_POINT('',(2.4,14.363961030679));
#4077 = CARTESIAN_POINT('',(0.,14.363961030679));
#4078 = ( GEOMETRIC_REPRESENTATION_CONTEXT(2) 
PARAMETRIC_REPRESENTATION_CONTEXT() REPRESENTATION_CONTEXT('2D SPACE',''
  ) );
#4079 = PCURVE('',#710,#4080);
#4080 = DEFINITIONAL_REPRESENTATION('',(#4081),#4085);
#4081 = LINE('',#4082,#4083);
#4082 = CARTESIAN_POINT('',(0.,-25.02691193458));
#4083 = VECTOR('',#4084,1.);
#4084 = DIRECTION('',(-1.,0.));
#4085 = ( GEOMETRIC_REPRESENTATION_CONTEXT(2) 
PARAMETRIC_REPRESENTATION_CONTEXT() REPRESENTATION_CONTEXT('2D SPACE',''
  ) );
#4086 = ORIENTED_EDGE('',*,*,#4087,.T.);
#4087 = EDGE_CURVE('',#4066,#4013,#4088,.T.);
#4088 = SURFACE_CURVE('',#4089,(#4093,#4100),.PCURVE_S1.);
#4089 = LINE('',#4090,#4091);
#4090 = CARTESIAN_POINT('',(-31.,-23.,2.4));
#4091 = VECTOR('',#4092,1.);
#4092 = DIRECTION('',(1.,0.,0.));
#4093 = PCURVE('',#738,#4094);
#4094 = DEFINITIONAL_REPRESENTATION('',(#4095),#4099);
#4095 = LINE('',#4096,#4097);
#4096 = CARTESIAN_POINT('',(2.4,0.));
#4097 = VECTOR('',#4098,1.);
#4098 = DIRECTION('',(0.,1.));
#4099 = ( GEOMETRIC_REPRESENTATION_CONTEXT(2) 
PARAMETRIC_REPRESENTATION_CONTEXT() REPRESENTATION_CONTEXT('2D SPACE',''
  ) );
#4100 = PCURVE('',#3908,#4101);
#4101 = DEFINITIONAL_REPRESENTATION('',(#4102),#4106);
#4102 = LINE('',#4103,#4104);
#4103 = CARTESIAN_POINT('',(0.,0.));
#4104 = VECTOR('',#4105,1.);
#4105 = DIRECTION('',(1.,0.));
#4106 = ( GEOMETRIC_REPRESENTATION_CONTEXT(2) 
PARAMETRIC_REPRESENTATION_CONTEXT() REPRESENTATION_CONTEXT('2D SPACE',''
  ) );
#4107 = ORIENTED_EDGE('',*,*,#4012,.T.);
#4108 = ADVANCED_FACE('',(#4109),#710,.F.);
#4109 = FACE_BOUND('',#4110,.F.);
#4110 = EDGE_LOOP('',(#4111,#4134,#4135,#4156,#4157,#4158));
#4111 = ORIENTED_EDGE('',*,*,#4112,.F.);
#4112 = EDGE_CURVE('',#3920,#4113,#4115,.T.);
#4113 = VERTEX_POINT('',#4114);
#4114 = CARTESIAN_POINT('',(-32.59120099629,-38.95516202697,4.));
#4115 = SURFACE_CURVE('',#4116,(#4120,#4127),.PCURVE_S1.);
#4116 = LINE('',#4117,#4118);
#4117 = CARTESIAN_POINT('',(44.194173824159,37.83021279348,4.));
#4118 = VECTOR('',#4119,1.);
#4119 = DIRECTION('',(-0.707106781187,-0.707106781187,0.));
#4120 = PCURVE('',#710,#4121);
#4121 = DEFINITIONAL_REPRESENTATION('',(#4122),#4126);
#4122 = LINE('',#4123,#4124);
#4123 = CARTESIAN_POINT('',(4.,61.));
#4124 = VECTOR('',#4125,1.);
#4125 = DIRECTION('',(0.,-1.));
#4126 = ( GEOMETRIC_REPRESENTATION_CONTEXT(2) 
PARAMETRIC_REPRESENTATION_CONTEXT() REPRESENTATION_CONTEXT('2D SPACE',''
  ) );
#4127 = PCURVE('',#1823,#4128);
#4128 = DEFINITIONAL_REPRESENTATION('',(#4129),#4133);
#4129 = LINE('',#4130,#4131);
#4130 = CARTESIAN_POINT('',(-1.5,-53.5));
#4131 = VECTOR('',#4132,1.);
#4132 = DIRECTION('',(-1.110223024625E-16,1.));
#4133 = ( GEOMETRIC_REPRESENTATION_CONTEXT(2) 
PARAMETRIC_REPRESENTATION_CONTEXT() REPRESENTATION_CONTEXT('2D SPACE',''
  ) );
#4134 = ORIENTED_EDGE('',*,*,#3919,.T.);
#4135 = ORIENTED_EDGE('',*,*,#4136,.F.);
#4136 = EDGE_CURVE('',#4066,#3894,#4137,.T.);
#4137 = SURFACE_CURVE('',#4138,(#4142,#4149),.PCURVE_S1.);
#4138 = LINE('',#4139,#4140);
#4139 = CARTESIAN_POINT('',(-16.63603896932,-23.,2.4));
#4140 = VECTOR('',#4141,1.);
#4141 = DIRECTION('',(0.707106781187,0.707106781187,0.));
#4142 = PCURVE('',#710,#4143);
#4143 = DEFINITIONAL_REPRESENTATION('',(#4144),#4148);
#4144 = LINE('',#4145,#4146);
#4145 = CARTESIAN_POINT('',(2.4,-25.02691193458));
#4146 = VECTOR('',#4147,1.);
#4147 = DIRECTION('',(0.,1.));
#4148 = ( GEOMETRIC_REPRESENTATION_CONTEXT(2) 
PARAMETRIC_REPRESENTATION_CONTEXT() REPRESENTATION_CONTEXT('2D SPACE',''
  ) );
#4149 = PCURVE('',#3908,#4150);
#4150 = DEFINITIONAL_REPRESENTATION('',(#4151),#4155);
#4151 = LINE('',#4152,#4153);
#4152 = CARTESIAN_POINT('',(14.363961030679,0.));
#4153 = VECTOR('',#4154,1.);
#4154 = DIRECTION('',(0.707106781187,0.707106781187));
#4155 = ( GEOMETRIC_REPRESENTATION_CONTEXT(2) 
PARAMETRIC_REPRESENTATION_CONTEXT() REPRESENTATION_CONTEXT('2D SPACE',''
  ) );
#4156 = ORIENTED_EDGE('',*,*,#4065,.T.);
#4157 = ORIENTED_EDGE('',*,*,#694,.T.);
#4158 = ORIENTED_EDGE('',*,*,#4159,.F.);
#4159 = EDGE_CURVE('',#4113,#667,#4160,.T.);
#4160 = SURFACE_CURVE('',#4161,(#4165,#4171),.PCURVE_S1.);
#4161 = LINE('',#4162,#4163);
#4162 = CARTESIAN_POINT('',(-32.59120099629,-38.95516202697,0.));
#4163 = VECTOR('',#4164,1.);
#4164 = DIRECTION('',(-0.,-0.,-1.));
#4165 = PCURVE('',#710,#4166);
#4166 = DEFINITIONAL_REPRESENTATION('',(#4167),#4170);
#4167 = B_SPLINE_CURVE_WITH_KNOTS('',1,(#4168,#4169),.UNSPECIFIED.,.F.,
  .F.,(2,2),(-4.4,6.E-07),.PIECEWISE_BEZIER_KNOTS.);
#4168 = CARTESIAN_POINT('',(4.4,-47.59091846299));
#4169 = CARTESIAN_POINT('',(-6.E-07,-47.59091846299));
#4170 = ( GEOMETRIC_REPRESENTATION_CONTEXT(2) 
PARAMETRIC_REPRESENTATION_CONTEXT() REPRESENTATION_CONTEXT('2D SPACE',''
  ) );
#4171 = PCURVE('',#683,#4172);
#4172 = DEFINITIONAL_REPRESENTATION('',(#4173),#4176);
#4173 = B_SPLINE_CURVE_WITH_KNOTS('',1,(#4174,#4175),.UNSPECIFIED.,.F.,
  .F.,(2,2),(-4.,-0.),.PIECEWISE_BEZIER_KNOTS.);
#4174 = CARTESIAN_POINT('',(-6.272980517092,-4.));
#4175 = CARTESIAN_POINT('',(-6.272980517092,0.));
#4176 = ( GEOMETRIC_REPRESENTATION_CONTEXT(2) 
PARAMETRIC_REPRESENTATION_CONTEXT() REPRESENTATION_CONTEXT('2D SPACE',''
  ) );
#4177 = ADVANCED_FACE('',(#4178),#683,.T.);
#4178 = FACE_BOUND('',#4179,.F.);
#4179 = EDGE_LOOP('',(#4180,#4181,#4208,#4234,#4262,#4283,#4316,#4342,
    #4375,#4396,#4418,#4419));
#4180 = ORIENTED_EDGE('',*,*,#1835,.F.);
#4181 = ORIENTED_EDGE('',*,*,#4182,.T.);
#4182 = EDGE_CURVE('',#1808,#4183,#4185,.T.);
#4183 = VERTEX_POINT('',#4184);
#4184 = CARTESIAN_POINT('',(-35.71353171059,-33.4507900108,4.));
#4185 = SURFACE_CURVE('',#4186,(#4191,#4197),.PCURVE_S1.);
#4186 = CIRCLE('',#4187,6.3);
#4187 = AXIS2_PLACEMENT_3D('',#4188,#4189,#4190);
#4188 = CARTESIAN_POINT('',(-38.89087296526,-38.89087296526,4.));
#4189 = DIRECTION('',(0.,0.,-1.));
#4190 = DIRECTION('',(1.,0.,0.));
#4191 = PCURVE('',#683,#4192);
#4192 = DEFINITIONAL_REPRESENTATION('',(#4193),#4196);
#4193 = B_SPLINE_CURVE_WITH_KNOTS('',1,(#4194,#4195),.UNSPECIFIED.,.F.,
  .F.,(2,2),(4.702184190298,5.241006311303),.PIECEWISE_BEZIER_KNOTS.);
#4194 = CARTESIAN_POINT('',(-1.581001116882,-4.));
#4195 = CARTESIAN_POINT('',(-1.042178995876,-4.));
#4196 = ( GEOMETRIC_REPRESENTATION_CONTEXT(2) 
PARAMETRIC_REPRESENTATION_CONTEXT() REPRESENTATION_CONTEXT('2D SPACE',''
  ) );
#4197 = PCURVE('',#1823,#4198);
#4198 = DEFINITIONAL_REPRESENTATION('',(#4199),#4207);
#4199 = ( BOUNDED_CURVE() B_SPLINE_CURVE(2,(#4200,#4201,#4202,#4203,
#4204,#4205,#4206),.UNSPECIFIED.,.T.,.F.) B_SPLINE_CURVE_WITH_KNOTS((1,2
    ,2,2,2,1),(-2.094395102393,0.,2.094395102393,4.188790204786,
6.28318530718,8.377580409573),.UNSPECIFIED.) CURVE() 
GEOMETRIC_REPRESENTATION_ITEM() RATIONAL_B_SPLINE_CURVE((1.,0.5,1.,0.5,
1.,0.5,1.)) REPRESENTATION_ITEM('') );
#4200 = CARTESIAN_POINT('',(-1.454772721475,55.045227278525));
#4201 = CARTESIAN_POINT('',(-9.170665411242,62.761119968292));
#4202 = CARTESIAN_POINT('',(1.369440015854,65.585332705621));
#4203 = CARTESIAN_POINT('',(11.90954544295,68.40954544295));
#4204 = CARTESIAN_POINT('',(9.085332705621,57.869440015854));
#4205 = CARTESIAN_POINT('',(6.261119968292,47.329334588758));
#4206 = CARTESIAN_POINT('',(-1.454772721475,55.045227278525));
#4207 = ( GEOMETRIC_REPRESENTATION_CONTEXT(2) 
PARAMETRIC_REPRESENTATION_CONTEXT() REPRESENTATION_CONTEXT('2D SPACE',''
  ) );
#4208 = ORIENTED_EDGE('',*,*,#4209,.F.);
#4209 = EDGE_CURVE('',#4210,#4183,#4212,.T.);
#4210 = VERTEX_POINT('',#4211);
#4211 = CARTESIAN_POINT('',(-35.71353171059,-33.4507900108,10.));
#4212 = SURFACE_CURVE('',#4213,(#4217,#4223),.PCURVE_S1.);
#4213 = LINE('',#4214,#4215);
#4214 = CARTESIAN_POINT('',(-35.71353171059,-33.4507900108,0.));
#4215 = VECTOR('',#4216,1.);
#4216 = DIRECTION('',(-0.,-0.,-1.));
#4217 = PCURVE('',#683,#4218);
#4218 = DEFINITIONAL_REPRESENTATION('',(#4219),#4222);
#4219 = B_SPLINE_CURVE_WITH_KNOTS('',1,(#4220,#4221),.UNSPECIFIED.,.F.,
  .F.,(2,2),(-10.,-4.),.PIECEWISE_BEZIER_KNOTS.);
#4220 = CARTESIAN_POINT('',(-1.042178995876,-10.));
#4221 = CARTESIAN_POINT('',(-1.042178995876,-4.));
#4222 = ( GEOMETRIC_REPRESENTATION_CONTEXT(2) 
PARAMETRIC_REPRESENTATION_CONTEXT() REPRESENTATION_CONTEXT('2D SPACE',''
  ) );
#4223 = PCURVE('',#4224,#4229);
#4224 = PLANE('',#4225);
#4225 = AXIS2_PLACEMENT_3D('',#4226,#4227,#4228);
#4226 = CARTESIAN_POINT('',(-44.47701653663,-42.21427483683,2.));
#4227 = DIRECTION('',(-0.707106781187,0.707106781187,0.));
#4228 = DIRECTION('',(0.,0.,1.));
#4229 = DEFINITIONAL_REPRESENTATION('',(#4230),#4233);
#4230 = B_SPLINE_CURVE_WITH_KNOTS('',1,(#4231,#4232),.UNSPECIFIED.,.F.,
  .F.,(2,2),(-10.0000006,-1.2),.PIECEWISE_BEZIER_KNOTS.);
#4231 = CARTESIAN_POINT('',(8.0000006,12.393439094633));
#4232 = CARTESIAN_POINT('',(-0.8,12.393439094633));
#4233 = ( GEOMETRIC_REPRESENTATION_CONTEXT(2) 
PARAMETRIC_REPRESENTATION_CONTEXT() REPRESENTATION_CONTEXT('2D SPACE',''
  ) );
#4234 = ORIENTED_EDGE('',*,*,#4235,.T.);
#4235 = EDGE_CURVE('',#4210,#4236,#4238,.T.);
#4236 = VERTEX_POINT('',#4237);
#4237 = CARTESIAN_POINT('',(-44.33095591972,-42.06821421992,10.));
#4238 = SURFACE_CURVE('',#4239,(#4244,#4250),.PCURVE_S1.);
#4239 = CIRCLE('',#4240,6.3);
#4240 = AXIS2_PLACEMENT_3D('',#4241,#4242,#4243);
#4241 = CARTESIAN_POINT('',(-38.89087296526,-38.89087296526,10.));
#4242 = DIRECTION('',(0.,0.,1.));
#4243 = DIRECTION('',(1.,0.,0.));
#4244 = PCURVE('',#683,#4245);
#4245 = DEFINITIONAL_REPRESENTATION('',(#4246),#4249);
#4246 = B_SPLINE_CURVE_WITH_KNOTS('',1,(#4247,#4248),.UNSPECIFIED.,.F.,
  .F.,(2,2),(1.042178995876,3.670209984508),.PIECEWISE_BEZIER_KNOTS.);
#4247 = CARTESIAN_POINT('',(-1.042178995876,-10.));
#4248 = CARTESIAN_POINT('',(-3.670209984508,-10.));
#4249 = ( GEOMETRIC_REPRESENTATION_CONTEXT(2) 
PARAMETRIC_REPRESENTATION_CONTEXT() REPRESENTATION_CONTEXT('2D SPACE',''
  ) );
#4250 = PCURVE('',#4251,#4256);
#4251 = PLANE('',#4252);
#4252 = AXIS2_PLACEMENT_3D('',#4253,#4254,#4255);
#4253 = CARTESIAN_POINT('',(-38.89087296526,-38.89087296526,10.));
#4254 = DIRECTION('',(0.,0.,1.));
#4255 = DIRECTION('',(1.,0.,-0.));
#4256 = DEFINITIONAL_REPRESENTATION('',(#4257),#4261);
#4257 = CIRCLE('',#4258,6.3);
#4258 = AXIS2_PLACEMENT_2D('',#4259,#4260);
#4259 = CARTESIAN_POINT('',(7.105427357601E-15,0.));
#4260 = DIRECTION('',(1.,0.));
#4261 = ( GEOMETRIC_REPRESENTATION_CONTEXT(2) 
PARAMETRIC_REPRESENTATION_CONTEXT() REPRESENTATION_CONTEXT('2D SPACE',''
  ) );
#4262 = ORIENTED_EDGE('',*,*,#4263,.T.);
#4263 = EDGE_CURVE('',#4236,#4264,#4266,.T.);
#4264 = VERTEX_POINT('',#4265);
#4265 = CARTESIAN_POINT('',(-44.33095591972,-42.06821421992,2.));
#4266 = SURFACE_CURVE('',#4267,(#4271,#4277),.PCURVE_S1.);
#4267 = LINE('',#4268,#4269);
#4268 = CARTESIAN_POINT('',(-44.33095591972,-42.06821421992,0.));
#4269 = VECTOR('',#4270,1.);
#4270 = DIRECTION('',(-0.,-0.,-1.));
#4271 = PCURVE('',#683,#4272);
#4272 = DEFINITIONAL_REPRESENTATION('',(#4273),#4276);
#4273 = B_SPLINE_CURVE_WITH_KNOTS('',1,(#4274,#4275),.UNSPECIFIED.,.F.,
  .F.,(2,2),(-10.,-2.),.PIECEWISE_BEZIER_KNOTS.);
#4274 = CARTESIAN_POINT('',(-3.670209984508,-10.));
#4275 = CARTESIAN_POINT('',(-3.670209984508,-2.));
#4276 = ( GEOMETRIC_REPRESENTATION_CONTEXT(2) 
PARAMETRIC_REPRESENTATION_CONTEXT() REPRESENTATION_CONTEXT('2D SPACE',''
  ) );
#4277 = PCURVE('',#4224,#4278);
#4278 = DEFINITIONAL_REPRESENTATION('',(#4279),#4282);
#4279 = B_SPLINE_CURVE_WITH_KNOTS('',1,(#4280,#4281),.UNSPECIFIED.,.F.,
  .F.,(2,2),(-10.0000006,-1.2),.PIECEWISE_BEZIER_KNOTS.);
#4280 = CARTESIAN_POINT('',(8.0000006,0.206560905367));
#4281 = CARTESIAN_POINT('',(-0.8,0.206560905367));
#4282 = ( GEOMETRIC_REPRESENTATION_CONTEXT(2) 
PARAMETRIC_REPRESENTATION_CONTEXT() REPRESENTATION_CONTEXT('2D SPACE',''
  ) );
#4283 = ORIENTED_EDGE('',*,*,#4284,.F.);
#4284 = EDGE_CURVE('',#4285,#4264,#4287,.T.);
#4285 = VERTEX_POINT('',#4286);
#4286 = CARTESIAN_POINT('',(-42.06821421992,-44.33095591972,2.));
#4287 = SURFACE_CURVE('',#4288,(#4293,#4300),.PCURVE_S1.);
#4288 = CIRCLE('',#4289,6.3);
#4289 = AXIS2_PLACEMENT_3D('',#4290,#4291,#4292);
#4290 = CARTESIAN_POINT('',(-38.89087296526,-38.89087296526,2.));
#4291 = DIRECTION('',(0.,0.,-1.));
#4292 = DIRECTION('',(-0.504339881693,-0.863505230867,-0.));
#4293 = PCURVE('',#683,#4294);
#4294 = DEFINITIONAL_REPRESENTATION('',(#4295),#4299);
#4295 = LINE('',#4296,#4297);
#4296 = CARTESIAN_POINT('',(-4.183771649466,-2.));
#4297 = VECTOR('',#4298,1.);
#4298 = DIRECTION('',(1.,-0.));
#4299 = ( GEOMETRIC_REPRESENTATION_CONTEXT(2) 
PARAMETRIC_REPRESENTATION_CONTEXT() REPRESENTATION_CONTEXT('2D SPACE',''
  ) );
#4300 = PCURVE('',#4301,#4306);
#4301 = PLANE('',#4302);
#4302 = AXIS2_PLACEMENT_3D('',#4303,#4304,#4305);
#4303 = CARTESIAN_POINT('',(-42.21427483683,-44.47701653663,2.));
#4304 = DIRECTION('',(0.,0.,1.));
#4305 = DIRECTION('',(0.707106781187,0.707106781187,0.));
#4306 = DEFINITIONAL_REPRESENTATION('',(#4307),#4315);
#4307 = ( BOUNDED_CURVE() B_SPLINE_CURVE(2,(#4308,#4309,#4310,#4311,
#4312,#4313,#4314),.UNSPECIFIED.,.T.,.F.) B_SPLINE_CURVE_WITH_KNOTS((1,2
    ,2,2,2,1),(-2.094395102393,0.,2.094395102393,4.188790204786,
6.28318530718,8.377580409573),.UNSPECIFIED.) CURVE() 
GEOMETRIC_REPRESENTATION_ITEM() RATIONAL_B_SPLINE_CURVE((1.,0.5,1.,0.5,
1.,0.5,1.)) REPRESENTATION_ITEM('') );
#4308 = CARTESIAN_POINT('',(0.206560905367,9.103828801926E-15));
#4309 = CARTESIAN_POINT('',(-2.564720386743,10.554146104731));
#4310 = CARTESIAN_POINT('',(7.961078901261,7.677073052365));
#4311 = CARTESIAN_POINT('',(18.486878189266,4.8));
#4312 = CARTESIAN_POINT('',(10.732360193372,-2.877073052365));
#4313 = CARTESIAN_POINT('',(2.977842197477,-10.55414610473));
#4314 = CARTESIAN_POINT('',(0.206560905367,9.103828801926E-15));
#4315 = ( GEOMETRIC_REPRESENTATION_CONTEXT(2) 
PARAMETRIC_REPRESENTATION_CONTEXT() REPRESENTATION_CONTEXT('2D SPACE',''
  ) );
#4316 = ORIENTED_EDGE('',*,*,#4317,.F.);
#4317 = EDGE_CURVE('',#4318,#4285,#4320,.T.);
#4318 = VERTEX_POINT('',#4319);
#4319 = CARTESIAN_POINT('',(-42.06821421992,-44.33095591972,10.));
#4320 = SURFACE_CURVE('',#4321,(#4325,#4331),.PCURVE_S1.);
#4321 = LINE('',#4322,#4323);
#4322 = CARTESIAN_POINT('',(-42.06821421992,-44.33095591972,0.));
#4323 = VECTOR('',#4324,1.);
#4324 = DIRECTION('',(-0.,-0.,-1.));
#4325 = PCURVE('',#683,#4326);
#4326 = DEFINITIONAL_REPRESENTATION('',(#4327),#4330);
#4327 = B_SPLINE_CURVE_WITH_KNOTS('',1,(#4328,#4329),.UNSPECIFIED.,.F.,
  .F.,(2,2),(-10.,-2.),.PIECEWISE_BEZIER_KNOTS.);
#4328 = CARTESIAN_POINT('',(-4.183771649466,-10.));
#4329 = CARTESIAN_POINT('',(-4.183771649466,-2.));
#4330 = ( GEOMETRIC_REPRESENTATION_CONTEXT(2) 
PARAMETRIC_REPRESENTATION_CONTEXT() REPRESENTATION_CONTEXT('2D SPACE',''
  ) );
#4331 = PCURVE('',#4332,#4337);
#4332 = PLANE('',#4333);
#4333 = AXIS2_PLACEMENT_3D('',#4334,#4335,#4336);
#4334 = CARTESIAN_POINT('',(-42.21427483683,-44.47701653663,2.));
#4335 = DIRECTION('',(-0.707106781187,0.707106781187,0.));
#4336 = DIRECTION('',(0.,0.,1.));
#4337 = DEFINITIONAL_REPRESENTATION('',(#4338),#4341);
#4338 = B_SPLINE_CURVE_WITH_KNOTS('',1,(#4339,#4340),.UNSPECIFIED.,.F.,
  .F.,(2,2),(-10.0000006,-1.2),.PIECEWISE_BEZIER_KNOTS.);
#4339 = CARTESIAN_POINT('',(8.0000006,0.206560905367));
#4340 = CARTESIAN_POINT('',(-0.8,0.206560905367));
#4341 = ( GEOMETRIC_REPRESENTATION_CONTEXT(2) 
PARAMETRIC_REPRESENTATION_CONTEXT() REPRESENTATION_CONTEXT('2D SPACE',''
  ) );
#4342 = ORIENTED_EDGE('',*,*,#4343,.F.);
#4343 = EDGE_CURVE('',#4344,#4318,#4346,.T.);
#4344 = VERTEX_POINT('',#4345);
#4345 = CARTESIAN_POINT('',(-33.4507900108,-35.71353171059,10.));
#4346 = SURFACE_CURVE('',#4347,(#4352,#4359),.PCURVE_S1.);
#4347 = CIRCLE('',#4348,6.3);
#4348 = AXIS2_PLACEMENT_3D('',#4349,#4350,#4351);
#4349 = CARTESIAN_POINT('',(-38.89087296526,-38.89087296526,10.));
#4350 = DIRECTION('',(0.,0.,-1.));
#4351 = DIRECTION('',(0.863505230867,0.504339881693,0.));
#4352 = PCURVE('',#683,#4353);
#4353 = DEFINITIONAL_REPRESENTATION('',(#4354),#4358);
#4354 = LINE('',#4355,#4356);
#4355 = CARTESIAN_POINT('',(-6.811802638098,-10.));
#4356 = VECTOR('',#4357,1.);
#4357 = DIRECTION('',(1.,-0.));
#4358 = ( GEOMETRIC_REPRESENTATION_CONTEXT(2) 
PARAMETRIC_REPRESENTATION_CONTEXT() REPRESENTATION_CONTEXT('2D SPACE',''
  ) );
#4359 = PCURVE('',#4360,#4365);
#4360 = PLANE('',#4361);
#4361 = AXIS2_PLACEMENT_3D('',#4362,#4363,#4364);
#4362 = CARTESIAN_POINT('',(-38.89087296526,-38.89087296526,10.));
#4363 = DIRECTION('',(0.,0.,1.));
#4364 = DIRECTION('',(1.,0.,-0.));
#4365 = DEFINITIONAL_REPRESENTATION('',(#4366),#4374);
#4366 = ( BOUNDED_CURVE() B_SPLINE_CURVE(2,(#4367,#4368,#4369,#4370,
#4371,#4372,#4373),.UNSPECIFIED.,.T.,.F.) B_SPLINE_CURVE_WITH_KNOTS((1,2
    ,2,2,2,1),(-2.094395102393,0.,2.094395102393,4.188790204786,
6.28318530718,8.377580409573),.UNSPECIFIED.) CURVE() 
GEOMETRIC_REPRESENTATION_ITEM() RATIONAL_B_SPLINE_CURVE((1.,0.5,1.,0.5,
1.,0.5,1.)) REPRESENTATION_ITEM('') );
#4367 = CARTESIAN_POINT('',(5.440082954461,3.177341254664));
#4368 = CARTESIAN_POINT('',(10.943399440523,-6.245158819852));
#4369 = CARTESIAN_POINT('',(3.161676580071E-02,-6.299920664589));
#4370 = CARTESIAN_POINT('',(-10.88016590892,-6.354682509327));
#4371 = CARTESIAN_POINT('',(-5.471699720261,3.122579409926));
#4372 = CARTESIAN_POINT('',(-6.323353160141E-02,12.599841329179));
#4373 = CARTESIAN_POINT('',(5.440082954461,3.177341254664));
#4374 = ( GEOMETRIC_REPRESENTATION_CONTEXT(2) 
PARAMETRIC_REPRESENTATION_CONTEXT() REPRESENTATION_CONTEXT('2D SPACE',''
  ) );
#4375 = ORIENTED_EDGE('',*,*,#4376,.T.);
#4376 = EDGE_CURVE('',#4344,#4377,#4379,.T.);
#4377 = VERTEX_POINT('',#4378);
#4378 = CARTESIAN_POINT('',(-33.4507900108,-35.71353171059,4.));
#4379 = SURFACE_CURVE('',#4380,(#4384,#4390),.PCURVE_S1.);
#4380 = LINE('',#4381,#4382);
#4381 = CARTESIAN_POINT('',(-33.4507900108,-35.71353171059,0.));
#4382 = VECTOR('',#4383,1.);
#4383 = DIRECTION('',(-0.,-0.,-1.));
#4384 = PCURVE('',#683,#4385);
#4385 = DEFINITIONAL_REPRESENTATION('',(#4386),#4389);
#4386 = B_SPLINE_CURVE_WITH_KNOTS('',1,(#4387,#4388),.UNSPECIFIED.,.F.,
  .F.,(2,2),(-10.,-4.),.PIECEWISE_BEZIER_KNOTS.);
#4387 = CARTESIAN_POINT('',(-6.811802638098,-10.));
#4388 = CARTESIAN_POINT('',(-6.811802638098,-4.));
#4389 = ( GEOMETRIC_REPRESENTATION_CONTEXT(2) 
PARAMETRIC_REPRESENTATION_CONTEXT() REPRESENTATION_CONTEXT('2D SPACE',''
  ) );
#4390 = PCURVE('',#4332,#4391);
#4391 = DEFINITIONAL_REPRESENTATION('',(#4392),#4395);
#4392 = B_SPLINE_CURVE_WITH_KNOTS('',1,(#4393,#4394),.UNSPECIFIED.,.F.,
  .F.,(2,2),(-10.0000006,-1.2),.PIECEWISE_BEZIER_KNOTS.);
#4393 = CARTESIAN_POINT('',(8.0000006,12.393439094633));
#4394 = CARTESIAN_POINT('',(-0.8,12.393439094633));
#4395 = ( GEOMETRIC_REPRESENTATION_CONTEXT(2) 
PARAMETRIC_REPRESENTATION_CONTEXT() REPRESENTATION_CONTEXT('2D SPACE',''
  ) );
#4396 = ORIENTED_EDGE('',*,*,#4397,.F.);
#4397 = EDGE_CURVE('',#4113,#4377,#4398,.T.);
#4398 = SURFACE_CURVE('',#4399,(#4404,#4411),.PCURVE_S1.);
#4399 = CIRCLE('',#4400,6.3);
#4400 = AXIS2_PLACEMENT_3D('',#4401,#4402,#4403);
#4401 = CARTESIAN_POINT('',(-38.89087296526,-38.89087296526,4.));
#4402 = DIRECTION('',(-0.,0.,1.));
#4403 = DIRECTION('',(0.999947931581,-1.020461297073E-02,0.));
#4404 = PCURVE('',#683,#4405);
#4405 = DEFINITIONAL_REPRESENTATION('',(#4406),#4410);
#4406 = LINE('',#4407,#4408);
#4407 = CARTESIAN_POINT('',(-6.272980517092,-4.));
#4408 = VECTOR('',#4409,1.);
#4409 = DIRECTION('',(-1.,-0.));
#4410 = ( GEOMETRIC_REPRESENTATION_CONTEXT(2) 
PARAMETRIC_REPRESENTATION_CONTEXT() REPRESENTATION_CONTEXT('2D SPACE',''
  ) );
#4411 = PCURVE('',#1823,#4412);
#4412 = DEFINITIONAL_REPRESENTATION('',(#4413),#4417);
#4413 = CIRCLE('',#4414,6.3);
#4414 = AXIS2_PLACEMENT_2D('',#4415,#4416);
#4415 = CARTESIAN_POINT('',(3.,59.5));
#4416 = DIRECTION('',(-0.714285714286,-0.699854212224));
#4417 = ( GEOMETRIC_REPRESENTATION_CONTEXT(2) 
PARAMETRIC_REPRESENTATION_CONTEXT() REPRESENTATION_CONTEXT('2D SPACE',''
  ) );
#4418 = ORIENTED_EDGE('',*,*,#4159,.T.);
#4419 = ORIENTED_EDGE('',*,*,#666,.F.);
#4420 = ADVANCED_FACE('',(#4421),#1265,.F.);
#4421 = FACE_BOUND('',#4422,.T.);
#4422 = EDGE_LOOP('',(#4423,#4424,#4447,#4473));
#4423 = ORIENTED_EDGE('',*,*,#1248,.F.);
#4424 = ORIENTED_EDGE('',*,*,#4425,.T.);
#4425 = EDGE_CURVE('',#1249,#4426,#4428,.T.);
#4426 = VERTEX_POINT('',#4427);
#4427 = CARTESIAN_POINT('',(-21.56,-8.89,5.4));
#4428 = SEAM_CURVE('',#4429,(#4433,#4440),.PCURVE_S1.);
#4429 = LINE('',#4430,#4431);
#4430 = CARTESIAN_POINT('',(-21.56,-8.89,0.));
#4431 = VECTOR('',#4432,1.);
#4432 = DIRECTION('',(0.,0.,1.));
#4433 = PCURVE('',#1265,#4434);
#4434 = DEFINITIONAL_REPRESENTATION('',(#4435),#4439);
#4435 = LINE('',#4436,#4437);
#4436 = CARTESIAN_POINT('',(-6.28318530718,0.));
#4437 = VECTOR('',#4438,1.);
#4438 = DIRECTION('',(-0.,-1.));
#4439 = ( GEOMETRIC_REPRESENTATION_CONTEXT(2) 
PARAMETRIC_REPRESENTATION_CONTEXT() REPRESENTATION_CONTEXT('2D SPACE',''
  ) );
#4440 = PCURVE('',#1265,#4441);
#4441 = DEFINITIONAL_REPRESENTATION('',(#4442),#4446);
#4442 = LINE('',#4443,#4444);
#4443 = CARTESIAN_POINT('',(-0.,0.));
#4444 = VECTOR('',#4445,1.);
#4445 = DIRECTION('',(-0.,-1.));
#4446 = ( GEOMETRIC_REPRESENTATION_CONTEXT(2) 
PARAMETRIC_REPRESENTATION_CONTEXT() REPRESENTATION_CONTEXT('2D SPACE',''
  ) );
#4447 = ORIENTED_EDGE('',*,*,#4448,.F.);
#4448 = EDGE_CURVE('',#4426,#4426,#4449,.T.);
#4449 = SURFACE_CURVE('',#4450,(#4455,#4462),.PCURVE_S1.);
#4450 = CIRCLE('',#4451,1.3);
#4451 = AXIS2_PLACEMENT_3D('',#4452,#4453,#4454);
#4452 = CARTESIAN_POINT('',(-22.86,-8.89,5.4));
#4453 = DIRECTION('',(0.,0.,-1.));
#4454 = DIRECTION('',(1.,0.,0.));
#4455 = PCURVE('',#1265,#4456);
#4456 = DEFINITIONAL_REPRESENTATION('',(#4457),#4461);
#4457 = LINE('',#4458,#4459);
#4458 = CARTESIAN_POINT('',(-6.28318530718,-5.4));
#4459 = VECTOR('',#4460,1.);
#4460 = DIRECTION('',(1.,-0.));
#4461 = ( GEOMETRIC_REPRESENTATION_CONTEXT(2) 
PARAMETRIC_REPRESENTATION_CONTEXT() REPRESENTATION_CONTEXT('2D SPACE',''
  ) );
#4462 = PCURVE('',#2089,#4463);
#4463 = DEFINITIONAL_REPRESENTATION('',(#4464),#4472);
#4464 = ( BOUNDED_CURVE() B_SPLINE_CURVE(2,(#4465,#4466,#4467,#4468,
#4469,#4470,#4471),.UNSPECIFIED.,.T.,.F.) B_SPLINE_CURVE_WITH_KNOTS((1,2
    ,2,2,2,1),(-2.094395102393,0.,2.094395102393,4.188790204786,
6.28318530718,8.377580409573),.UNSPECIFIED.) CURVE() 
GEOMETRIC_REPRESENTATION_ITEM() RATIONAL_B_SPLINE_CURVE((1.,0.5,1.,0.5,
1.,0.5,1.)) REPRESENTATION_ITEM('') );
#4465 = CARTESIAN_POINT('',(1.3,-1.7763568394E-15));
#4466 = CARTESIAN_POINT('',(1.3,-2.25166604984));
#4467 = CARTESIAN_POINT('',(-0.65,-1.12583302492));
#4468 = CARTESIAN_POINT('',(-2.6,-2.094765007179E-15));
#4469 = CARTESIAN_POINT('',(-0.65,1.12583302492));
#4470 = CARTESIAN_POINT('',(1.3,2.25166604984));
#4471 = CARTESIAN_POINT('',(1.3,-1.7763568394E-15));
#4472 = ( GEOMETRIC_REPRESENTATION_CONTEXT(2) 
PARAMETRIC_REPRESENTATION_CONTEXT() REPRESENTATION_CONTEXT('2D SPACE',''
  ) );
#4473 = ORIENTED_EDGE('',*,*,#4425,.F.);
#4474 = ADVANCED_FACE('',(#4475),#1296,.F.);
#4475 = FACE_BOUND('',#4476,.T.);
#4476 = EDGE_LOOP('',(#4477,#4478,#4501,#4532));
#4477 = ORIENTED_EDGE('',*,*,#1279,.F.);
#4478 = ORIENTED_EDGE('',*,*,#4479,.T.);
#4479 = EDGE_CURVE('',#1280,#4480,#4482,.T.);
#4480 = VERTEX_POINT('',#4481);
#4481 = CARTESIAN_POINT('',(24.16,-8.89,5.4));
#4482 = SEAM_CURVE('',#4483,(#4487,#4494),.PCURVE_S1.);
#4483 = LINE('',#4484,#4485);
#4484 = CARTESIAN_POINT('',(24.16,-8.89,0.));
#4485 = VECTOR('',#4486,1.);
#4486 = DIRECTION('',(0.,0.,1.));
#4487 = PCURVE('',#1296,#4488);
#4488 = DEFINITIONAL_REPRESENTATION('',(#4489),#4493);
#4489 = LINE('',#4490,#4491);
#4490 = CARTESIAN_POINT('',(-6.28318530718,0.));
#4491 = VECTOR('',#4492,1.);
#4492 = DIRECTION('',(-0.,-1.));
#4493 = ( GEOMETRIC_REPRESENTATION_CONTEXT(2) 
PARAMETRIC_REPRESENTATION_CONTEXT() REPRESENTATION_CONTEXT('2D SPACE',''
  ) );
#4494 = PCURVE('',#1296,#4495);
#4495 = DEFINITIONAL_REPRESENTATION('',(#4496),#4500);
#4496 = LINE('',#4497,#4498);
#4497 = CARTESIAN_POINT('',(-0.,0.));
#4498 = VECTOR('',#4499,1.);
#4499 = DIRECTION('',(-0.,-1.));
#4500 = ( GEOMETRIC_REPRESENTATION_CONTEXT(2) 
PARAMETRIC_REPRESENTATION_CONTEXT() REPRESENTATION_CONTEXT('2D SPACE',''
  ) );
#4501 = ORIENTED_EDGE('',*,*,#4502,.F.);
#4502 = EDGE_CURVE('',#4480,#4480,#4503,.T.);
#4503 = SURFACE_CURVE('',#4504,(#4509,#4516),.PCURVE_S1.);
#4504 = CIRCLE('',#4505,1.3);
#4505 = AXIS2_PLACEMENT_3D('',#4506,#4507,#4508);
#4506 = CARTESIAN_POINT('',(22.86,-8.89,5.4));
#4507 = DIRECTION('',(0.,0.,-1.));
#4508 = DIRECTION('',(1.,0.,0.));
#4509 = PCURVE('',#1296,#4510);
#4510 = DEFINITIONAL_REPRESENTATION('',(#4511),#4515);
#4511 = LINE('',#4512,#4513);
#4512 = CARTESIAN_POINT('',(-6.28318530718,-5.4));
#4513 = VECTOR('',#4514,1.);
#4514 = DIRECTION('',(1.,-0.));
#4515 = ( GEOMETRIC_REPRESENTATION_CONTEXT(2) 
PARAMETRIC_REPRESENTATION_CONTEXT() REPRESENTATION_CONTEXT('2D SPACE',''
  ) );
#4516 = PCURVE('',#4517,#4522);
#4517 = PLANE('',#4518);
#4518 = AXIS2_PLACEMENT_3D('',#4519,#4520,#4521);
#4519 = CARTESIAN_POINT('',(22.86,-8.89,5.4));
#4520 = DIRECTION('',(0.,0.,1.));
#4521 = DIRECTION('',(1.,0.,-0.));
#4522 = DEFINITIONAL_REPRESENTATION('',(#4523),#4531);
#4523 = ( BOUNDED_CURVE() B_SPLINE_CURVE(2,(#4524,#4525,#4526,#4527,
#4528,#4529,#4530),.UNSPECIFIED.,.T.,.F.) B_SPLINE_CURVE_WITH_KNOTS((1,2
    ,2,2,2,1),(-2.094395102393,0.,2.094395102393,4.188790204786,
6.28318530718,8.377580409573),.UNSPECIFIED.) CURVE() 
GEOMETRIC_REPRESENTATION_ITEM() RATIONAL_B_SPLINE_CURVE((1.,0.5,1.,0.5,
1.,0.5,1.)) REPRESENTATION_ITEM('') );
#4524 = CARTESIAN_POINT('',(1.3,-1.7763568394E-15));
#4525 = CARTESIAN_POINT('',(1.3,-2.25166604984));
#4526 = CARTESIAN_POINT('',(-0.65,-1.12583302492));
#4527 = CARTESIAN_POINT('',(-2.6,-2.094765007179E-15));
#4528 = CARTESIAN_POINT('',(-0.65,1.12583302492));
#4529 = CARTESIAN_POINT('',(1.3,2.25166604984));
#4530 = CARTESIAN_POINT('',(1.3,-1.7763568394E-15));
#4531 = ( GEOMETRIC_REPRESENTATION_CONTEXT(2) 
PARAMETRIC_REPRESENTATION_CONTEXT() REPRESENTATION_CONTEXT('2D SPACE',''
  ) );
#4532 = ORIENTED_EDGE('',*,*,#4479,.F.);
#4533 = ADVANCED_FACE('',(#4534),#1348,.T.);
#4534 = FACE_BOUND('',#4535,.T.);
#4535 = EDGE_LOOP('',(#4536,#4537,#4538,#4539));
#4536 = ORIENTED_EDGE('',*,*,#1906,.F.);
#4537 = ORIENTED_EDGE('',*,*,#1333,.T.);
#4538 = ORIENTED_EDGE('',*,*,#2104,.T.);
#4539 = ORIENTED_EDGE('',*,*,#4540,.T.);
#4540 = EDGE_CURVE('',#2105,#1907,#4541,.T.);
#4541 = SURFACE_CURVE('',#4542,(#4546,#4553),.PCURVE_S1.);
#4542 = LINE('',#4543,#4544);
#4543 = CARTESIAN_POINT('',(-24.1,-7.,3.4));
#4544 = VECTOR('',#4545,1.);
#4545 = DIRECTION('',(1.,0.,0.));
#4546 = PCURVE('',#1348,#4547);
#4547 = DEFINITIONAL_REPRESENTATION('',(#4548),#4552);
#4548 = LINE('',#4549,#4550);
#4549 = CARTESIAN_POINT('',(4.4,0.));
#4550 = VECTOR('',#4551,1.);
#4551 = DIRECTION('',(0.,1.));
#4552 = ( GEOMETRIC_REPRESENTATION_CONTEXT(2) 
PARAMETRIC_REPRESENTATION_CONTEXT() REPRESENTATION_CONTEXT('2D SPACE',''
  ) );
#4553 = PCURVE('',#1985,#4554);
#4554 = DEFINITIONAL_REPRESENTATION('',(#4555),#4559);
#4555 = LINE('',#4556,#4557);
#4556 = CARTESIAN_POINT('',(0.,0.));
#4557 = VECTOR('',#4558,1.);
#4558 = DIRECTION('',(1.,0.));
#4559 = ( GEOMETRIC_REPRESENTATION_CONTEXT(2) 
PARAMETRIC_REPRESENTATION_CONTEXT() REPRESENTATION_CONTEXT('2D SPACE',''
  ) );
#4560 = ADVANCED_FACE('',(#4561),#1440,.F.);
#4561 = FACE_BOUND('',#4562,.F.);
#4562 = EDGE_LOOP('',(#4563,#4564,#4565,#4566));
#4563 = ORIENTED_EDGE('',*,*,#2398,.F.);
#4564 = ORIENTED_EDGE('',*,*,#1425,.T.);
#4565 = ORIENTED_EDGE('',*,*,#2200,.T.);
#4566 = ORIENTED_EDGE('',*,*,#4567,.T.);
#4567 = EDGE_CURVE('',#2201,#2399,#4568,.T.);
#4568 = SURFACE_CURVE('',#4569,(#4573,#4580),.PCURVE_S1.);
#4569 = LINE('',#4570,#4571);
#4570 = CARTESIAN_POINT('',(-24.1,7.,3.4));
#4571 = VECTOR('',#4572,1.);
#4572 = DIRECTION('',(1.,0.,0.));
#4573 = PCURVE('',#1440,#4574);
#4574 = DEFINITIONAL_REPRESENTATION('',(#4575),#4579);
#4575 = LINE('',#4576,#4577);
#4576 = CARTESIAN_POINT('',(4.4,0.));
#4577 = VECTOR('',#4578,1.);
#4578 = DIRECTION('',(0.,1.));
#4579 = ( GEOMETRIC_REPRESENTATION_CONTEXT(2) 
PARAMETRIC_REPRESENTATION_CONTEXT() REPRESENTATION_CONTEXT('2D SPACE',''
  ) );
#4580 = PCURVE('',#2239,#4581);
#4581 = DEFINITIONAL_REPRESENTATION('',(#4582),#4586);
#4582 = LINE('',#4583,#4584);
#4583 = CARTESIAN_POINT('',(0.,14.));
#4584 = VECTOR('',#4585,1.);
#4585 = DIRECTION('',(1.,0.));
#4586 = ( GEOMETRIC_REPRESENTATION_CONTEXT(2) 
PARAMETRIC_REPRESENTATION_CONTEXT() REPRESENTATION_CONTEXT('2D SPACE',''
  ) );
#4587 = ADVANCED_FACE('',(#4588),#1517,.F.);
#4588 = FACE_BOUND('',#4589,.T.);
#4589 = EDGE_LOOP('',(#4590,#4591,#4614,#4640));
#4590 = ORIENTED_EDGE('',*,*,#1500,.F.);
#4591 = ORIENTED_EDGE('',*,*,#4592,.T.);
#4592 = EDGE_CURVE('',#1501,#4593,#4595,.T.);
#4593 = VERTEX_POINT('',#4594);
#4594 = CARTESIAN_POINT('',(-21.56,8.89,5.4));
#4595 = SEAM_CURVE('',#4596,(#4600,#4607),.PCURVE_S1.);
#4596 = LINE('',#4597,#4598);
#4597 = CARTESIAN_POINT('',(-21.56,8.89,0.));
#4598 = VECTOR('',#4599,1.);
#4599 = DIRECTION('',(0.,0.,1.));
#4600 = PCURVE('',#1517,#4601);
#4601 = DEFINITIONAL_REPRESENTATION('',(#4602),#4606);
#4602 = LINE('',#4603,#4604);
#4603 = CARTESIAN_POINT('',(-6.28318530718,0.));
#4604 = VECTOR('',#4605,1.);
#4605 = DIRECTION('',(-0.,-1.));
#4606 = ( GEOMETRIC_REPRESENTATION_CONTEXT(2) 
PARAMETRIC_REPRESENTATION_CONTEXT() REPRESENTATION_CONTEXT('2D SPACE',''
  ) );
#4607 = PCURVE('',#1517,#4608);
#4608 = DEFINITIONAL_REPRESENTATION('',(#4609),#4613);
#4609 = LINE('',#4610,#4611);
#4610 = CARTESIAN_POINT('',(-0.,0.));
#4611 = VECTOR('',#4612,1.);
#4612 = DIRECTION('',(-0.,-1.));
#4613 = ( GEOMETRIC_REPRESENTATION_CONTEXT(2) 
PARAMETRIC_REPRESENTATION_CONTEXT() REPRESENTATION_CONTEXT('2D SPACE',''
  ) );
#4614 = ORIENTED_EDGE('',*,*,#4615,.F.);
#4615 = EDGE_CURVE('',#4593,#4593,#4616,.T.);
#4616 = SURFACE_CURVE('',#4617,(#4622,#4629),.PCURVE_S1.);
#4617 = CIRCLE('',#4618,1.3);
#4618 = AXIS2_PLACEMENT_3D('',#4619,#4620,#4621);
#4619 = CARTESIAN_POINT('',(-22.86,8.89,5.4));
#4620 = DIRECTION('',(0.,0.,-1.));
#4621 = DIRECTION('',(1.,0.,0.));
#4622 = PCURVE('',#1517,#4623);
#4623 = DEFINITIONAL_REPRESENTATION('',(#4624),#4628);
#4624 = LINE('',#4625,#4626);
#4625 = CARTESIAN_POINT('',(-6.28318530718,-5.4));
#4626 = VECTOR('',#4627,1.);
#4627 = DIRECTION('',(1.,-0.));
#4628 = ( GEOMETRIC_REPRESENTATION_CONTEXT(2) 
PARAMETRIC_REPRESENTATION_CONTEXT() REPRESENTATION_CONTEXT('2D SPACE',''
  ) );
#4629 = PCURVE('',#2363,#4630);
#4630 = DEFINITIONAL_REPRESENTATION('',(#4631),#4639);
#4631 = ( BOUNDED_CURVE() B_SPLINE_CURVE(2,(#4632,#4633,#4634,#4635,
#4636,#4637,#4638),.UNSPECIFIED.,.T.,.F.) B_SPLINE_CURVE_WITH_KNOTS((1,2
    ,2,2,2,1),(-2.094395102393,0.,2.094395102393,4.188790204786,
6.28318530718,8.377580409573),.UNSPECIFIED.) CURVE() 
GEOMETRIC_REPRESENTATION_ITEM() RATIONAL_B_SPLINE_CURVE((1.,0.5,1.,0.5,
1.,0.5,1.)) REPRESENTATION_ITEM('') );
#4632 = CARTESIAN_POINT('',(1.3,0.));
#4633 = CARTESIAN_POINT('',(1.3,-2.25166604984));
#4634 = CARTESIAN_POINT('',(-0.65,-1.12583302492));
#4635 = CARTESIAN_POINT('',(-2.6,-3.184081677783E-16));
#4636 = CARTESIAN_POINT('',(-0.65,1.12583302492));
#4637 = CARTESIAN_POINT('',(1.3,2.25166604984));
#4638 = CARTESIAN_POINT('',(1.3,0.));
#4639 = ( GEOMETRIC_REPRESENTATION_CONTEXT(2) 
PARAMETRIC_REPRESENTATION_CONTEXT() REPRESENTATION_CONTEXT('2D SPACE',''
  ) );
#4640 = ORIENTED_EDGE('',*,*,#4592,.F.);
#4641 = ADVANCED_FACE('',(#4642),#1548,.F.);
#4642 = FACE_BOUND('',#4643,.F.);
#4643 = EDGE_LOOP('',(#4644,#4667,#4668,#4689,#4710,#4736));
#4644 = ORIENTED_EDGE('',*,*,#4645,.F.);
#4645 = EDGE_CURVE('',#1532,#4646,#4648,.T.);
#4646 = VERTEX_POINT('',#4647);
#4647 = CARTESIAN_POINT('',(24.1,-7.,3.4));
#4648 = SURFACE_CURVE('',#4649,(#4653,#4660),.PCURVE_S1.);
#4649 = LINE('',#4650,#4651);
#4650 = CARTESIAN_POINT('',(24.1,-7.,-1.));
#4651 = VECTOR('',#4652,1.);
#4652 = DIRECTION('',(0.,0.,1.));
#4653 = PCURVE('',#1548,#4654);
#4654 = DEFINITIONAL_REPRESENTATION('',(#4655),#4659);
#4655 = LINE('',#4656,#4657);
#4656 = CARTESIAN_POINT('',(0.,0.));
#4657 = VECTOR('',#4658,1.);
#4658 = DIRECTION('',(1.,0.));
#4659 = ( GEOMETRIC_REPRESENTATION_CONTEXT(2) 
PARAMETRIC_REPRESENTATION_CONTEXT() REPRESENTATION_CONTEXT('2D SPACE',''
  ) );
#4660 = PCURVE('',#1574,#4661);
#4661 = DEFINITIONAL_REPRESENTATION('',(#4662),#4666);
#4662 = LINE('',#4663,#4664);
#4663 = CARTESIAN_POINT('',(0.,2.2));
#4664 = VECTOR('',#4665,1.);
#4665 = DIRECTION('',(1.,0.));
#4666 = ( GEOMETRIC_REPRESENTATION_CONTEXT(2) 
PARAMETRIC_REPRESENTATION_CONTEXT() REPRESENTATION_CONTEXT('2D SPACE',''
  ) );
#4667 = ORIENTED_EDGE('',*,*,#1531,.T.);
#4668 = ORIENTED_EDGE('',*,*,#4669,.F.);
#4669 = EDGE_CURVE('',#4670,#1534,#4672,.T.);
#4670 = VERTEX_POINT('',#4671);
#4671 = CARTESIAN_POINT('',(24.1,-4.40908153701,2.4));
#4672 = SURFACE_CURVE('',#4673,(#4677,#4683),.PCURVE_S1.);
#4673 = LINE('',#4674,#4675);
#4674 = CARTESIAN_POINT('',(24.1,-4.40908153701,-1.));
#4675 = VECTOR('',#4676,1.);
#4676 = DIRECTION('',(-0.,-0.,-1.));
#4677 = PCURVE('',#1548,#4678);
#4678 = DEFINITIONAL_REPRESENTATION('',(#4679),#4682);
#4679 = B_SPLINE_CURVE_WITH_KNOTS('',1,(#4680,#4681),.UNSPECIFIED.,.F.,
  .F.,(2,2),(-4.4000006,-0.66),.PIECEWISE_BEZIER_KNOTS.);
#4680 = CARTESIAN_POINT('',(4.4000006,-2.59091846299));
#4681 = CARTESIAN_POINT('',(0.66,-2.59091846299));
#4682 = ( GEOMETRIC_REPRESENTATION_CONTEXT(2) 
PARAMETRIC_REPRESENTATION_CONTEXT() REPRESENTATION_CONTEXT('2D SPACE',''
  ) );
#4683 = PCURVE('',#1737,#4684);
#4684 = DEFINITIONAL_REPRESENTATION('',(#4685),#4688);
#4685 = B_SPLINE_CURVE_WITH_KNOTS('',1,(#4686,#4687),.UNSPECIFIED.,.F.,
  .F.,(2,2),(-3.4,-1.),.PIECEWISE_BEZIER_KNOTS.);
#4686 = CARTESIAN_POINT('',(-4.511031059594,-3.4));
#4687 = CARTESIAN_POINT('',(-4.511031059594,-1.));
#4688 = ( GEOMETRIC_REPRESENTATION_CONTEXT(2) 
PARAMETRIC_REPRESENTATION_CONTEXT() REPRESENTATION_CONTEXT('2D SPACE',''
  ) );
#4689 = ORIENTED_EDGE('',*,*,#4690,.F.);
#4690 = EDGE_CURVE('',#4691,#4670,#4693,.T.);
#4691 = VERTEX_POINT('',#4692);
#4692 = CARTESIAN_POINT('',(24.1,-6.719193698185,2.4));
#4693 = SURFACE_CURVE('',#4694,(#4698,#4704),.PCURVE_S1.);
#4694 = LINE('',#4695,#4696);
#4695 = CARTESIAN_POINT('',(24.1,-15.,2.4));
#4696 = VECTOR('',#4697,1.);
#4697 = DIRECTION('',(0.,1.,0.));
#4698 = PCURVE('',#1548,#4699);
#4699 = DEFINITIONAL_REPRESENTATION('',(#4700),#4703);
#4700 = B_SPLINE_CURVE_WITH_KNOTS('',1,(#4701,#4702),.UNSPECIFIED.,.F.,
  .F.,(2,2),(8.,22.),.PIECEWISE_BEZIER_KNOTS.);
#4701 = CARTESIAN_POINT('',(3.4,0.));
#4702 = CARTESIAN_POINT('',(3.4,-14.));
#4703 = ( GEOMETRIC_REPRESENTATION_CONTEXT(2) 
PARAMETRIC_REPRESENTATION_CONTEXT() REPRESENTATION_CONTEXT('2D SPACE',''
  ) );
#4704 = PCURVE('',#3329,#4705);
#4705 = DEFINITIONAL_REPRESENTATION('',(#4706),#4709);
#4706 = B_SPLINE_CURVE_WITH_KNOTS('',1,(#4707,#4708),.UNSPECIFIED.,.F.,
  .F.,(2,2),(8.,22.),.PIECEWISE_BEZIER_KNOTS.);
#4707 = CARTESIAN_POINT('',(55.1,16.));
#4708 = CARTESIAN_POINT('',(55.1,30.));
#4709 = ( GEOMETRIC_REPRESENTATION_CONTEXT(2) 
PARAMETRIC_REPRESENTATION_CONTEXT() REPRESENTATION_CONTEXT('2D SPACE',''
  ) );
#4710 = ORIENTED_EDGE('',*,*,#4711,.F.);
#4711 = EDGE_CURVE('',#4712,#4691,#4714,.T.);
#4712 = VERTEX_POINT('',#4713);
#4713 = CARTESIAN_POINT('',(24.1,-6.719193698185,3.4));
#4714 = SURFACE_CURVE('',#4715,(#4719,#4725),.PCURVE_S1.);
#4715 = LINE('',#4716,#4717);
#4716 = CARTESIAN_POINT('',(24.1,-6.719193698185,0.));
#4717 = VECTOR('',#4718,1.);
#4718 = DIRECTION('',(-0.,-0.,-1.));
#4719 = PCURVE('',#1548,#4720);
#4720 = DEFINITIONAL_REPRESENTATION('',(#4721),#4724);
#4721 = B_SPLINE_CURVE_WITH_KNOTS('',1,(#4722,#4723),.UNSPECIFIED.,.F.,
  .F.,(2,2),(-3.84,-2.3999994),.PIECEWISE_BEZIER_KNOTS.);
#4722 = CARTESIAN_POINT('',(4.84,-0.280806301815));
#4723 = CARTESIAN_POINT('',(3.3999994,-0.280806301815));
#4724 = ( GEOMETRIC_REPRESENTATION_CONTEXT(2) 
PARAMETRIC_REPRESENTATION_CONTEXT() REPRESENTATION_CONTEXT('2D SPACE',''
  ) );
#4725 = PCURVE('',#4726,#4731);
#4726 = CYLINDRICAL_SURFACE('',#4727,2.5);
#4727 = AXIS2_PLACEMENT_3D('',#4728,#4729,#4730);
#4728 = CARTESIAN_POINT('',(22.86,-8.89,0.));
#4729 = DIRECTION('',(-0.,-0.,-1.));
#4730 = DIRECTION('',(1.,0.,0.));
#4731 = DEFINITIONAL_REPRESENTATION('',(#4732),#4735);
#4732 = B_SPLINE_CURVE_WITH_KNOTS('',1,(#4733,#4734),.UNSPECIFIED.,.F.,
  .F.,(2,2),(-3.84,-2.3999994),.PIECEWISE_BEZIER_KNOTS.);
#4733 = CARTESIAN_POINT('',(-1.05181022764,-3.84));
#4734 = CARTESIAN_POINT('',(-1.05181022764,-2.3999994));
#4735 = ( GEOMETRIC_REPRESENTATION_CONTEXT(2) 
PARAMETRIC_REPRESENTATION_CONTEXT() REPRESENTATION_CONTEXT('2D SPACE',''
  ) );
#4736 = ORIENTED_EDGE('',*,*,#4737,.F.);
#4737 = EDGE_CURVE('',#4646,#4712,#4738,.T.);
#4738 = SURFACE_CURVE('',#4739,(#4743,#4750),.PCURVE_S1.);
#4739 = LINE('',#4740,#4741);
#4740 = CARTESIAN_POINT('',(24.1,-7.,3.4));
#4741 = VECTOR('',#4742,1.);
#4742 = DIRECTION('',(0.,1.,0.));
#4743 = PCURVE('',#1548,#4744);
#4744 = DEFINITIONAL_REPRESENTATION('',(#4745),#4749);
#4745 = LINE('',#4746,#4747);
#4746 = CARTESIAN_POINT('',(4.4,0.));
#4747 = VECTOR('',#4748,1.);
#4748 = DIRECTION('',(0.,-1.));
#4749 = ( GEOMETRIC_REPRESENTATION_CONTEXT(2) 
PARAMETRIC_REPRESENTATION_CONTEXT() REPRESENTATION_CONTEXT('2D SPACE',''
  ) );
#4750 = PCURVE('',#4751,#4756);
#4751 = PLANE('',#4752);
#4752 = AXIS2_PLACEMENT_3D('',#4753,#4754,#4755);
#4753 = CARTESIAN_POINT('',(21.9,-7.,3.4));
#4754 = DIRECTION('',(0.,0.,1.));
#4755 = DIRECTION('',(1.,0.,0.));
#4756 = DEFINITIONAL_REPRESENTATION('',(#4757),#4761);
#4757 = LINE('',#4758,#4759);
#4758 = CARTESIAN_POINT('',(2.2,0.));
#4759 = VECTOR('',#4760,1.);
#4760 = DIRECTION('',(0.,1.));
#4761 = ( GEOMETRIC_REPRESENTATION_CONTEXT(2) 
PARAMETRIC_REPRESENTATION_CONTEXT() REPRESENTATION_CONTEXT('2D SPACE',''
  ) );
#4762 = ADVANCED_FACE('',(#4763),#1574,.T.);
#4763 = FACE_BOUND('',#4764,.T.);
#4764 = EDGE_LOOP('',(#4765,#4766,#4767,#4790));
#4765 = ORIENTED_EDGE('',*,*,#4645,.F.);
#4766 = ORIENTED_EDGE('',*,*,#1559,.T.);
#4767 = ORIENTED_EDGE('',*,*,#4768,.T.);
#4768 = EDGE_CURVE('',#1560,#4769,#4771,.T.);
#4769 = VERTEX_POINT('',#4770);
#4770 = CARTESIAN_POINT('',(21.9,-7.,3.4));
#4771 = SURFACE_CURVE('',#4772,(#4776,#4783),.PCURVE_S1.);
#4772 = LINE('',#4773,#4774);
#4773 = CARTESIAN_POINT('',(21.9,-7.,-1.));
#4774 = VECTOR('',#4775,1.);
#4775 = DIRECTION('',(0.,0.,1.));
#4776 = PCURVE('',#1574,#4777);
#4777 = DEFINITIONAL_REPRESENTATION('',(#4778),#4782);
#4778 = LINE('',#4779,#4780);
#4779 = CARTESIAN_POINT('',(0.,0.));
#4780 = VECTOR('',#4781,1.);
#4781 = DIRECTION('',(1.,0.));
#4782 = ( GEOMETRIC_REPRESENTATION_CONTEXT(2) 
PARAMETRIC_REPRESENTATION_CONTEXT() REPRESENTATION_CONTEXT('2D SPACE',''
  ) );
#4783 = PCURVE('',#1600,#4784);
#4784 = DEFINITIONAL_REPRESENTATION('',(#4785),#4789);
#4785 = LINE('',#4786,#4787);
#4786 = CARTESIAN_POINT('',(0.,0.));
#4787 = VECTOR('',#4788,1.);
#4788 = DIRECTION('',(1.,0.));
#4789 = ( GEOMETRIC_REPRESENTATION_CONTEXT(2) 
PARAMETRIC_REPRESENTATION_CONTEXT() REPRESENTATION_CONTEXT('2D SPACE',''
  ) );
#4790 = ORIENTED_EDGE('',*,*,#4791,.T.);
#4791 = EDGE_CURVE('',#4769,#4646,#4792,.T.);
#4792 = SURFACE_CURVE('',#4793,(#4797,#4804),.PCURVE_S1.);
#4793 = LINE('',#4794,#4795);
#4794 = CARTESIAN_POINT('',(21.9,-7.,3.4));
#4795 = VECTOR('',#4796,1.);
#4796 = DIRECTION('',(1.,0.,0.));
#4797 = PCURVE('',#1574,#4798);
#4798 = DEFINITIONAL_REPRESENTATION('',(#4799),#4803);
#4799 = LINE('',#4800,#4801);
#4800 = CARTESIAN_POINT('',(4.4,0.));
#4801 = VECTOR('',#4802,1.);
#4802 = DIRECTION('',(0.,1.));
#4803 = ( GEOMETRIC_REPRESENTATION_CONTEXT(2) 
PARAMETRIC_REPRESENTATION_CONTEXT() REPRESENTATION_CONTEXT('2D SPACE',''
  ) );
#4804 = PCURVE('',#4751,#4805);
#4805 = DEFINITIONAL_REPRESENTATION('',(#4806),#4810);
#4806 = LINE('',#4807,#4808);
#4807 = CARTESIAN_POINT('',(0.,0.));
#4808 = VECTOR('',#4809,1.);
#4809 = DIRECTION('',(1.,0.));
#4810 = ( GEOMETRIC_REPRESENTATION_CONTEXT(2) 
PARAMETRIC_REPRESENTATION_CONTEXT() REPRESENTATION_CONTEXT('2D SPACE',''
  ) );
#4811 = ADVANCED_FACE('',(#4812),#1737,.F.);
#4812 = FACE_BOUND('',#4813,.T.);
#4813 = EDGE_LOOP('',(#4814,#4838,#4857,#4858));
#4814 = ORIENTED_EDGE('',*,*,#4815,.T.);
#4815 = EDGE_CURVE('',#4670,#4816,#4818,.T.);
#4816 = VERTEX_POINT('',#4817);
#4817 = CARTESIAN_POINT('',(24.1,4.40908153701,2.4));
#4818 = SURFACE_CURVE('',#4819,(#4824,#4831),.PCURVE_S1.);
#4819 = CIRCLE('',#4820,4.5);
#4820 = AXIS2_PLACEMENT_3D('',#4821,#4822,#4823);
#4821 = CARTESIAN_POINT('',(25.,0.,2.4));
#4822 = DIRECTION('',(0.,0.,1.));
#4823 = DIRECTION('',(-0.2,-0.979795897113,0.));
#4824 = PCURVE('',#1737,#4825);
#4825 = DEFINITIONAL_REPRESENTATION('',(#4826),#4830);
#4826 = LINE('',#4827,#4828);
#4827 = CARTESIAN_POINT('',(-4.511031059594,-3.4));
#4828 = VECTOR('',#4829,1.);
#4829 = DIRECTION('',(-1.,-0.));
#4830 = ( GEOMETRIC_REPRESENTATION_CONTEXT(2) 
PARAMETRIC_REPRESENTATION_CONTEXT() REPRESENTATION_CONTEXT('2D SPACE',''
  ) );
#4831 = PCURVE('',#3329,#4832);
#4832 = DEFINITIONAL_REPRESENTATION('',(#4833),#4837);
#4833 = CIRCLE('',#4834,4.5);
#4834 = AXIS2_PLACEMENT_2D('',#4835,#4836);
#4835 = CARTESIAN_POINT('',(56.,23.));
#4836 = DIRECTION('',(-0.2,-0.979795897113));
#4837 = ( GEOMETRIC_REPRESENTATION_CONTEXT(2) 
PARAMETRIC_REPRESENTATION_CONTEXT() REPRESENTATION_CONTEXT('2D SPACE',''
  ) );
#4838 = ORIENTED_EDGE('',*,*,#4839,.T.);
#4839 = EDGE_CURVE('',#4816,#1697,#4840,.T.);
#4840 = SURFACE_CURVE('',#4841,(#4845,#4851),.PCURVE_S1.);
#4841 = LINE('',#4842,#4843);
#4842 = CARTESIAN_POINT('',(24.1,4.40908153701,-1.));
#4843 = VECTOR('',#4844,1.);
#4844 = DIRECTION('',(-0.,-0.,-1.));
#4845 = PCURVE('',#1737,#4846);
#4846 = DEFINITIONAL_REPRESENTATION('',(#4847),#4850);
#4847 = B_SPLINE_CURVE_WITH_KNOTS('',1,(#4848,#4849),.UNSPECIFIED.,.F.,
  .F.,(2,2),(-3.4,-1.),.PIECEWISE_BEZIER_KNOTS.);
#4848 = CARTESIAN_POINT('',(-8.055339554765,-3.4));
#4849 = CARTESIAN_POINT('',(-8.055339554765,-1.));
#4850 = ( GEOMETRIC_REPRESENTATION_CONTEXT(2) 
PARAMETRIC_REPRESENTATION_CONTEXT() REPRESENTATION_CONTEXT('2D SPACE',''
  ) );
#4851 = PCURVE('',#1711,#4852);
#4852 = DEFINITIONAL_REPRESENTATION('',(#4853),#4856);
#4853 = B_SPLINE_CURVE_WITH_KNOTS('',1,(#4854,#4855),.UNSPECIFIED.,.F.,
  .F.,(2,2),(-4.4000006,-0.66),.PIECEWISE_BEZIER_KNOTS.);
#4854 = CARTESIAN_POINT('',(4.4000006,-11.40908153701));
#4855 = CARTESIAN_POINT('',(0.66,-11.40908153701));
#4856 = ( GEOMETRIC_REPRESENTATION_CONTEXT(2) 
PARAMETRIC_REPRESENTATION_CONTEXT() REPRESENTATION_CONTEXT('2D SPACE',''
  ) );
#4857 = ORIENTED_EDGE('',*,*,#1722,.F.);
#4858 = ORIENTED_EDGE('',*,*,#4669,.F.);
#4859 = ADVANCED_FACE('',(#4860),#1600,.T.);
#4860 = FACE_BOUND('',#4861,.T.);
#4861 = EDGE_LOOP('',(#4862,#4863,#4864,#4885,#4906,#4927));
#4862 = ORIENTED_EDGE('',*,*,#4768,.F.);
#4863 = ORIENTED_EDGE('',*,*,#1585,.T.);
#4864 = ORIENTED_EDGE('',*,*,#4865,.F.);
#4865 = EDGE_CURVE('',#4866,#1586,#4868,.T.);
#4866 = VERTEX_POINT('',#4867);
#4867 = CARTESIAN_POINT('',(21.9,-3.26190128606,2.4));
#4868 = SURFACE_CURVE('',#4869,(#4873,#4879),.PCURVE_S1.);
#4869 = LINE('',#4870,#4871);
#4870 = CARTESIAN_POINT('',(21.9,-3.26190128606,-1.));
#4871 = VECTOR('',#4872,1.);
#4872 = DIRECTION('',(-0.,-0.,-1.));
#4873 = PCURVE('',#1600,#4874);
#4874 = DEFINITIONAL_REPRESENTATION('',(#4875),#4878);
#4875 = B_SPLINE_CURVE_WITH_KNOTS('',1,(#4876,#4877),.UNSPECIFIED.,.F.,
  .F.,(2,2),(-4.4000006,-0.66),.PIECEWISE_BEZIER_KNOTS.);
#4876 = CARTESIAN_POINT('',(4.4000006,-3.73809871394));
#4877 = CARTESIAN_POINT('',(0.66,-3.73809871394));
#4878 = ( GEOMETRIC_REPRESENTATION_CONTEXT(2) 
PARAMETRIC_REPRESENTATION_CONTEXT() REPRESENTATION_CONTEXT('2D SPACE',''
  ) );
#4879 = PCURVE('',#1632,#4880);
#4880 = DEFINITIONAL_REPRESENTATION('',(#4881),#4884);
#4881 = B_SPLINE_CURVE_WITH_KNOTS('',1,(#4882,#4883),.UNSPECIFIED.,.F.,
  .F.,(2,2),(-4.4000006,-0.66),.PIECEWISE_BEZIER_KNOTS.);
#4882 = CARTESIAN_POINT('',(-3.952433894719,-4.4000006));
#4883 = CARTESIAN_POINT('',(-3.952433894719,-0.66));
#4884 = ( GEOMETRIC_REPRESENTATION_CONTEXT(2) 
PARAMETRIC_REPRESENTATION_CONTEXT() REPRESENTATION_CONTEXT('2D SPACE',''
  ) );
#4885 = ORIENTED_EDGE('',*,*,#4886,.F.);
#4886 = EDGE_CURVE('',#4887,#4866,#4889,.T.);
#4887 = VERTEX_POINT('',#4888);
#4888 = CARTESIAN_POINT('',(21.9,-6.581667268351,2.4));
#4889 = SURFACE_CURVE('',#4890,(#4894,#4900),.PCURVE_S1.);
#4890 = LINE('',#4891,#4892);
#4891 = CARTESIAN_POINT('',(21.9,-15.,2.4));
#4892 = VECTOR('',#4893,1.);
#4893 = DIRECTION('',(0.,1.,0.));
#4894 = PCURVE('',#1600,#4895);
#4895 = DEFINITIONAL_REPRESENTATION('',(#4896),#4899);
#4896 = B_SPLINE_CURVE_WITH_KNOTS('',1,(#4897,#4898),.UNSPECIFIED.,.F.,
  .F.,(2,2),(8.,22.),.PIECEWISE_BEZIER_KNOTS.);
#4897 = CARTESIAN_POINT('',(3.4,0.));
#4898 = CARTESIAN_POINT('',(3.4,-14.));
#4899 = ( GEOMETRIC_REPRESENTATION_CONTEXT(2) 
PARAMETRIC_REPRESENTATION_CONTEXT() REPRESENTATION_CONTEXT('2D SPACE',''
  ) );
#4900 = PCURVE('',#3329,#4901);
#4901 = DEFINITIONAL_REPRESENTATION('',(#4902),#4905);
#4902 = B_SPLINE_CURVE_WITH_KNOTS('',1,(#4903,#4904),.UNSPECIFIED.,.F.,
  .F.,(2,2),(8.,22.),.PIECEWISE_BEZIER_KNOTS.);
#4903 = CARTESIAN_POINT('',(52.9,16.));
#4904 = CARTESIAN_POINT('',(52.9,30.));
#4905 = ( GEOMETRIC_REPRESENTATION_CONTEXT(2) 
PARAMETRIC_REPRESENTATION_CONTEXT() REPRESENTATION_CONTEXT('2D SPACE',''
  ) );
#4906 = ORIENTED_EDGE('',*,*,#4907,.F.);
#4907 = EDGE_CURVE('',#4908,#4887,#4910,.T.);
#4908 = VERTEX_POINT('',#4909);
#4909 = CARTESIAN_POINT('',(21.9,-6.581667268352,3.4));
#4910 = SURFACE_CURVE('',#4911,(#4915,#4921),.PCURVE_S1.);
#4911 = LINE('',#4912,#4913);
#4912 = CARTESIAN_POINT('',(21.9,-6.581667268351,0.));
#4913 = VECTOR('',#4914,1.);
#4914 = DIRECTION('',(-0.,-0.,-1.));
#4915 = PCURVE('',#1600,#4916);
#4916 = DEFINITIONAL_REPRESENTATION('',(#4917),#4920);
#4917 = B_SPLINE_CURVE_WITH_KNOTS('',1,(#4918,#4919),.UNSPECIFIED.,.F.,
  .F.,(2,2),(-3.84,-2.3999994),.PIECEWISE_BEZIER_KNOTS.);
#4918 = CARTESIAN_POINT('',(4.84,-0.418332731649));
#4919 = CARTESIAN_POINT('',(3.3999994,-0.418332731649));
#4920 = ( GEOMETRIC_REPRESENTATION_CONTEXT(2) 
PARAMETRIC_REPRESENTATION_CONTEXT() REPRESENTATION_CONTEXT('2D SPACE',''
  ) );
#4921 = PCURVE('',#4726,#4922);
#4922 = DEFINITIONAL_REPRESENTATION('',(#4923),#4926);
#4923 = B_SPLINE_CURVE_WITH_KNOTS('',1,(#4924,#4925),.UNSPECIFIED.,.F.,
  .F.,(2,2),(-3.84,-2.3999994),.PIECEWISE_BEZIER_KNOTS.);
#4924 = CARTESIAN_POINT('',(-1.964920872346,-3.84));
#4925 = CARTESIAN_POINT('',(-1.964920872346,-2.3999994));
#4926 = ( GEOMETRIC_REPRESENTATION_CONTEXT(2) 
PARAMETRIC_REPRESENTATION_CONTEXT() REPRESENTATION_CONTEXT('2D SPACE',''
  ) );
#4927 = ORIENTED_EDGE('',*,*,#4928,.F.);
#4928 = EDGE_CURVE('',#4769,#4908,#4929,.T.);
#4929 = SURFACE_CURVE('',#4930,(#4934,#4941),.PCURVE_S1.);
#4930 = LINE('',#4931,#4932);
#4931 = CARTESIAN_POINT('',(21.9,-7.,3.4));
#4932 = VECTOR('',#4933,1.);
#4933 = DIRECTION('',(0.,1.,0.));
#4934 = PCURVE('',#1600,#4935);
#4935 = DEFINITIONAL_REPRESENTATION('',(#4936),#4940);
#4936 = LINE('',#4937,#4938);
#4937 = CARTESIAN_POINT('',(4.4,0.));
#4938 = VECTOR('',#4939,1.);
#4939 = DIRECTION('',(0.,-1.));
#4940 = ( GEOMETRIC_REPRESENTATION_CONTEXT(2) 
PARAMETRIC_REPRESENTATION_CONTEXT() REPRESENTATION_CONTEXT('2D SPACE',''
  ) );
#4941 = PCURVE('',#4751,#4942);
#4942 = DEFINITIONAL_REPRESENTATION('',(#4943),#4947);
#4943 = LINE('',#4944,#4945);
#4944 = CARTESIAN_POINT('',(0.,0.));
#4945 = VECTOR('',#4946,1.);
#4946 = DIRECTION('',(0.,1.));
#4947 = ( GEOMETRIC_REPRESENTATION_CONTEXT(2) 
PARAMETRIC_REPRESENTATION_CONTEXT() REPRESENTATION_CONTEXT('2D SPACE',''
  ) );
#4948 = ADVANCED_FACE('',(#4949),#1711,.F.);
#4949 = FACE_BOUND('',#4950,.F.);
#4950 = EDGE_LOOP('',(#4951,#4952,#4953,#4976,#5004,#5030));
#4951 = ORIENTED_EDGE('',*,*,#4839,.T.);
#4952 = ORIENTED_EDGE('',*,*,#1696,.T.);
#4953 = ORIENTED_EDGE('',*,*,#4954,.T.);
#4954 = EDGE_CURVE('',#1671,#4955,#4957,.T.);
#4955 = VERTEX_POINT('',#4956);
#4956 = CARTESIAN_POINT('',(24.1,7.,3.4));
#4957 = SURFACE_CURVE('',#4958,(#4962,#4969),.PCURVE_S1.);
#4958 = LINE('',#4959,#4960);
#4959 = CARTESIAN_POINT('',(24.1,7.,-1.));
#4960 = VECTOR('',#4961,1.);
#4961 = DIRECTION('',(0.,0.,1.));
#4962 = PCURVE('',#1711,#4963);
#4963 = DEFINITIONAL_REPRESENTATION('',(#4964),#4968);
#4964 = LINE('',#4965,#4966);
#4965 = CARTESIAN_POINT('',(0.,-14.));
#4966 = VECTOR('',#4967,1.);
#4967 = DIRECTION('',(1.,0.));
#4968 = ( GEOMETRIC_REPRESENTATION_CONTEXT(2) 
PARAMETRIC_REPRESENTATION_CONTEXT() REPRESENTATION_CONTEXT('2D SPACE',''
  ) );
#4969 = PCURVE('',#1685,#4970);
#4970 = DEFINITIONAL_REPRESENTATION('',(#4971),#4975);
#4971 = LINE('',#4972,#4973);
#4972 = CARTESIAN_POINT('',(0.,2.2));
#4973 = VECTOR('',#4974,1.);
#4974 = DIRECTION('',(1.,0.));
#4975 = ( GEOMETRIC_REPRESENTATION_CONTEXT(2) 
PARAMETRIC_REPRESENTATION_CONTEXT() REPRESENTATION_CONTEXT('2D SPACE',''
  ) );
#4976 = ORIENTED_EDGE('',*,*,#4977,.F.);
#4977 = EDGE_CURVE('',#4978,#4955,#4980,.T.);
#4978 = VERTEX_POINT('',#4979);
#4979 = CARTESIAN_POINT('',(24.1,6.719193698185,3.4));
#4980 = SURFACE_CURVE('',#4981,(#4985,#4992),.PCURVE_S1.);
#4981 = LINE('',#4982,#4983);
#4982 = CARTESIAN_POINT('',(24.1,-7.,3.4));
#4983 = VECTOR('',#4984,1.);
#4984 = DIRECTION('',(0.,1.,0.));
#4985 = PCURVE('',#1711,#4986);
#4986 = DEFINITIONAL_REPRESENTATION('',(#4987),#4991);
#4987 = LINE('',#4988,#4989);
#4988 = CARTESIAN_POINT('',(4.4,0.));
#4989 = VECTOR('',#4990,1.);
#4990 = DIRECTION('',(0.,-1.));
#4991 = ( GEOMETRIC_REPRESENTATION_CONTEXT(2) 
PARAMETRIC_REPRESENTATION_CONTEXT() REPRESENTATION_CONTEXT('2D SPACE',''
  ) );
#4992 = PCURVE('',#4993,#4998);
#4993 = PLANE('',#4994);
#4994 = AXIS2_PLACEMENT_3D('',#4995,#4996,#4997);
#4995 = CARTESIAN_POINT('',(21.9,-7.,3.4));
#4996 = DIRECTION('',(0.,0.,1.));
#4997 = DIRECTION('',(1.,0.,0.));
#4998 = DEFINITIONAL_REPRESENTATION('',(#4999),#5003);
#4999 = LINE('',#5000,#5001);
#5000 = CARTESIAN_POINT('',(2.2,0.));
#5001 = VECTOR('',#5002,1.);
#5002 = DIRECTION('',(0.,1.));
#5003 = ( GEOMETRIC_REPRESENTATION_CONTEXT(2) 
PARAMETRIC_REPRESENTATION_CONTEXT() REPRESENTATION_CONTEXT('2D SPACE',''
  ) );
#5004 = ORIENTED_EDGE('',*,*,#5005,.T.);
#5005 = EDGE_CURVE('',#4978,#5006,#5008,.T.);
#5006 = VERTEX_POINT('',#5007);
#5007 = CARTESIAN_POINT('',(24.1,6.719193698185,2.4));
#5008 = SURFACE_CURVE('',#5009,(#5013,#5019),.PCURVE_S1.);
#5009 = LINE('',#5010,#5011);
#5010 = CARTESIAN_POINT('',(24.1,6.719193698185,0.));
#5011 = VECTOR('',#5012,1.);
#5012 = DIRECTION('',(-0.,-0.,-1.));
#5013 = PCURVE('',#1711,#5014);
#5014 = DEFINITIONAL_REPRESENTATION('',(#5015),#5018);
#5015 = B_SPLINE_CURVE_WITH_KNOTS('',1,(#5016,#5017),.UNSPECIFIED.,.F.,
  .F.,(2,2),(-3.84,-2.3999994),.PIECEWISE_BEZIER_KNOTS.);
#5016 = CARTESIAN_POINT('',(4.84,-13.71919369818));
#5017 = CARTESIAN_POINT('',(3.3999994,-13.71919369818));
#5018 = ( GEOMETRIC_REPRESENTATION_CONTEXT(2) 
PARAMETRIC_REPRESENTATION_CONTEXT() REPRESENTATION_CONTEXT('2D SPACE',''
  ) );
#5019 = PCURVE('',#5020,#5025);
#5020 = CYLINDRICAL_SURFACE('',#5021,2.5);
#5021 = AXIS2_PLACEMENT_3D('',#5022,#5023,#5024);
#5022 = CARTESIAN_POINT('',(22.86,8.89,0.));
#5023 = DIRECTION('',(-0.,-0.,-1.));
#5024 = DIRECTION('',(1.,0.,0.));
#5025 = DEFINITIONAL_REPRESENTATION('',(#5026),#5029);
#5026 = B_SPLINE_CURVE_WITH_KNOTS('',1,(#5027,#5028),.UNSPECIFIED.,.F.,
  .F.,(2,2),(-3.84,-2.3999994),.PIECEWISE_BEZIER_KNOTS.);
#5027 = CARTESIAN_POINT('',(-5.23137507954,-3.84));
#5028 = CARTESIAN_POINT('',(-5.23137507954,-2.3999994));
#5029 = ( GEOMETRIC_REPRESENTATION_CONTEXT(2) 
PARAMETRIC_REPRESENTATION_CONTEXT() REPRESENTATION_CONTEXT('2D SPACE',''
  ) );
#5030 = ORIENTED_EDGE('',*,*,#5031,.F.);
#5031 = EDGE_CURVE('',#4816,#5006,#5032,.T.);
#5032 = SURFACE_CURVE('',#5033,(#5037,#5043),.PCURVE_S1.);
#5033 = LINE('',#5034,#5035);
#5034 = CARTESIAN_POINT('',(24.1,-15.,2.4));
#5035 = VECTOR('',#5036,1.);
#5036 = DIRECTION('',(0.,1.,0.));
#5037 = PCURVE('',#1711,#5038);
#5038 = DEFINITIONAL_REPRESENTATION('',(#5039),#5042);
#5039 = B_SPLINE_CURVE_WITH_KNOTS('',1,(#5040,#5041),.UNSPECIFIED.,.F.,
  .F.,(2,2),(8.,22.),.PIECEWISE_BEZIER_KNOTS.);
#5040 = CARTESIAN_POINT('',(3.4,0.));
#5041 = CARTESIAN_POINT('',(3.4,-14.));
#5042 = ( GEOMETRIC_REPRESENTATION_CONTEXT(2) 
PARAMETRIC_REPRESENTATION_CONTEXT() REPRESENTATION_CONTEXT('2D SPACE',''
  ) );
#5043 = PCURVE('',#3329,#5044);
#5044 = DEFINITIONAL_REPRESENTATION('',(#5045),#5048);
#5045 = B_SPLINE_CURVE_WITH_KNOTS('',1,(#5046,#5047),.UNSPECIFIED.,.F.,
  .F.,(2,2),(8.,22.),.PIECEWISE_BEZIER_KNOTS.);
#5046 = CARTESIAN_POINT('',(55.1,16.));
#5047 = CARTESIAN_POINT('',(55.1,30.));
#5048 = ( GEOMETRIC_REPRESENTATION_CONTEXT(2) 
PARAMETRIC_REPRESENTATION_CONTEXT() REPRESENTATION_CONTEXT('2D SPACE',''
  ) );
#5049 = ADVANCED_FACE('',(#5050),#1632,.F.);
#5050 = FACE_BOUND('',#5051,.T.);
#5051 = EDGE_LOOP('',(#5052,#5053,#5054,#5075));
#5052 = ORIENTED_EDGE('',*,*,#4865,.T.);
#5053 = ORIENTED_EDGE('',*,*,#1611,.T.);
#5054 = ORIENTED_EDGE('',*,*,#5055,.F.);
#5055 = EDGE_CURVE('',#5056,#1612,#5058,.T.);
#5056 = VERTEX_POINT('',#5057);
#5057 = CARTESIAN_POINT('',(21.9,3.26190128606,2.4));
#5058 = SURFACE_CURVE('',#5059,(#5063,#5069),.PCURVE_S1.);
#5059 = LINE('',#5060,#5061);
#5060 = CARTESIAN_POINT('',(21.9,3.26190128606,-1.));
#5061 = VECTOR('',#5062,1.);
#5062 = DIRECTION('',(-0.,-0.,-1.));
#5063 = PCURVE('',#1632,#5064);
#5064 = DEFINITIONAL_REPRESENTATION('',(#5065),#5068);
#5065 = B_SPLINE_CURVE_WITH_KNOTS('',1,(#5066,#5067),.UNSPECIFIED.,.F.,
  .F.,(2,2),(-4.4000006,-0.66),.PIECEWISE_BEZIER_KNOTS.);
#5066 = CARTESIAN_POINT('',(-2.330751412461,-4.4000006));
#5067 = CARTESIAN_POINT('',(-2.330751412461,-0.66));
#5068 = ( GEOMETRIC_REPRESENTATION_CONTEXT(2) 
PARAMETRIC_REPRESENTATION_CONTEXT() REPRESENTATION_CONTEXT('2D SPACE',''
  ) );
#5069 = PCURVE('',#1659,#5070);
#5070 = DEFINITIONAL_REPRESENTATION('',(#5071),#5074);
#5071 = B_SPLINE_CURVE_WITH_KNOTS('',1,(#5072,#5073),.UNSPECIFIED.,.F.,
  .F.,(2,2),(-4.4000006,-0.66),.PIECEWISE_BEZIER_KNOTS.);
#5072 = CARTESIAN_POINT('',(4.4000006,-10.26190128606));
#5073 = CARTESIAN_POINT('',(0.66,-10.26190128606));
#5074 = ( GEOMETRIC_REPRESENTATION_CONTEXT(2) 
PARAMETRIC_REPRESENTATION_CONTEXT() REPRESENTATION_CONTEXT('2D SPACE',''
  ) );
#5075 = ORIENTED_EDGE('',*,*,#5076,.F.);
#5076 = EDGE_CURVE('',#4866,#5056,#5077,.T.);
#5077 = SURFACE_CURVE('',#5078,(#5083,#5090),.PCURVE_S1.);
#5078 = CIRCLE('',#5079,4.5);
#5079 = AXIS2_PLACEMENT_3D('',#5080,#5081,#5082);
#5080 = CARTESIAN_POINT('',(25.,0.,2.4));
#5081 = DIRECTION('',(0.,0.,-1.));
#5082 = DIRECTION('',(1.,0.,0.));
#5083 = PCURVE('',#1632,#5084);
#5084 = DEFINITIONAL_REPRESENTATION('',(#5085),#5089);
#5085 = LINE('',#5086,#5087);
#5086 = CARTESIAN_POINT('',(-6.28318530718,-3.4));
#5087 = VECTOR('',#5088,1.);
#5088 = DIRECTION('',(1.,-0.));
#5089 = ( GEOMETRIC_REPRESENTATION_CONTEXT(2) 
PARAMETRIC_REPRESENTATION_CONTEXT() REPRESENTATION_CONTEXT('2D SPACE',''
  ) );
#5090 = PCURVE('',#3329,#5091);
#5091 = DEFINITIONAL_REPRESENTATION('',(#5092),#5100);
#5092 = ( BOUNDED_CURVE() B_SPLINE_CURVE(2,(#5093,#5094,#5095,#5096,
#5097,#5098,#5099),.UNSPECIFIED.,.T.,.F.) B_SPLINE_CURVE_WITH_KNOTS((1,2
    ,2,2,2,1),(-2.094395102393,0.,2.094395102393,4.188790204786,
6.28318530718,8.377580409573),.UNSPECIFIED.) CURVE() 
GEOMETRIC_REPRESENTATION_ITEM() RATIONAL_B_SPLINE_CURVE((1.,0.5,1.,0.5,
1.,0.5,1.)) REPRESENTATION_ITEM('') );
#5093 = CARTESIAN_POINT('',(60.5,23.));
#5094 = CARTESIAN_POINT('',(60.5,15.20577136594));
#5095 = CARTESIAN_POINT('',(53.75,19.10288568297));
#5096 = CARTESIAN_POINT('',(47.,23.));
#5097 = CARTESIAN_POINT('',(53.75,26.89711431703));
#5098 = CARTESIAN_POINT('',(60.5,30.79422863406));
#5099 = CARTESIAN_POINT('',(60.5,23.));
#5100 = ( GEOMETRIC_REPRESENTATION_CONTEXT(2) 
PARAMETRIC_REPRESENTATION_CONTEXT() REPRESENTATION_CONTEXT('2D SPACE',''
  ) );
#5101 = ADVANCED_FACE('',(#5102),#1685,.F.);
#5102 = FACE_BOUND('',#5103,.F.);
#5103 = EDGE_LOOP('',(#5104,#5105,#5106,#5129));
#5104 = ORIENTED_EDGE('',*,*,#4954,.F.);
#5105 = ORIENTED_EDGE('',*,*,#1670,.T.);
#5106 = ORIENTED_EDGE('',*,*,#5107,.T.);
#5107 = EDGE_CURVE('',#1645,#5108,#5110,.T.);
#5108 = VERTEX_POINT('',#5109);
#5109 = CARTESIAN_POINT('',(21.9,7.,3.4));
#5110 = SURFACE_CURVE('',#5111,(#5115,#5122),.PCURVE_S1.);
#5111 = LINE('',#5112,#5113);
#5112 = CARTESIAN_POINT('',(21.9,7.,-1.));
#5113 = VECTOR('',#5114,1.);
#5114 = DIRECTION('',(0.,0.,1.));
#5115 = PCURVE('',#1685,#5116);
#5116 = DEFINITIONAL_REPRESENTATION('',(#5117),#5121);
#5117 = LINE('',#5118,#5119);
#5118 = CARTESIAN_POINT('',(0.,0.));
#5119 = VECTOR('',#5120,1.);
#5120 = DIRECTION('',(1.,0.));
#5121 = ( GEOMETRIC_REPRESENTATION_CONTEXT(2) 
PARAMETRIC_REPRESENTATION_CONTEXT() REPRESENTATION_CONTEXT('2D SPACE',''
  ) );
#5122 = PCURVE('',#1659,#5123);
#5123 = DEFINITIONAL_REPRESENTATION('',(#5124),#5128);
#5124 = LINE('',#5125,#5126);
#5125 = CARTESIAN_POINT('',(0.,-14.));
#5126 = VECTOR('',#5127,1.);
#5127 = DIRECTION('',(1.,0.));
#5128 = ( GEOMETRIC_REPRESENTATION_CONTEXT(2) 
PARAMETRIC_REPRESENTATION_CONTEXT() REPRESENTATION_CONTEXT('2D SPACE',''
  ) );
#5129 = ORIENTED_EDGE('',*,*,#5130,.T.);
#5130 = EDGE_CURVE('',#5108,#4955,#5131,.T.);
#5131 = SURFACE_CURVE('',#5132,(#5136,#5143),.PCURVE_S1.);
#5132 = LINE('',#5133,#5134);
#5133 = CARTESIAN_POINT('',(21.9,7.,3.4));
#5134 = VECTOR('',#5135,1.);
#5135 = DIRECTION('',(1.,0.,0.));
#5136 = PCURVE('',#1685,#5137);
#5137 = DEFINITIONAL_REPRESENTATION('',(#5138),#5142);
#5138 = LINE('',#5139,#5140);
#5139 = CARTESIAN_POINT('',(4.4,0.));
#5140 = VECTOR('',#5141,1.);
#5141 = DIRECTION('',(0.,1.));
#5142 = ( GEOMETRIC_REPRESENTATION_CONTEXT(2) 
PARAMETRIC_REPRESENTATION_CONTEXT() REPRESENTATION_CONTEXT('2D SPACE',''
  ) );
#5143 = PCURVE('',#4993,#5144);
#5144 = DEFINITIONAL_REPRESENTATION('',(#5145),#5149);
#5145 = LINE('',#5146,#5147);
#5146 = CARTESIAN_POINT('',(0.,14.));
#5147 = VECTOR('',#5148,1.);
#5148 = DIRECTION('',(1.,0.));
#5149 = ( GEOMETRIC_REPRESENTATION_CONTEXT(2) 
PARAMETRIC_REPRESENTATION_CONTEXT() REPRESENTATION_CONTEXT('2D SPACE',''
  ) );
#5150 = ADVANCED_FACE('',(#5151),#1659,.T.);
#5151 = FACE_BOUND('',#5152,.T.);
#5152 = EDGE_LOOP('',(#5153,#5154,#5155,#5156,#5179,#5200));
#5153 = ORIENTED_EDGE('',*,*,#5055,.T.);
#5154 = ORIENTED_EDGE('',*,*,#1644,.T.);
#5155 = ORIENTED_EDGE('',*,*,#5107,.T.);
#5156 = ORIENTED_EDGE('',*,*,#5157,.F.);
#5157 = EDGE_CURVE('',#5158,#5108,#5160,.T.);
#5158 = VERTEX_POINT('',#5159);
#5159 = CARTESIAN_POINT('',(21.9,6.581667268351,3.4));
#5160 = SURFACE_CURVE('',#5161,(#5165,#5172),.PCURVE_S1.);
#5161 = LINE('',#5162,#5163);
#5162 = CARTESIAN_POINT('',(21.9,-7.,3.4));
#5163 = VECTOR('',#5164,1.);
#5164 = DIRECTION('',(0.,1.,0.));
#5165 = PCURVE('',#1659,#5166);
#5166 = DEFINITIONAL_REPRESENTATION('',(#5167),#5171);
#5167 = LINE('',#5168,#5169);
#5168 = CARTESIAN_POINT('',(4.4,0.));
#5169 = VECTOR('',#5170,1.);
#5170 = DIRECTION('',(0.,-1.));
#5171 = ( GEOMETRIC_REPRESENTATION_CONTEXT(2) 
PARAMETRIC_REPRESENTATION_CONTEXT() REPRESENTATION_CONTEXT('2D SPACE',''
  ) );
#5172 = PCURVE('',#4993,#5173);
#5173 = DEFINITIONAL_REPRESENTATION('',(#5174),#5178);
#5174 = LINE('',#5175,#5176);
#5175 = CARTESIAN_POINT('',(0.,0.));
#5176 = VECTOR('',#5177,1.);
#5177 = DIRECTION('',(0.,1.));
#5178 = ( GEOMETRIC_REPRESENTATION_CONTEXT(2) 
PARAMETRIC_REPRESENTATION_CONTEXT() REPRESENTATION_CONTEXT('2D SPACE',''
  ) );
#5179 = ORIENTED_EDGE('',*,*,#5180,.T.);
#5180 = EDGE_CURVE('',#5158,#5181,#5183,.T.);
#5181 = VERTEX_POINT('',#5182);
#5182 = CARTESIAN_POINT('',(21.9,6.581667268351,2.4));
#5183 = SURFACE_CURVE('',#5184,(#5188,#5194),.PCURVE_S1.);
#5184 = LINE('',#5185,#5186);
#5185 = CARTESIAN_POINT('',(21.9,6.581667268351,0.));
#5186 = VECTOR('',#5187,1.);
#5187 = DIRECTION('',(-0.,-0.,-1.));
#5188 = PCURVE('',#1659,#5189);
#5189 = DEFINITIONAL_REPRESENTATION('',(#5190),#5193);
#5190 = B_SPLINE_CURVE_WITH_KNOTS('',1,(#5191,#5192),.UNSPECIFIED.,.F.,
  .F.,(2,2),(-3.84,-2.3999994),.PIECEWISE_BEZIER_KNOTS.);
#5191 = CARTESIAN_POINT('',(4.84,-13.58166726835));
#5192 = CARTESIAN_POINT('',(3.3999994,-13.58166726835));
#5193 = ( GEOMETRIC_REPRESENTATION_CONTEXT(2) 
PARAMETRIC_REPRESENTATION_CONTEXT() REPRESENTATION_CONTEXT('2D SPACE',''
  ) );
#5194 = PCURVE('',#5020,#5195);
#5195 = DEFINITIONAL_REPRESENTATION('',(#5196),#5199);
#5196 = B_SPLINE_CURVE_WITH_KNOTS('',1,(#5197,#5198),.UNSPECIFIED.,.F.,
  .F.,(2,2),(-3.84,-2.3999994),.PIECEWISE_BEZIER_KNOTS.);
#5197 = CARTESIAN_POINT('',(-4.318264434834,-3.84));
#5198 = CARTESIAN_POINT('',(-4.318264434834,-2.3999994));
#5199 = ( GEOMETRIC_REPRESENTATION_CONTEXT(2) 
PARAMETRIC_REPRESENTATION_CONTEXT() REPRESENTATION_CONTEXT('2D SPACE',''
  ) );
#5200 = ORIENTED_EDGE('',*,*,#5201,.F.);
#5201 = EDGE_CURVE('',#5056,#5181,#5202,.T.);
#5202 = SURFACE_CURVE('',#5203,(#5207,#5213),.PCURVE_S1.);
#5203 = LINE('',#5204,#5205);
#5204 = CARTESIAN_POINT('',(21.9,-15.,2.4));
#5205 = VECTOR('',#5206,1.);
#5206 = DIRECTION('',(0.,1.,0.));
#5207 = PCURVE('',#1659,#5208);
#5208 = DEFINITIONAL_REPRESENTATION('',(#5209),#5212);
#5209 = B_SPLINE_CURVE_WITH_KNOTS('',1,(#5210,#5211),.UNSPECIFIED.,.F.,
  .F.,(2,2),(8.,22.),.PIECEWISE_BEZIER_KNOTS.);
#5210 = CARTESIAN_POINT('',(3.4,0.));
#5211 = CARTESIAN_POINT('',(3.4,-14.));
#5212 = ( GEOMETRIC_REPRESENTATION_CONTEXT(2) 
PARAMETRIC_REPRESENTATION_CONTEXT() REPRESENTATION_CONTEXT('2D SPACE',''
  ) );
#5213 = PCURVE('',#3329,#5214);
#5214 = DEFINITIONAL_REPRESENTATION('',(#5215),#5218);
#5215 = B_SPLINE_CURVE_WITH_KNOTS('',1,(#5216,#5217),.UNSPECIFIED.,.F.,
  .F.,(2,2),(8.,22.),.PIECEWISE_BEZIER_KNOTS.);
#5216 = CARTESIAN_POINT('',(52.9,16.));
#5217 = CARTESIAN_POINT('',(52.9,30.));
#5218 = ( GEOMETRIC_REPRESENTATION_CONTEXT(2) 
PARAMETRIC_REPRESENTATION_CONTEXT() REPRESENTATION_CONTEXT('2D SPACE',''
  ) );
#5219 = ADVANCED_FACE('',(#5220),#1768,.F.);
#5220 = FACE_BOUND('',#5221,.T.);
#5221 = EDGE_LOOP('',(#5222,#5223,#5246,#5277));
#5222 = ORIENTED_EDGE('',*,*,#1751,.F.);
#5223 = ORIENTED_EDGE('',*,*,#5224,.T.);
#5224 = EDGE_CURVE('',#1752,#5225,#5227,.T.);
#5225 = VERTEX_POINT('',#5226);
#5226 = CARTESIAN_POINT('',(24.16,8.89,5.4));
#5227 = SEAM_CURVE('',#5228,(#5232,#5239),.PCURVE_S1.);
#5228 = LINE('',#5229,#5230);
#5229 = CARTESIAN_POINT('',(24.16,8.89,0.));
#5230 = VECTOR('',#5231,1.);
#5231 = DIRECTION('',(0.,0.,1.));
#5232 = PCURVE('',#1768,#5233);
#5233 = DEFINITIONAL_REPRESENTATION('',(#5234),#5238);
#5234 = LINE('',#5235,#5236);
#5235 = CARTESIAN_POINT('',(-6.28318530718,0.));
#5236 = VECTOR('',#5237,1.);
#5237 = DIRECTION('',(-0.,-1.));
#5238 = ( GEOMETRIC_REPRESENTATION_CONTEXT(2) 
PARAMETRIC_REPRESENTATION_CONTEXT() REPRESENTATION_CONTEXT('2D SPACE',''
  ) );
#5239 = PCURVE('',#1768,#5240);
#5240 = DEFINITIONAL_REPRESENTATION('',(#5241),#5245);
#5241 = LINE('',#5242,#5243);
#5242 = CARTESIAN_POINT('',(-0.,0.));
#5243 = VECTOR('',#5244,1.);
#5244 = DIRECTION('',(-0.,-1.));
#5245 = ( GEOMETRIC_REPRESENTATION_CONTEXT(2) 
PARAMETRIC_REPRESENTATION_CONTEXT() REPRESENTATION_CONTEXT('2D SPACE',''
  ) );
#5246 = ORIENTED_EDGE('',*,*,#5247,.F.);
#5247 = EDGE_CURVE('',#5225,#5225,#5248,.T.);
#5248 = SURFACE_CURVE('',#5249,(#5254,#5261),.PCURVE_S1.);
#5249 = CIRCLE('',#5250,1.3);
#5250 = AXIS2_PLACEMENT_3D('',#5251,#5252,#5253);
#5251 = CARTESIAN_POINT('',(22.86,8.89,5.4));
#5252 = DIRECTION('',(0.,0.,-1.));
#5253 = DIRECTION('',(1.,0.,0.));
#5254 = PCURVE('',#1768,#5255);
#5255 = DEFINITIONAL_REPRESENTATION('',(#5256),#5260);
#5256 = LINE('',#5257,#5258);
#5257 = CARTESIAN_POINT('',(-6.28318530718,-5.4));
#5258 = VECTOR('',#5259,1.);
#5259 = DIRECTION('',(1.,-0.));
#5260 = ( GEOMETRIC_REPRESENTATION_CONTEXT(2) 
PARAMETRIC_REPRESENTATION_CONTEXT() REPRESENTATION_CONTEXT('2D SPACE',''
  ) );
#5261 = PCURVE('',#5262,#5267);
#5262 = PLANE('',#5263);
#5263 = AXIS2_PLACEMENT_3D('',#5264,#5265,#5266);
#5264 = CARTESIAN_POINT('',(22.86,8.89,5.4));
#5265 = DIRECTION('',(0.,0.,1.));
#5266 = DIRECTION('',(1.,0.,-0.));
#5267 = DEFINITIONAL_REPRESENTATION('',(#5268),#5276);
#5268 = ( BOUNDED_CURVE() B_SPLINE_CURVE(2,(#5269,#5270,#5271,#5272,
#5273,#5274,#5275),.UNSPECIFIED.,.T.,.F.) B_SPLINE_CURVE_WITH_KNOTS((1,2
    ,2,2,2,1),(-2.094395102393,0.,2.094395102393,4.188790204786,
6.28318530718,8.377580409573),.UNSPECIFIED.) CURVE() 
GEOMETRIC_REPRESENTATION_ITEM() RATIONAL_B_SPLINE_CURVE((1.,0.5,1.,0.5,
1.,0.5,1.)) REPRESENTATION_ITEM('') );
#5269 = CARTESIAN_POINT('',(1.3,0.));
#5270 = CARTESIAN_POINT('',(1.3,-2.25166604984));
#5271 = CARTESIAN_POINT('',(-0.65,-1.12583302492));
#5272 = CARTESIAN_POINT('',(-2.6,-3.184081677783E-16));
#5273 = CARTESIAN_POINT('',(-0.65,1.12583302492));
#5274 = CARTESIAN_POINT('',(1.3,2.25166604984));
#5275 = CARTESIAN_POINT('',(1.3,0.));
#5276 = ( GEOMETRIC_REPRESENTATION_CONTEXT(2) 
PARAMETRIC_REPRESENTATION_CONTEXT() REPRESENTATION_CONTEXT('2D SPACE',''
  ) );
#5277 = ORIENTED_EDGE('',*,*,#5224,.F.);
#5278 = ADVANCED_FACE('',(#5279),#1823,.T.);
#5279 = FACE_BOUND('',#5280,.T.);
#5280 = EDGE_LOOP('',(#5281,#5282,#5283,#5284,#5305,#5333,#5352,#5353,
    #5354,#5355,#5356,#5377,#5405,#5424,#5425,#5426,#5427,#5428,#5449,
    #5477,#5496,#5497,#5498,#5499,#5500,#5521,#5549,#5568));
#5281 = ORIENTED_EDGE('',*,*,#1861,.F.);
#5282 = ORIENTED_EDGE('',*,*,#1807,.T.);
#5283 = ORIENTED_EDGE('',*,*,#4182,.T.);
#5284 = ORIENTED_EDGE('',*,*,#5285,.F.);
#5285 = EDGE_CURVE('',#5286,#4183,#5288,.T.);
#5286 = VERTEX_POINT('',#5287);
#5287 = CARTESIAN_POINT('',(-35.56747109368,-33.30472939388,4.));
#5288 = SURFACE_CURVE('',#5289,(#5293,#5299),.PCURVE_S1.);
#5289 = LINE('',#5290,#5291);
#5290 = CARTESIAN_POINT('',(-21.21320343559,-18.95046173579,4.));
#5291 = VECTOR('',#5292,1.);
#5292 = DIRECTION('',(-0.707106781187,-0.707106781187,0.));
#5293 = PCURVE('',#1823,#5294);
#5294 = DEFINITIONAL_REPRESENTATION('',(#5295),#5298);
#5295 = B_SPLINE_CURVE_WITH_KNOTS('',1,(#5296,#5297),.UNSPECIFIED.,.F.,
  .F.,(2,2),(20.3,22.19091846299),.PIECEWISE_BEZIER_KNOTS.);
#5296 = CARTESIAN_POINT('',(4.6,53.2));
#5297 = CARTESIAN_POINT('',(4.6,55.09091846299));
#5298 = ( GEOMETRIC_REPRESENTATION_CONTEXT(2) 
PARAMETRIC_REPRESENTATION_CONTEXT() REPRESENTATION_CONTEXT('2D SPACE',''
  ) );
#5299 = PCURVE('',#4224,#5300);
#5300 = DEFINITIONAL_REPRESENTATION('',(#5301),#5304);
#5301 = B_SPLINE_CURVE_WITH_KNOTS('',1,(#5302,#5303),.UNSPECIFIED.,.F.,
  .F.,(2,2),(20.3,22.19091846299),.PIECEWISE_BEZIER_KNOTS.);
#5302 = CARTESIAN_POINT('',(2.,12.6));
#5303 = CARTESIAN_POINT('',(2.,10.70908153701));
#5304 = ( GEOMETRIC_REPRESENTATION_CONTEXT(2) 
PARAMETRIC_REPRESENTATION_CONTEXT() REPRESENTATION_CONTEXT('2D SPACE',''
  ) );
#5305 = ORIENTED_EDGE('',*,*,#5306,.T.);
#5306 = EDGE_CURVE('',#5286,#5307,#5309,.T.);
#5307 = VERTEX_POINT('',#5308);
#5308 = CARTESIAN_POINT('',(-33.30472939388,-35.56747109368,4.));
#5309 = SURFACE_CURVE('',#5310,(#5314,#5321),.PCURVE_S1.);
#5310 = LINE('',#5311,#5312);
#5311 = CARTESIAN_POINT('',(-35.56747109368,-33.30472939388,4.));
#5312 = VECTOR('',#5313,1.);
#5313 = DIRECTION('',(0.707106781187,-0.707106781187,0.));
#5314 = PCURVE('',#1823,#5315);
#5315 = DEFINITIONAL_REPRESENTATION('',(#5316),#5320);
#5316 = LINE('',#5317,#5318);
#5317 = CARTESIAN_POINT('',(4.6,53.2));
#5318 = VECTOR('',#5319,1.);
#5319 = DIRECTION('',(-1.,-1.110223024625E-16));
#5320 = ( GEOMETRIC_REPRESENTATION_CONTEXT(2) 
PARAMETRIC_REPRESENTATION_CONTEXT() REPRESENTATION_CONTEXT('2D SPACE',''
  ) );
#5321 = PCURVE('',#5322,#5327);
#5322 = PLANE('',#5323);
#5323 = AXIS2_PLACEMENT_3D('',#5324,#5325,#5326);
#5324 = CARTESIAN_POINT('',(-33.30472939388,-35.56747109368,2.));
#5325 = DIRECTION('',(0.707106781187,0.707106781187,0.));
#5326 = DIRECTION('',(0.,0.,1.));
#5327 = DEFINITIONAL_REPRESENTATION('',(#5328),#5332);
#5328 = LINE('',#5329,#5330);
#5329 = CARTESIAN_POINT('',(2.,-3.2));
#5330 = VECTOR('',#5331,1.);
#5331 = DIRECTION('',(0.,1.));
#5332 = ( GEOMETRIC_REPRESENTATION_CONTEXT(2) 
PARAMETRIC_REPRESENTATION_CONTEXT() REPRESENTATION_CONTEXT('2D SPACE',''
  ) );
#5333 = ORIENTED_EDGE('',*,*,#5334,.T.);
#5334 = EDGE_CURVE('',#5307,#4377,#5335,.T.);
#5335 = SURFACE_CURVE('',#5336,(#5340,#5346),.PCURVE_S1.);
#5336 = LINE('',#5337,#5338);
#5337 = CARTESIAN_POINT('',(-18.95046173579,-21.21320343559,4.));
#5338 = VECTOR('',#5339,1.);
#5339 = DIRECTION('',(-0.707106781187,-0.707106781187,0.));
#5340 = PCURVE('',#1823,#5341);
#5341 = DEFINITIONAL_REPRESENTATION('',(#5342),#5345);
#5342 = B_SPLINE_CURVE_WITH_KNOTS('',1,(#5343,#5344),.UNSPECIFIED.,.F.,
  .F.,(2,2),(20.3,22.19091846299),.PIECEWISE_BEZIER_KNOTS.);
#5343 = CARTESIAN_POINT('',(1.4,53.2));
#5344 = CARTESIAN_POINT('',(1.4,55.09091846299));
#5345 = ( GEOMETRIC_REPRESENTATION_CONTEXT(2) 
PARAMETRIC_REPRESENTATION_CONTEXT() REPRESENTATION_CONTEXT('2D SPACE',''
  ) );
#5346 = PCURVE('',#4332,#5347);
#5347 = DEFINITIONAL_REPRESENTATION('',(#5348),#5351);
#5348 = B_SPLINE_CURVE_WITH_KNOTS('',1,(#5349,#5350),.UNSPECIFIED.,.F.,
  .F.,(2,2),(20.3,22.19091846299),.PIECEWISE_BEZIER_KNOTS.);
#5349 = CARTESIAN_POINT('',(2.,12.6));
#5350 = CARTESIAN_POINT('',(2.,10.70908153701));
#5351 = ( GEOMETRIC_REPRESENTATION_CONTEXT(2) 
PARAMETRIC_REPRESENTATION_CONTEXT() REPRESENTATION_CONTEXT('2D SPACE',''
  ) );
#5352 = ORIENTED_EDGE('',*,*,#4397,.F.);
#5353 = ORIENTED_EDGE('',*,*,#4112,.F.);
#5354 = ORIENTED_EDGE('',*,*,#3940,.T.);
#5355 = ORIENTED_EDGE('',*,*,#3714,.T.);
#5356 = ORIENTED_EDGE('',*,*,#5357,.F.);
#5357 = EDGE_CURVE('',#5358,#3715,#5360,.T.);
#5358 = VERTEX_POINT('',#5359);
#5359 = CARTESIAN_POINT('',(33.304729393886,-35.56747109368,4.));
#5360 = SURFACE_CURVE('',#5361,(#5365,#5371),.PCURVE_S1.);
#5361 = LINE('',#5362,#5363);
#5362 = CARTESIAN_POINT('',(21.602112165249,-23.86485386504,4.));
#5363 = VECTOR('',#5364,1.);
#5364 = DIRECTION('',(0.707106781187,-0.707106781187,0.));
#5365 = PCURVE('',#1823,#5366);
#5366 = DEFINITIONAL_REPRESENTATION('',(#5367),#5370);
#5367 = B_SPLINE_CURVE_WITH_KNOTS('',1,(#5368,#5369),.UNSPECIFIED.,.F.,
  .F.,(2,2),(16.55,18.44091846299),.PIECEWISE_BEZIER_KNOTS.);
#5368 = CARTESIAN_POINT('',(-45.7,6.1));
#5369 = CARTESIAN_POINT('',(-47.59091846299,6.1));
#5370 = ( GEOMETRIC_REPRESENTATION_CONTEXT(2) 
PARAMETRIC_REPRESENTATION_CONTEXT() REPRESENTATION_CONTEXT('2D SPACE',''
  ) );
#5371 = PCURVE('',#3756,#5372);
#5372 = DEFINITIONAL_REPRESENTATION('',(#5373),#5376);
#5373 = B_SPLINE_CURVE_WITH_KNOTS('',1,(#5374,#5375),.UNSPECIFIED.,.F.,
  .F.,(2,2),(16.55,18.44091846299),.PIECEWISE_BEZIER_KNOTS.);
#5374 = CARTESIAN_POINT('',(2.,12.6));
#5375 = CARTESIAN_POINT('',(2.,10.70908153701));
#5376 = ( GEOMETRIC_REPRESENTATION_CONTEXT(2) 
PARAMETRIC_REPRESENTATION_CONTEXT() REPRESENTATION_CONTEXT('2D SPACE',''
  ) );
#5377 = ORIENTED_EDGE('',*,*,#5378,.T.);
#5378 = EDGE_CURVE('',#5358,#5379,#5381,.T.);
#5379 = VERTEX_POINT('',#5380);
#5380 = CARTESIAN_POINT('',(35.567471093683,-33.30472939388,4.));
#5381 = SURFACE_CURVE('',#5382,(#5386,#5393),.PCURVE_S1.);
#5382 = LINE('',#5383,#5384);
#5383 = CARTESIAN_POINT('',(33.304729393886,-35.56747109368,4.));
#5384 = VECTOR('',#5385,1.);
#5385 = DIRECTION('',(0.707106781187,0.707106781187,0.));
#5386 = PCURVE('',#1823,#5387);
#5387 = DEFINITIONAL_REPRESENTATION('',(#5388),#5392);
#5388 = LINE('',#5389,#5390);
#5389 = CARTESIAN_POINT('',(-45.7,6.1));
#5390 = VECTOR('',#5391,1.);
#5391 = DIRECTION('',(1.110223024625E-16,-1.));
#5392 = ( GEOMETRIC_REPRESENTATION_CONTEXT(2) 
PARAMETRIC_REPRESENTATION_CONTEXT() REPRESENTATION_CONTEXT('2D SPACE',''
  ) );
#5393 = PCURVE('',#5394,#5399);
#5394 = PLANE('',#5395);
#5395 = AXIS2_PLACEMENT_3D('',#5396,#5397,#5398);
#5396 = CARTESIAN_POINT('',(35.567471093683,-33.30472939388,2.));
#5397 = DIRECTION('',(-0.707106781187,0.707106781187,0.));
#5398 = DIRECTION('',(0.,0.,1.));
#5399 = DEFINITIONAL_REPRESENTATION('',(#5400),#5404);
#5400 = LINE('',#5401,#5402);
#5401 = CARTESIAN_POINT('',(2.,-3.2));
#5402 = VECTOR('',#5403,1.);
#5403 = DIRECTION('',(0.,1.));
#5404 = ( GEOMETRIC_REPRESENTATION_CONTEXT(2) 
PARAMETRIC_REPRESENTATION_CONTEXT() REPRESENTATION_CONTEXT('2D SPACE',''
  ) );
#5405 = ORIENTED_EDGE('',*,*,#5406,.T.);
#5406 = EDGE_CURVE('',#5379,#3641,#5407,.T.);
#5407 = SURFACE_CURVE('',#5408,(#5412,#5418),.PCURVE_S1.);
#5408 = LINE('',#5409,#5410);
#5409 = CARTESIAN_POINT('',(23.864853865046,-21.60211216524,4.));
#5410 = VECTOR('',#5411,1.);
#5411 = DIRECTION('',(0.707106781187,-0.707106781187,0.));
#5412 = PCURVE('',#1823,#5413);
#5413 = DEFINITIONAL_REPRESENTATION('',(#5414),#5417);
#5414 = B_SPLINE_CURVE_WITH_KNOTS('',1,(#5415,#5416),.UNSPECIFIED.,.F.,
  .F.,(2,2),(16.55,18.44091846299),.PIECEWISE_BEZIER_KNOTS.);
#5415 = CARTESIAN_POINT('',(-45.7,2.9));
#5416 = CARTESIAN_POINT('',(-47.59091846299,2.9));
#5417 = ( GEOMETRIC_REPRESENTATION_CONTEXT(2) 
PARAMETRIC_REPRESENTATION_CONTEXT() REPRESENTATION_CONTEXT('2D SPACE',''
  ) );
#5418 = PCURVE('',#3655,#5419);
#5419 = DEFINITIONAL_REPRESENTATION('',(#5420),#5423);
#5420 = B_SPLINE_CURVE_WITH_KNOTS('',1,(#5421,#5422),.UNSPECIFIED.,.F.,
  .F.,(2,2),(16.55,18.44091846299),.PIECEWISE_BEZIER_KNOTS.);
#5421 = CARTESIAN_POINT('',(2.,12.6));
#5422 = CARTESIAN_POINT('',(2.,10.70908153701));
#5423 = ( GEOMETRIC_REPRESENTATION_CONTEXT(2) 
PARAMETRIC_REPRESENTATION_CONTEXT() REPRESENTATION_CONTEXT('2D SPACE',''
  ) );
#5424 = ORIENTED_EDGE('',*,*,#3666,.T.);
#5425 = ORIENTED_EDGE('',*,*,#3560,.F.);
#5426 = ORIENTED_EDGE('',*,*,#3362,.F.);
#5427 = ORIENTED_EDGE('',*,*,#3241,.T.);
#5428 = ORIENTED_EDGE('',*,*,#5429,.F.);
#5429 = EDGE_CURVE('',#5430,#3242,#5432,.T.);
#5430 = VERTEX_POINT('',#5431);
#5431 = CARTESIAN_POINT('',(35.567471093683,33.304729393886,4.));
#5432 = SURFACE_CURVE('',#5433,(#5437,#5443),.PCURVE_S1.);
#5433 = LINE('',#5434,#5435);
#5434 = CARTESIAN_POINT('',(24.395183950936,22.132442251139,4.));
#5435 = VECTOR('',#5436,1.);
#5436 = DIRECTION('',(0.707106781187,0.707106781187,-0.));
#5437 = PCURVE('',#1823,#5438);
#5438 = DEFINITIONAL_REPRESENTATION('',(#5439),#5442);
#5439 = B_SPLINE_CURVE_WITH_KNOTS('',1,(#5440,#5441),.UNSPECIFIED.,.F.,
  .F.,(2,2),(15.8,17.69091846299),.PIECEWISE_BEZIER_KNOTS.);
#5440 = CARTESIAN_POINT('',(1.4,-44.2));
#5441 = CARTESIAN_POINT('',(1.4,-46.09091846299));
#5442 = ( GEOMETRIC_REPRESENTATION_CONTEXT(2) 
PARAMETRIC_REPRESENTATION_CONTEXT() REPRESENTATION_CONTEXT('2D SPACE',''
  ) );
#5443 = PCURVE('',#3074,#5444);
#5444 = DEFINITIONAL_REPRESENTATION('',(#5445),#5448);
#5445 = B_SPLINE_CURVE_WITH_KNOTS('',1,(#5446,#5447),.UNSPECIFIED.,.F.,
  .F.,(2,2),(15.8,17.69091846299),.PIECEWISE_BEZIER_KNOTS.);
#5446 = CARTESIAN_POINT('',(2.,12.6));
#5447 = CARTESIAN_POINT('',(2.,10.70908153701));
#5448 = ( GEOMETRIC_REPRESENTATION_CONTEXT(2) 
PARAMETRIC_REPRESENTATION_CONTEXT() REPRESENTATION_CONTEXT('2D SPACE',''
  ) );
#5449 = ORIENTED_EDGE('',*,*,#5450,.T.);
#5450 = EDGE_CURVE('',#5430,#5451,#5453,.T.);
#5451 = VERTEX_POINT('',#5452);
#5452 = CARTESIAN_POINT('',(33.304729393886,35.567471093683,4.));
#5453 = SURFACE_CURVE('',#5454,(#5458,#5465),.PCURVE_S1.);
#5454 = LINE('',#5455,#5456);
#5455 = CARTESIAN_POINT('',(35.567471093683,33.304729393886,4.));
#5456 = VECTOR('',#5457,1.);
#5457 = DIRECTION('',(-0.707106781187,0.707106781187,0.));
#5458 = PCURVE('',#1823,#5459);
#5459 = DEFINITIONAL_REPRESENTATION('',(#5460),#5464);
#5460 = LINE('',#5461,#5462);
#5461 = CARTESIAN_POINT('',(1.4,-44.2));
#5462 = VECTOR('',#5463,1.);
#5463 = DIRECTION('',(1.,1.110223024625E-16));
#5464 = ( GEOMETRIC_REPRESENTATION_CONTEXT(2) 
PARAMETRIC_REPRESENTATION_CONTEXT() REPRESENTATION_CONTEXT('2D SPACE',''
  ) );
#5465 = PCURVE('',#5466,#5471);
#5466 = PLANE('',#5467);
#5467 = AXIS2_PLACEMENT_3D('',#5468,#5469,#5470);
#5468 = CARTESIAN_POINT('',(33.304729393886,35.567471093683,2.));
#5469 = DIRECTION('',(-0.707106781187,-0.707106781187,0.));
#5470 = DIRECTION('',(0.,0.,1.));
#5471 = DEFINITIONAL_REPRESENTATION('',(#5472),#5476);
#5472 = LINE('',#5473,#5474);
#5473 = CARTESIAN_POINT('',(2.,-3.2));
#5474 = VECTOR('',#5475,1.);
#5475 = DIRECTION('',(0.,1.));
#5476 = ( GEOMETRIC_REPRESENTATION_CONTEXT(2) 
PARAMETRIC_REPRESENTATION_CONTEXT() REPRESENTATION_CONTEXT('2D SPACE',''
  ) );
#5477 = ORIENTED_EDGE('',*,*,#5478,.T.);
#5478 = EDGE_CURVE('',#5451,#3173,#5479,.T.);
#5479 = SURFACE_CURVE('',#5480,(#5484,#5490),.PCURVE_S1.);
#5480 = LINE('',#5481,#5482);
#5481 = CARTESIAN_POINT('',(22.132442251139,24.395183950936,4.));
#5482 = VECTOR('',#5483,1.);
#5483 = DIRECTION('',(0.707106781187,0.707106781187,-0.));
#5484 = PCURVE('',#1823,#5485);
#5485 = DEFINITIONAL_REPRESENTATION('',(#5486),#5489);
#5486 = B_SPLINE_CURVE_WITH_KNOTS('',1,(#5487,#5488),.UNSPECIFIED.,.F.,
  .F.,(2,2),(15.8,17.69091846299),.PIECEWISE_BEZIER_KNOTS.);
#5487 = CARTESIAN_POINT('',(4.6,-44.2));
#5488 = CARTESIAN_POINT('',(4.6,-46.09091846299));
#5489 = ( GEOMETRIC_REPRESENTATION_CONTEXT(2) 
PARAMETRIC_REPRESENTATION_CONTEXT() REPRESENTATION_CONTEXT('2D SPACE',''
  ) );
#5490 = PCURVE('',#3133,#5491);
#5491 = DEFINITIONAL_REPRESENTATION('',(#5492),#5495);
#5492 = B_SPLINE_CURVE_WITH_KNOTS('',1,(#5493,#5494),.UNSPECIFIED.,.F.,
  .F.,(2,2),(15.8,17.69091846299),.PIECEWISE_BEZIER_KNOTS.);
#5493 = CARTESIAN_POINT('',(2.,12.6));
#5494 = CARTESIAN_POINT('',(2.,10.70908153701));
#5495 = ( GEOMETRIC_REPRESENTATION_CONTEXT(2) 
PARAMETRIC_REPRESENTATION_CONTEXT() REPRESENTATION_CONTEXT('2D SPACE',''
  ) );
#5496 = ORIENTED_EDGE('',*,*,#3193,.T.);
#5497 = ORIENTED_EDGE('',*,*,#2979,.F.);
#5498 = ORIENTED_EDGE('',*,*,#2786,.T.);
#5499 = ORIENTED_EDGE('',*,*,#2475,.F.);
#5500 = ORIENTED_EDGE('',*,*,#5501,.F.);
#5501 = EDGE_CURVE('',#5502,#2476,#5504,.T.);
#5502 = VERTEX_POINT('',#5503);
#5503 = CARTESIAN_POINT('',(-33.30472939388,35.567471093683,4.));
#5504 = SURFACE_CURVE('',#5505,(#5509,#5515),.PCURVE_S1.);
#5505 = LINE('',#5506,#5507);
#5506 = CARTESIAN_POINT('',(-19.48079182168,21.743533521486,4.));
#5507 = VECTOR('',#5508,1.);
#5508 = DIRECTION('',(-0.707106781187,0.707106781187,0.));
#5509 = PCURVE('',#1823,#5510);
#5510 = DEFINITIONAL_REPRESENTATION('',(#5511),#5514);
#5511 = B_SPLINE_CURVE_WITH_KNOTS('',1,(#5512,#5513),.UNSPECIFIED.,.F.,
  .F.,(2,2),(19.55,21.44091846299),.PIECEWISE_BEZIER_KNOTS.);
#5512 = CARTESIAN_POINT('',(51.7,2.9));
#5513 = CARTESIAN_POINT('',(53.59091846299,2.9));
#5514 = ( GEOMETRIC_REPRESENTATION_CONTEXT(2) 
PARAMETRIC_REPRESENTATION_CONTEXT() REPRESENTATION_CONTEXT('2D SPACE',''
  ) );
#5515 = PCURVE('',#2514,#5516);
#5516 = DEFINITIONAL_REPRESENTATION('',(#5517),#5520);
#5517 = B_SPLINE_CURVE_WITH_KNOTS('',1,(#5518,#5519),.UNSPECIFIED.,.F.,
  .F.,(2,2),(19.55,21.44091846299),.PIECEWISE_BEZIER_KNOTS.);
#5518 = CARTESIAN_POINT('',(2.,12.6));
#5519 = CARTESIAN_POINT('',(2.,10.70908153701));
#5520 = ( GEOMETRIC_REPRESENTATION_CONTEXT(2) 
PARAMETRIC_REPRESENTATION_CONTEXT() REPRESENTATION_CONTEXT('2D SPACE',''
  ) );
#5521 = ORIENTED_EDGE('',*,*,#5522,.T.);
#5522 = EDGE_CURVE('',#5502,#5523,#5525,.T.);
#5523 = VERTEX_POINT('',#5524);
#5524 = CARTESIAN_POINT('',(-35.56747109368,33.304729393886,4.));
#5525 = SURFACE_CURVE('',#5526,(#5530,#5537),.PCURVE_S1.);
#5526 = LINE('',#5527,#5528);
#5527 = CARTESIAN_POINT('',(-33.30472939388,35.567471093683,4.));
#5528 = VECTOR('',#5529,1.);
#5529 = DIRECTION('',(-0.707106781187,-0.707106781187,0.));
#5530 = PCURVE('',#1823,#5531);
#5531 = DEFINITIONAL_REPRESENTATION('',(#5532),#5536);
#5532 = LINE('',#5533,#5534);
#5533 = CARTESIAN_POINT('',(51.7,2.9));
#5534 = VECTOR('',#5535,1.);
#5535 = DIRECTION('',(-1.110223024625E-16,1.));
#5536 = ( GEOMETRIC_REPRESENTATION_CONTEXT(2) 
PARAMETRIC_REPRESENTATION_CONTEXT() REPRESENTATION_CONTEXT('2D SPACE',''
  ) );
#5537 = PCURVE('',#5538,#5543);
#5538 = PLANE('',#5539);
#5539 = AXIS2_PLACEMENT_3D('',#5540,#5541,#5542);
#5540 = CARTESIAN_POINT('',(-35.56747109368,33.304729393886,2.));
#5541 = DIRECTION('',(0.707106781187,-0.707106781187,0.));
#5542 = DIRECTION('',(0.,0.,1.));
#5543 = DEFINITIONAL_REPRESENTATION('',(#5544),#5548);
#5544 = LINE('',#5545,#5546);
#5545 = CARTESIAN_POINT('',(2.,-3.2));
#5546 = VECTOR('',#5547,1.);
#5547 = DIRECTION('',(0.,1.));
#5548 = ( GEOMETRIC_REPRESENTATION_CONTEXT(2) 
PARAMETRIC_REPRESENTATION_CONTEXT() REPRESENTATION_CONTEXT('2D SPACE',''
  ) );
#5549 = ORIENTED_EDGE('',*,*,#5550,.T.);
#5550 = EDGE_CURVE('',#5523,#2667,#5551,.T.);
#5551 = SURFACE_CURVE('',#5552,(#5556,#5562),.PCURVE_S1.);
#5552 = LINE('',#5553,#5554);
#5553 = CARTESIAN_POINT('',(-21.74353352148,19.480791821689,4.));
#5554 = VECTOR('',#5555,1.);
#5555 = DIRECTION('',(-0.707106781187,0.707106781187,0.));
#5556 = PCURVE('',#1823,#5557);
#5557 = DEFINITIONAL_REPRESENTATION('',(#5558),#5561);
#5558 = B_SPLINE_CURVE_WITH_KNOTS('',1,(#5559,#5560),.UNSPECIFIED.,.F.,
  .F.,(2,2),(19.55,21.44091846299),.PIECEWISE_BEZIER_KNOTS.);
#5559 = CARTESIAN_POINT('',(51.7,6.1));
#5560 = CARTESIAN_POINT('',(53.59091846299,6.1));
#5561 = ( GEOMETRIC_REPRESENTATION_CONTEXT(2) 
PARAMETRIC_REPRESENTATION_CONTEXT() REPRESENTATION_CONTEXT('2D SPACE',''
  ) );
#5562 = PCURVE('',#2627,#5563);
#5563 = DEFINITIONAL_REPRESENTATION('',(#5564),#5567);
#5564 = B_SPLINE_CURVE_WITH_KNOTS('',1,(#5565,#5566),.UNSPECIFIED.,.F.,
  .F.,(2,2),(19.55,21.44091846299),.PIECEWISE_BEZIER_KNOTS.);
#5565 = CARTESIAN_POINT('',(2.,12.6));
#5566 = CARTESIAN_POINT('',(2.,10.70908153701));
#5567 = ( GEOMETRIC_REPRESENTATION_CONTEXT(2) 
PARAMETRIC_REPRESENTATION_CONTEXT() REPRESENTATION_CONTEXT('2D SPACE',''
  ) );
#5568 = ORIENTED_EDGE('',*,*,#2687,.T.);
#5569 = ADVANCED_FACE('',(#5570),#1985,.F.);
#5570 = FACE_BOUND('',#5571,.F.);
#5571 = EDGE_LOOP('',(#5572,#5573,#5574,#5575));
#5572 = ORIENTED_EDGE('',*,*,#2149,.F.);
#5573 = ORIENTED_EDGE('',*,*,#4540,.T.);
#5574 = ORIENTED_EDGE('',*,*,#1971,.T.);
#5575 = ORIENTED_EDGE('',*,*,#2045,.F.);
#5576 = ADVANCED_FACE('',(#5577,#5580),#2089,.T.);
#5577 = FACE_BOUND('',#5578,.T.);
#5578 = EDGE_LOOP('',(#5579));
#5579 = ORIENTED_EDGE('',*,*,#2074,.T.);
#5580 = FACE_BOUND('',#5581,.T.);
#5581 = EDGE_LOOP('',(#5582));
#5582 = ORIENTED_EDGE('',*,*,#4448,.T.);
#5583 = ADVANCED_FACE('',(#5584),#2239,.F.);
#5584 = FACE_BOUND('',#5585,.F.);
#5585 = EDGE_LOOP('',(#5586,#5587,#5588,#5589));
#5586 = ORIENTED_EDGE('',*,*,#2223,.F.);
#5587 = ORIENTED_EDGE('',*,*,#2319,.F.);
#5588 = ORIENTED_EDGE('',*,*,#2421,.T.);
#5589 = ORIENTED_EDGE('',*,*,#4567,.F.);
#5590 = ADVANCED_FACE('',(#5591,#5594),#2363,.T.);
#5591 = FACE_BOUND('',#5592,.T.);
#5592 = EDGE_LOOP('',(#5593));
#5593 = ORIENTED_EDGE('',*,*,#2348,.T.);
#5594 = FACE_BOUND('',#5595,.T.);
#5595 = EDGE_LOOP('',(#5596));
#5596 = ORIENTED_EDGE('',*,*,#4615,.T.);
#5597 = ADVANCED_FACE('',(#5598),#2514,.F.);
#5598 = FACE_BOUND('',#5599,.F.);
#5599 = EDGE_LOOP('',(#5600,#5623,#5624,#5645,#5646,#5647));
#5600 = ORIENTED_EDGE('',*,*,#5601,.F.);
#5601 = EDGE_CURVE('',#2559,#5602,#5604,.T.);
#5602 = VERTEX_POINT('',#5603);
#5603 = CARTESIAN_POINT('',(-33.30472939388,35.567471093683,2.));
#5604 = SURFACE_CURVE('',#5605,(#5609,#5616),.PCURVE_S1.);
#5605 = LINE('',#5606,#5607);
#5606 = CARTESIAN_POINT('',(-42.21427483683,44.477016536634,2.));
#5607 = VECTOR('',#5608,1.);
#5608 = DIRECTION('',(0.707106781187,-0.707106781187,0.));
#5609 = PCURVE('',#2514,#5610);
#5610 = DEFINITIONAL_REPRESENTATION('',(#5611),#5615);
#5611 = LINE('',#5612,#5613);
#5612 = CARTESIAN_POINT('',(0.,0.));
#5613 = VECTOR('',#5614,1.);
#5614 = DIRECTION('',(0.,1.));
#5615 = ( GEOMETRIC_REPRESENTATION_CONTEXT(2) 
PARAMETRIC_REPRESENTATION_CONTEXT() REPRESENTATION_CONTEXT('2D SPACE',''
  ) );
#5616 = PCURVE('',#2596,#5617);
#5617 = DEFINITIONAL_REPRESENTATION('',(#5618),#5622);
#5618 = LINE('',#5619,#5620);
#5619 = CARTESIAN_POINT('',(-6.661338147751E-16,3.2));
#5620 = VECTOR('',#5621,1.);
#5621 = DIRECTION('',(1.,0.));
#5622 = ( GEOMETRIC_REPRESENTATION_CONTEXT(2) 
PARAMETRIC_REPRESENTATION_CONTEXT() REPRESENTATION_CONTEXT('2D SPACE',''
  ) );
#5623 = ORIENTED_EDGE('',*,*,#2558,.F.);
#5624 = ORIENTED_EDGE('',*,*,#5625,.T.);
#5625 = EDGE_CURVE('',#2526,#2500,#5626,.T.);
#5626 = SURFACE_CURVE('',#5627,(#5631,#5638),.PCURVE_S1.);
#5627 = LINE('',#5628,#5629);
#5628 = CARTESIAN_POINT('',(-42.21427483683,44.477016536634,10.));
#5629 = VECTOR('',#5630,1.);
#5630 = DIRECTION('',(0.707106781187,-0.707106781187,0.));
#5631 = PCURVE('',#2514,#5632);
#5632 = DEFINITIONAL_REPRESENTATION('',(#5633),#5637);
#5633 = LINE('',#5634,#5635);
#5634 = CARTESIAN_POINT('',(8.,0.));
#5635 = VECTOR('',#5636,1.);
#5636 = DIRECTION('',(0.,1.));
#5637 = ( GEOMETRIC_REPRESENTATION_CONTEXT(2) 
PARAMETRIC_REPRESENTATION_CONTEXT() REPRESENTATION_CONTEXT('2D SPACE',''
  ) );
#5638 = PCURVE('',#2542,#5639);
#5639 = DEFINITIONAL_REPRESENTATION('',(#5640),#5644);
#5640 = LINE('',#5641,#5642);
#5641 = CARTESIAN_POINT('',(-3.323401871577,5.586143571374));
#5642 = VECTOR('',#5643,1.);
#5643 = DIRECTION('',(0.707106781187,-0.707106781187));
#5644 = ( GEOMETRIC_REPRESENTATION_CONTEXT(2) 
PARAMETRIC_REPRESENTATION_CONTEXT() REPRESENTATION_CONTEXT('2D SPACE',''
  ) );
#5645 = ORIENTED_EDGE('',*,*,#2499,.T.);
#5646 = ORIENTED_EDGE('',*,*,#5501,.F.);
#5647 = ORIENTED_EDGE('',*,*,#5648,.F.);
#5648 = EDGE_CURVE('',#5602,#5502,#5649,.T.);
#5649 = SURFACE_CURVE('',#5650,(#5654,#5661),.PCURVE_S1.);
#5650 = LINE('',#5651,#5652);
#5651 = CARTESIAN_POINT('',(-33.30472939388,35.567471093683,2.));
#5652 = VECTOR('',#5653,1.);
#5653 = DIRECTION('',(0.,0.,1.));
#5654 = PCURVE('',#2514,#5655);
#5655 = DEFINITIONAL_REPRESENTATION('',(#5656),#5660);
#5656 = LINE('',#5657,#5658);
#5657 = CARTESIAN_POINT('',(0.,12.6));
#5658 = VECTOR('',#5659,1.);
#5659 = DIRECTION('',(1.,0.));
#5660 = ( GEOMETRIC_REPRESENTATION_CONTEXT(2) 
PARAMETRIC_REPRESENTATION_CONTEXT() REPRESENTATION_CONTEXT('2D SPACE',''
  ) );
#5661 = PCURVE('',#5538,#5662);
#5662 = DEFINITIONAL_REPRESENTATION('',(#5663),#5667);
#5663 = LINE('',#5664,#5665);
#5664 = CARTESIAN_POINT('',(0.,-3.2));
#5665 = VECTOR('',#5666,1.);
#5666 = DIRECTION('',(1.,0.));
#5667 = ( GEOMETRIC_REPRESENTATION_CONTEXT(2) 
PARAMETRIC_REPRESENTATION_CONTEXT() REPRESENTATION_CONTEXT('2D SPACE',''
  ) );
#5668 = ADVANCED_FACE('',(#5669),#2542,.T.);
#5669 = FACE_BOUND('',#5670,.T.);
#5670 = EDGE_LOOP('',(#5671,#5672));
#5671 = ORIENTED_EDGE('',*,*,#5625,.T.);
#5672 = ORIENTED_EDGE('',*,*,#2525,.F.);
#5673 = ADVANCED_FACE('',(#5674),#2596,.T.);
#5674 = FACE_BOUND('',#5675,.T.);
#5675 = EDGE_LOOP('',(#5676,#5677,#5678,#5701));
#5676 = ORIENTED_EDGE('',*,*,#5601,.F.);
#5677 = ORIENTED_EDGE('',*,*,#2579,.F.);
#5678 = ORIENTED_EDGE('',*,*,#5679,.T.);
#5679 = EDGE_CURVE('',#2580,#5680,#5682,.T.);
#5680 = VERTEX_POINT('',#5681);
#5681 = CARTESIAN_POINT('',(-35.56747109368,33.304729393886,2.));
#5682 = SURFACE_CURVE('',#5683,(#5687,#5694),.PCURVE_S1.);
#5683 = LINE('',#5684,#5685);
#5684 = CARTESIAN_POINT('',(-44.47701653663,42.214274836837,2.));
#5685 = VECTOR('',#5686,1.);
#5686 = DIRECTION('',(0.707106781187,-0.707106781187,0.));
#5687 = PCURVE('',#2596,#5688);
#5688 = DEFINITIONAL_REPRESENTATION('',(#5689),#5693);
#5689 = LINE('',#5690,#5691);
#5690 = CARTESIAN_POINT('',(0.,0.));
#5691 = VECTOR('',#5692,1.);
#5692 = DIRECTION('',(1.,0.));
#5693 = ( GEOMETRIC_REPRESENTATION_CONTEXT(2) 
PARAMETRIC_REPRESENTATION_CONTEXT() REPRESENTATION_CONTEXT('2D SPACE',''
  ) );
#5694 = PCURVE('',#2627,#5695);
#5695 = DEFINITIONAL_REPRESENTATION('',(#5696),#5700);
#5696 = LINE('',#5697,#5698);
#5697 = CARTESIAN_POINT('',(0.,0.));
#5698 = VECTOR('',#5699,1.);
#5699 = DIRECTION('',(0.,1.));
#5700 = ( GEOMETRIC_REPRESENTATION_CONTEXT(2) 
PARAMETRIC_REPRESENTATION_CONTEXT() REPRESENTATION_CONTEXT('2D SPACE',''
  ) );
#5701 = ORIENTED_EDGE('',*,*,#5702,.T.);
#5702 = EDGE_CURVE('',#5680,#5602,#5703,.T.);
#5703 = SURFACE_CURVE('',#5704,(#5708,#5715),.PCURVE_S1.);
#5704 = LINE('',#5705,#5706);
#5705 = CARTESIAN_POINT('',(-35.56747109368,33.304729393886,2.));
#5706 = VECTOR('',#5707,1.);
#5707 = DIRECTION('',(0.707106781187,0.707106781187,0.));
#5708 = PCURVE('',#2596,#5709);
#5709 = DEFINITIONAL_REPRESENTATION('',(#5710),#5714);
#5710 = LINE('',#5711,#5712);
#5711 = CARTESIAN_POINT('',(12.6,8.881784197001E-16));
#5712 = VECTOR('',#5713,1.);
#5713 = DIRECTION('',(0.,1.));
#5714 = ( GEOMETRIC_REPRESENTATION_CONTEXT(2) 
PARAMETRIC_REPRESENTATION_CONTEXT() REPRESENTATION_CONTEXT('2D SPACE',''
  ) );
#5715 = PCURVE('',#5538,#5716);
#5716 = DEFINITIONAL_REPRESENTATION('',(#5717),#5721);
#5717 = LINE('',#5718,#5719);
#5718 = CARTESIAN_POINT('',(0.,0.));
#5719 = VECTOR('',#5720,1.);
#5720 = DIRECTION('',(0.,-1.));
#5721 = ( GEOMETRIC_REPRESENTATION_CONTEXT(2) 
PARAMETRIC_REPRESENTATION_CONTEXT() REPRESENTATION_CONTEXT('2D SPACE',''
  ) );
#5722 = ADVANCED_FACE('',(#5723),#2627,.T.);
#5723 = FACE_BOUND('',#5724,.T.);
#5724 = EDGE_LOOP('',(#5725,#5726,#5727,#5748,#5749,#5750));
#5725 = ORIENTED_EDGE('',*,*,#5679,.F.);
#5726 = ORIENTED_EDGE('',*,*,#2612,.F.);
#5727 = ORIENTED_EDGE('',*,*,#5728,.T.);
#5728 = EDGE_CURVE('',#2613,#2639,#5729,.T.);
#5729 = SURFACE_CURVE('',#5730,(#5734,#5741),.PCURVE_S1.);
#5730 = LINE('',#5731,#5732);
#5731 = CARTESIAN_POINT('',(-44.47701653663,42.214274836837,10.));
#5732 = VECTOR('',#5733,1.);
#5733 = DIRECTION('',(0.707106781187,-0.707106781187,0.));
#5734 = PCURVE('',#2627,#5735);
#5735 = DEFINITIONAL_REPRESENTATION('',(#5736),#5740);
#5736 = LINE('',#5737,#5738);
#5737 = CARTESIAN_POINT('',(8.,0.));
#5738 = VECTOR('',#5739,1.);
#5739 = DIRECTION('',(0.,1.));
#5740 = ( GEOMETRIC_REPRESENTATION_CONTEXT(2) 
PARAMETRIC_REPRESENTATION_CONTEXT() REPRESENTATION_CONTEXT('2D SPACE',''
  ) );
#5741 = PCURVE('',#2654,#5742);
#5742 = DEFINITIONAL_REPRESENTATION('',(#5743),#5747);
#5743 = LINE('',#5744,#5745);
#5744 = CARTESIAN_POINT('',(-5.586143571374,3.323401871577));
#5745 = VECTOR('',#5746,1.);
#5746 = DIRECTION('',(0.707106781187,-0.707106781187));
#5747 = ( GEOMETRIC_REPRESENTATION_CONTEXT(2) 
PARAMETRIC_REPRESENTATION_CONTEXT() REPRESENTATION_CONTEXT('2D SPACE',''
  ) );
#5748 = ORIENTED_EDGE('',*,*,#2666,.T.);
#5749 = ORIENTED_EDGE('',*,*,#5550,.F.);
#5750 = ORIENTED_EDGE('',*,*,#5751,.F.);
#5751 = EDGE_CURVE('',#5680,#5523,#5752,.T.);
#5752 = SURFACE_CURVE('',#5753,(#5757,#5764),.PCURVE_S1.);
#5753 = LINE('',#5754,#5755);
#5754 = CARTESIAN_POINT('',(-35.56747109368,33.304729393886,2.));
#5755 = VECTOR('',#5756,1.);
#5756 = DIRECTION('',(0.,0.,1.));
#5757 = PCURVE('',#2627,#5758);
#5758 = DEFINITIONAL_REPRESENTATION('',(#5759),#5763);
#5759 = LINE('',#5760,#5761);
#5760 = CARTESIAN_POINT('',(0.,12.6));
#5761 = VECTOR('',#5762,1.);
#5762 = DIRECTION('',(1.,0.));
#5763 = ( GEOMETRIC_REPRESENTATION_CONTEXT(2) 
PARAMETRIC_REPRESENTATION_CONTEXT() REPRESENTATION_CONTEXT('2D SPACE',''
  ) );
#5764 = PCURVE('',#5538,#5765);
#5765 = DEFINITIONAL_REPRESENTATION('',(#5766),#5770);
#5766 = LINE('',#5767,#5768);
#5767 = CARTESIAN_POINT('',(0.,0.));
#5768 = VECTOR('',#5769,1.);
#5769 = DIRECTION('',(1.,0.));
#5770 = ( GEOMETRIC_REPRESENTATION_CONTEXT(2) 
PARAMETRIC_REPRESENTATION_CONTEXT() REPRESENTATION_CONTEXT('2D SPACE',''
  ) );
#5771 = ADVANCED_FACE('',(#5772),#2654,.T.);
#5772 = FACE_BOUND('',#5773,.T.);
#5773 = EDGE_LOOP('',(#5774,#5775));
#5774 = ORIENTED_EDGE('',*,*,#5728,.F.);
#5775 = ORIENTED_EDGE('',*,*,#2638,.T.);
#5776 = ADVANCED_FACE('',(#5777),#2754,.T.);
#5777 = FACE_BOUND('',#5778,.T.);
#5778 = EDGE_LOOP('',(#5779,#5780,#5781,#5782,#5783));
#5779 = ORIENTED_EDGE('',*,*,#2813,.F.);
#5780 = ORIENTED_EDGE('',*,*,#2739,.T.);
#5781 = ORIENTED_EDGE('',*,*,#2959,.F.);
#5782 = ORIENTED_EDGE('',*,*,#2912,.F.);
#5783 = ORIENTED_EDGE('',*,*,#2881,.T.);
#5784 = ADVANCED_FACE('',(#5785),#3043,.T.);
#5785 = FACE_BOUND('',#5786,.T.);
#5786 = EDGE_LOOP('',(#5787,#5808));
#5787 = ORIENTED_EDGE('',*,*,#5788,.T.);
#5788 = EDGE_CURVE('',#3025,#3027,#5789,.T.);
#5789 = SURFACE_CURVE('',#5790,(#5794,#5801),.PCURVE_S1.);
#5790 = LINE('',#5791,#5792);
#5791 = CARTESIAN_POINT('',(44.477016536634,42.214274836837,10.));
#5792 = VECTOR('',#5793,1.);
#5793 = DIRECTION('',(-0.707106781187,-0.707106781187,0.));
#5794 = PCURVE('',#3043,#5795);
#5795 = DEFINITIONAL_REPRESENTATION('',(#5796),#5800);
#5796 = LINE('',#5797,#5798);
#5797 = CARTESIAN_POINT('',(5.586143571374,3.323401871577));
#5798 = VECTOR('',#5799,1.);
#5799 = DIRECTION('',(-0.707106781187,-0.707106781187));
#5800 = ( GEOMETRIC_REPRESENTATION_CONTEXT(2) 
PARAMETRIC_REPRESENTATION_CONTEXT() REPRESENTATION_CONTEXT('2D SPACE',''
  ) );
#5801 = PCURVE('',#3074,#5802);
#5802 = DEFINITIONAL_REPRESENTATION('',(#5803),#5807);
#5803 = LINE('',#5804,#5805);
#5804 = CARTESIAN_POINT('',(8.,0.));
#5805 = VECTOR('',#5806,1.);
#5806 = DIRECTION('',(0.,1.));
#5807 = ( GEOMETRIC_REPRESENTATION_CONTEXT(2) 
PARAMETRIC_REPRESENTATION_CONTEXT() REPRESENTATION_CONTEXT('2D SPACE',''
  ) );
#5808 = ORIENTED_EDGE('',*,*,#3024,.F.);
#5809 = ADVANCED_FACE('',(#5810),#3074,.F.);
#5810 = FACE_BOUND('',#5811,.F.);
#5811 = EDGE_LOOP('',(#5812,#5835,#5836,#5837,#5838,#5839));
#5812 = ORIENTED_EDGE('',*,*,#5813,.F.);
#5813 = EDGE_CURVE('',#3060,#5814,#5816,.T.);
#5814 = VERTEX_POINT('',#5815);
#5815 = CARTESIAN_POINT('',(35.567471093683,33.304729393886,2.));
#5816 = SURFACE_CURVE('',#5817,(#5821,#5828),.PCURVE_S1.);
#5817 = LINE('',#5818,#5819);
#5818 = CARTESIAN_POINT('',(44.477016536634,42.214274836837,2.));
#5819 = VECTOR('',#5820,1.);
#5820 = DIRECTION('',(-0.707106781187,-0.707106781187,0.));
#5821 = PCURVE('',#3074,#5822);
#5822 = DEFINITIONAL_REPRESENTATION('',(#5823),#5827);
#5823 = LINE('',#5824,#5825);
#5824 = CARTESIAN_POINT('',(0.,0.));
#5825 = VECTOR('',#5826,1.);
#5826 = DIRECTION('',(0.,1.));
#5827 = ( GEOMETRIC_REPRESENTATION_CONTEXT(2) 
PARAMETRIC_REPRESENTATION_CONTEXT() REPRESENTATION_CONTEXT('2D SPACE',''
  ) );
#5828 = PCURVE('',#3102,#5829);
#5829 = DEFINITIONAL_REPRESENTATION('',(#5830),#5834);
#5830 = LINE('',#5831,#5832);
#5831 = CARTESIAN_POINT('',(-6.661338147751E-16,3.2));
#5832 = VECTOR('',#5833,1.);
#5833 = DIRECTION('',(1.,0.));
#5834 = ( GEOMETRIC_REPRESENTATION_CONTEXT(2) 
PARAMETRIC_REPRESENTATION_CONTEXT() REPRESENTATION_CONTEXT('2D SPACE',''
  ) );
#5835 = ORIENTED_EDGE('',*,*,#3059,.F.);
#5836 = ORIENTED_EDGE('',*,*,#5788,.T.);
#5837 = ORIENTED_EDGE('',*,*,#3268,.T.);
#5838 = ORIENTED_EDGE('',*,*,#5429,.F.);
#5839 = ORIENTED_EDGE('',*,*,#5840,.F.);
#5840 = EDGE_CURVE('',#5814,#5430,#5841,.T.);
#5841 = SURFACE_CURVE('',#5842,(#5846,#5853),.PCURVE_S1.);
#5842 = LINE('',#5843,#5844);
#5843 = CARTESIAN_POINT('',(35.567471093683,33.304729393886,2.));
#5844 = VECTOR('',#5845,1.);
#5845 = DIRECTION('',(0.,0.,1.));
#5846 = PCURVE('',#3074,#5847);
#5847 = DEFINITIONAL_REPRESENTATION('',(#5848),#5852);
#5848 = LINE('',#5849,#5850);
#5849 = CARTESIAN_POINT('',(0.,12.6));
#5850 = VECTOR('',#5851,1.);
#5851 = DIRECTION('',(1.,0.));
#5852 = ( GEOMETRIC_REPRESENTATION_CONTEXT(2) 
PARAMETRIC_REPRESENTATION_CONTEXT() REPRESENTATION_CONTEXT('2D SPACE',''
  ) );
#5853 = PCURVE('',#5466,#5854);
#5854 = DEFINITIONAL_REPRESENTATION('',(#5855),#5859);
#5855 = LINE('',#5856,#5857);
#5856 = CARTESIAN_POINT('',(0.,-3.2));
#5857 = VECTOR('',#5858,1.);
#5858 = DIRECTION('',(1.,0.));
#5859 = ( GEOMETRIC_REPRESENTATION_CONTEXT(2) 
PARAMETRIC_REPRESENTATION_CONTEXT() REPRESENTATION_CONTEXT('2D SPACE',''
  ) );
#5860 = ADVANCED_FACE('',(#5861),#3102,.T.);
#5861 = FACE_BOUND('',#5862,.T.);
#5862 = EDGE_LOOP('',(#5863,#5864,#5865,#5888));
#5863 = ORIENTED_EDGE('',*,*,#5813,.F.);
#5864 = ORIENTED_EDGE('',*,*,#3085,.F.);
#5865 = ORIENTED_EDGE('',*,*,#5866,.T.);
#5866 = EDGE_CURVE('',#3086,#5867,#5869,.T.);
#5867 = VERTEX_POINT('',#5868);
#5868 = CARTESIAN_POINT('',(33.304729393886,35.567471093683,2.));
#5869 = SURFACE_CURVE('',#5870,(#5874,#5881),.PCURVE_S1.);
#5870 = LINE('',#5871,#5872);
#5871 = CARTESIAN_POINT('',(42.214274836837,44.477016536634,2.));
#5872 = VECTOR('',#5873,1.);
#5873 = DIRECTION('',(-0.707106781187,-0.707106781187,0.));
#5874 = PCURVE('',#3102,#5875);
#5875 = DEFINITIONAL_REPRESENTATION('',(#5876),#5880);
#5876 = LINE('',#5877,#5878);
#5877 = CARTESIAN_POINT('',(0.,0.));
#5878 = VECTOR('',#5879,1.);
#5879 = DIRECTION('',(1.,0.));
#5880 = ( GEOMETRIC_REPRESENTATION_CONTEXT(2) 
PARAMETRIC_REPRESENTATION_CONTEXT() REPRESENTATION_CONTEXT('2D SPACE',''
  ) );
#5881 = PCURVE('',#3133,#5882);
#5882 = DEFINITIONAL_REPRESENTATION('',(#5883),#5887);
#5883 = LINE('',#5884,#5885);
#5884 = CARTESIAN_POINT('',(0.,0.));
#5885 = VECTOR('',#5886,1.);
#5886 = DIRECTION('',(0.,1.));
#5887 = ( GEOMETRIC_REPRESENTATION_CONTEXT(2) 
PARAMETRIC_REPRESENTATION_CONTEXT() REPRESENTATION_CONTEXT('2D SPACE',''
  ) );
#5888 = ORIENTED_EDGE('',*,*,#5889,.T.);
#5889 = EDGE_CURVE('',#5867,#5814,#5890,.T.);
#5890 = SURFACE_CURVE('',#5891,(#5895,#5902),.PCURVE_S1.);
#5891 = LINE('',#5892,#5893);
#5892 = CARTESIAN_POINT('',(33.304729393886,35.567471093683,2.));
#5893 = VECTOR('',#5894,1.);
#5894 = DIRECTION('',(0.707106781187,-0.707106781187,0.));
#5895 = PCURVE('',#3102,#5896);
#5896 = DEFINITIONAL_REPRESENTATION('',(#5897),#5901);
#5897 = LINE('',#5898,#5899);
#5898 = CARTESIAN_POINT('',(12.6,8.881784197001E-16));
#5899 = VECTOR('',#5900,1.);
#5900 = DIRECTION('',(0.,1.));
#5901 = ( GEOMETRIC_REPRESENTATION_CONTEXT(2) 
PARAMETRIC_REPRESENTATION_CONTEXT() REPRESENTATION_CONTEXT('2D SPACE',''
  ) );
#5902 = PCURVE('',#5466,#5903);
#5903 = DEFINITIONAL_REPRESENTATION('',(#5904),#5908);
#5904 = LINE('',#5905,#5906);
#5905 = CARTESIAN_POINT('',(0.,0.));
#5906 = VECTOR('',#5907,1.);
#5907 = DIRECTION('',(0.,-1.));
#5908 = ( GEOMETRIC_REPRESENTATION_CONTEXT(2) 
PARAMETRIC_REPRESENTATION_CONTEXT() REPRESENTATION_CONTEXT('2D SPACE',''
  ) );
#5909 = ADVANCED_FACE('',(#5910),#3133,.T.);
#5910 = FACE_BOUND('',#5911,.T.);
#5911 = EDGE_LOOP('',(#5912,#5913,#5914,#5935,#5936,#5937));
#5912 = ORIENTED_EDGE('',*,*,#5866,.F.);
#5913 = ORIENTED_EDGE('',*,*,#3118,.F.);
#5914 = ORIENTED_EDGE('',*,*,#5915,.T.);
#5915 = EDGE_CURVE('',#3119,#3145,#5916,.T.);
#5916 = SURFACE_CURVE('',#5917,(#5921,#5928),.PCURVE_S1.);
#5917 = LINE('',#5918,#5919);
#5918 = CARTESIAN_POINT('',(42.214274836837,44.477016536634,10.));
#5919 = VECTOR('',#5920,1.);
#5920 = DIRECTION('',(-0.707106781187,-0.707106781187,0.));
#5921 = PCURVE('',#3133,#5922);
#5922 = DEFINITIONAL_REPRESENTATION('',(#5923),#5927);
#5923 = LINE('',#5924,#5925);
#5924 = CARTESIAN_POINT('',(8.,0.));
#5925 = VECTOR('',#5926,1.);
#5926 = DIRECTION('',(0.,1.));
#5927 = ( GEOMETRIC_REPRESENTATION_CONTEXT(2) 
PARAMETRIC_REPRESENTATION_CONTEXT() REPRESENTATION_CONTEXT('2D SPACE',''
  ) );
#5928 = PCURVE('',#3160,#5929);
#5929 = DEFINITIONAL_REPRESENTATION('',(#5930),#5934);
#5930 = LINE('',#5931,#5932);
#5931 = CARTESIAN_POINT('',(3.323401871577,5.586143571374));
#5932 = VECTOR('',#5933,1.);
#5933 = DIRECTION('',(-0.707106781187,-0.707106781187));
#5934 = ( GEOMETRIC_REPRESENTATION_CONTEXT(2) 
PARAMETRIC_REPRESENTATION_CONTEXT() REPRESENTATION_CONTEXT('2D SPACE',''
  ) );
#5935 = ORIENTED_EDGE('',*,*,#3172,.T.);
#5936 = ORIENTED_EDGE('',*,*,#5478,.F.);
#5937 = ORIENTED_EDGE('',*,*,#5938,.F.);
#5938 = EDGE_CURVE('',#5867,#5451,#5939,.T.);
#5939 = SURFACE_CURVE('',#5940,(#5944,#5951),.PCURVE_S1.);
#5940 = LINE('',#5941,#5942);
#5941 = CARTESIAN_POINT('',(33.304729393886,35.567471093683,2.));
#5942 = VECTOR('',#5943,1.);
#5943 = DIRECTION('',(0.,0.,1.));
#5944 = PCURVE('',#3133,#5945);
#5945 = DEFINITIONAL_REPRESENTATION('',(#5946),#5950);
#5946 = LINE('',#5947,#5948);
#5947 = CARTESIAN_POINT('',(0.,12.6));
#5948 = VECTOR('',#5949,1.);
#5949 = DIRECTION('',(1.,0.));
#5950 = ( GEOMETRIC_REPRESENTATION_CONTEXT(2) 
PARAMETRIC_REPRESENTATION_CONTEXT() REPRESENTATION_CONTEXT('2D SPACE',''
  ) );
#5951 = PCURVE('',#5466,#5952);
#5952 = DEFINITIONAL_REPRESENTATION('',(#5953),#5957);
#5953 = LINE('',#5954,#5955);
#5954 = CARTESIAN_POINT('',(0.,0.));
#5955 = VECTOR('',#5956,1.);
#5956 = DIRECTION('',(1.,0.));
#5957 = ( GEOMETRIC_REPRESENTATION_CONTEXT(2) 
PARAMETRIC_REPRESENTATION_CONTEXT() REPRESENTATION_CONTEXT('2D SPACE',''
  ) );
#5958 = ADVANCED_FACE('',(#5959),#3160,.T.);
#5959 = FACE_BOUND('',#5960,.T.);
#5960 = EDGE_LOOP('',(#5961,#5962));
#5961 = ORIENTED_EDGE('',*,*,#5915,.F.);
#5962 = ORIENTED_EDGE('',*,*,#3144,.T.);
#5963 = ADVANCED_FACE('',(#5964,#5971),#3329,.T.);
#5964 = FACE_BOUND('',#5965,.T.);
#5965 = EDGE_LOOP('',(#5966,#5967,#5968,#5969,#5970));
#5966 = ORIENTED_EDGE('',*,*,#3313,.F.);
#5967 = ORIENTED_EDGE('',*,*,#3540,.F.);
#5968 = ORIENTED_EDGE('',*,*,#3509,.F.);
#5969 = ORIENTED_EDGE('',*,*,#3437,.T.);
#5970 = ORIENTED_EDGE('',*,*,#3412,.T.);
#5971 = FACE_BOUND('',#5972,.T.);
#5972 = EDGE_LOOP('',(#5973,#5974,#6002,#6028,#6029,#6030,#6031,#6059,
    #6085,#6086));
#5973 = ORIENTED_EDGE('',*,*,#4690,.F.);
#5974 = ORIENTED_EDGE('',*,*,#5975,.T.);
#5975 = EDGE_CURVE('',#4691,#5976,#5978,.T.);
#5976 = VERTEX_POINT('',#5977);
#5977 = CARTESIAN_POINT('',(25.36,-8.89,2.4));
#5978 = SURFACE_CURVE('',#5979,(#5984,#5995),.PCURVE_S1.);
#5979 = CIRCLE('',#5980,2.5);
#5980 = AXIS2_PLACEMENT_3D('',#5981,#5982,#5983);
#5981 = CARTESIAN_POINT('',(22.86,-8.89,2.4));
#5982 = DIRECTION('',(0.,0.,-1.));
#5983 = DIRECTION('',(1.,0.,0.));
#5984 = PCURVE('',#3329,#5985);
#5985 = DEFINITIONAL_REPRESENTATION('',(#5986),#5994);
#5986 = ( BOUNDED_CURVE() B_SPLINE_CURVE(2,(#5987,#5988,#5989,#5990,
#5991,#5992,#5993),.UNSPECIFIED.,.T.,.F.) B_SPLINE_CURVE_WITH_KNOTS((1,2
    ,2,2,2,1),(-2.094395102393,0.,2.094395102393,4.188790204786,
6.28318530718,8.377580409573),.UNSPECIFIED.) CURVE() 
GEOMETRIC_REPRESENTATION_ITEM() RATIONAL_B_SPLINE_CURVE((1.,0.5,1.,0.5,
1.,0.5,1.)) REPRESENTATION_ITEM('') );
#5987 = CARTESIAN_POINT('',(56.36,14.11));
#5988 = CARTESIAN_POINT('',(56.36,9.779872981078));
#5989 = CARTESIAN_POINT('',(52.61,11.944936490539));
#5990 = CARTESIAN_POINT('',(48.86,14.11));
#5991 = CARTESIAN_POINT('',(52.61,16.275063509461));
#5992 = CARTESIAN_POINT('',(56.36,18.440127018922));
#5993 = CARTESIAN_POINT('',(56.36,14.11));
#5994 = ( GEOMETRIC_REPRESENTATION_CONTEXT(2) 
PARAMETRIC_REPRESENTATION_CONTEXT() REPRESENTATION_CONTEXT('2D SPACE',''
  ) );
#5995 = PCURVE('',#4726,#5996);
#5996 = DEFINITIONAL_REPRESENTATION('',(#5997),#6001);
#5997 = LINE('',#5998,#5999);
#5998 = CARTESIAN_POINT('',(-6.28318530718,-2.4));
#5999 = VECTOR('',#6000,1.);
#6000 = DIRECTION('',(1.,-0.));
#6001 = ( GEOMETRIC_REPRESENTATION_CONTEXT(2) 
PARAMETRIC_REPRESENTATION_CONTEXT() REPRESENTATION_CONTEXT('2D SPACE',''
  ) );
#6002 = ORIENTED_EDGE('',*,*,#6003,.T.);
#6003 = EDGE_CURVE('',#5976,#4887,#6004,.T.);
#6004 = SURFACE_CURVE('',#6005,(#6010,#6021),.PCURVE_S1.);
#6005 = CIRCLE('',#6006,2.5);
#6006 = AXIS2_PLACEMENT_3D('',#6007,#6008,#6009);
#6007 = CARTESIAN_POINT('',(22.86,-8.89,2.4));
#6008 = DIRECTION('',(0.,0.,-1.));
#6009 = DIRECTION('',(1.,0.,0.));
#6010 = PCURVE('',#3329,#6011);
#6011 = DEFINITIONAL_REPRESENTATION('',(#6012),#6020);
#6012 = ( BOUNDED_CURVE() B_SPLINE_CURVE(2,(#6013,#6014,#6015,#6016,
#6017,#6018,#6019),.UNSPECIFIED.,.T.,.F.) B_SPLINE_CURVE_WITH_KNOTS((1,2
    ,2,2,2,1),(-2.094395102393,0.,2.094395102393,4.188790204786,
6.28318530718,8.377580409573),.UNSPECIFIED.) CURVE() 
GEOMETRIC_REPRESENTATION_ITEM() RATIONAL_B_SPLINE_CURVE((1.,0.5,1.,0.5,
1.,0.5,1.)) REPRESENTATION_ITEM('') );
#6013 = CARTESIAN_POINT('',(56.36,14.11));
#6014 = CARTESIAN_POINT('',(56.36,9.779872981078));
#6015 = CARTESIAN_POINT('',(52.61,11.944936490539));
#6016 = CARTESIAN_POINT('',(48.86,14.11));
#6017 = CARTESIAN_POINT('',(52.61,16.275063509461));
#6018 = CARTESIAN_POINT('',(56.36,18.440127018922));
#6019 = CARTESIAN_POINT('',(56.36,14.11));
#6020 = ( GEOMETRIC_REPRESENTATION_CONTEXT(2) 
PARAMETRIC_REPRESENTATION_CONTEXT() REPRESENTATION_CONTEXT('2D SPACE',''
  ) );
#6021 = PCURVE('',#4726,#6022);
#6022 = DEFINITIONAL_REPRESENTATION('',(#6023),#6027);
#6023 = LINE('',#6024,#6025);
#6024 = CARTESIAN_POINT('',(-6.28318530718,-2.4));
#6025 = VECTOR('',#6026,1.);
#6026 = DIRECTION('',(1.,-0.));
#6027 = ( GEOMETRIC_REPRESENTATION_CONTEXT(2) 
PARAMETRIC_REPRESENTATION_CONTEXT() REPRESENTATION_CONTEXT('2D SPACE',''
  ) );
#6028 = ORIENTED_EDGE('',*,*,#4886,.T.);
#6029 = ORIENTED_EDGE('',*,*,#5076,.T.);
#6030 = ORIENTED_EDGE('',*,*,#5201,.T.);
#6031 = ORIENTED_EDGE('',*,*,#6032,.T.);
#6032 = EDGE_CURVE('',#5181,#6033,#6035,.T.);
#6033 = VERTEX_POINT('',#6034);
#6034 = CARTESIAN_POINT('',(25.36,8.89,2.4));
#6035 = SURFACE_CURVE('',#6036,(#6041,#6052),.PCURVE_S1.);
#6036 = CIRCLE('',#6037,2.5);
#6037 = AXIS2_PLACEMENT_3D('',#6038,#6039,#6040);
#6038 = CARTESIAN_POINT('',(22.86,8.89,2.4));
#6039 = DIRECTION('',(0.,0.,-1.));
#6040 = DIRECTION('',(1.,0.,0.));
#6041 = PCURVE('',#3329,#6042);
#6042 = DEFINITIONAL_REPRESENTATION('',(#6043),#6051);
#6043 = ( BOUNDED_CURVE() B_SPLINE_CURVE(2,(#6044,#6045,#6046,#6047,
#6048,#6049,#6050),.UNSPECIFIED.,.T.,.F.) B_SPLINE_CURVE_WITH_KNOTS((1,2
    ,2,2,2,1),(-2.094395102393,0.,2.094395102393,4.188790204786,
6.28318530718,8.377580409573),.UNSPECIFIED.) CURVE() 
GEOMETRIC_REPRESENTATION_ITEM() RATIONAL_B_SPLINE_CURVE((1.,0.5,1.,0.5,
1.,0.5,1.)) REPRESENTATION_ITEM('') );
#6044 = CARTESIAN_POINT('',(56.36,31.89));
#6045 = CARTESIAN_POINT('',(56.36,27.559872981078));
#6046 = CARTESIAN_POINT('',(52.61,29.724936490539));
#6047 = CARTESIAN_POINT('',(48.86,31.89));
#6048 = CARTESIAN_POINT('',(52.61,34.055063509461));
#6049 = CARTESIAN_POINT('',(56.36,36.220127018922));
#6050 = CARTESIAN_POINT('',(56.36,31.89));
#6051 = ( GEOMETRIC_REPRESENTATION_CONTEXT(2) 
PARAMETRIC_REPRESENTATION_CONTEXT() REPRESENTATION_CONTEXT('2D SPACE',''
  ) );
#6052 = PCURVE('',#5020,#6053);
#6053 = DEFINITIONAL_REPRESENTATION('',(#6054),#6058);
#6054 = LINE('',#6055,#6056);
#6055 = CARTESIAN_POINT('',(-6.28318530718,-2.4));
#6056 = VECTOR('',#6057,1.);
#6057 = DIRECTION('',(1.,-0.));
#6058 = ( GEOMETRIC_REPRESENTATION_CONTEXT(2) 
PARAMETRIC_REPRESENTATION_CONTEXT() REPRESENTATION_CONTEXT('2D SPACE',''
  ) );
#6059 = ORIENTED_EDGE('',*,*,#6060,.T.);
#6060 = EDGE_CURVE('',#6033,#5006,#6061,.T.);
#6061 = SURFACE_CURVE('',#6062,(#6067,#6078),.PCURVE_S1.);
#6062 = CIRCLE('',#6063,2.5);
#6063 = AXIS2_PLACEMENT_3D('',#6064,#6065,#6066);
#6064 = CARTESIAN_POINT('',(22.86,8.89,2.4));
#6065 = DIRECTION('',(0.,0.,-1.));
#6066 = DIRECTION('',(1.,0.,0.));
#6067 = PCURVE('',#3329,#6068);
#6068 = DEFINITIONAL_REPRESENTATION('',(#6069),#6077);
#6069 = ( BOUNDED_CURVE() B_SPLINE_CURVE(2,(#6070,#6071,#6072,#6073,
#6074,#6075,#6076),.UNSPECIFIED.,.T.,.F.) B_SPLINE_CURVE_WITH_KNOTS((1,2
    ,2,2,2,1),(-2.094395102393,0.,2.094395102393,4.188790204786,
6.28318530718,8.377580409573),.UNSPECIFIED.) CURVE() 
GEOMETRIC_REPRESENTATION_ITEM() RATIONAL_B_SPLINE_CURVE((1.,0.5,1.,0.5,
1.,0.5,1.)) REPRESENTATION_ITEM('') );
#6070 = CARTESIAN_POINT('',(56.36,31.89));
#6071 = CARTESIAN_POINT('',(56.36,27.559872981078));
#6072 = CARTESIAN_POINT('',(52.61,29.724936490539));
#6073 = CARTESIAN_POINT('',(48.86,31.89));
#6074 = CARTESIAN_POINT('',(52.61,34.055063509461));
#6075 = CARTESIAN_POINT('',(56.36,36.220127018922));
#6076 = CARTESIAN_POINT('',(56.36,31.89));
#6077 = ( GEOMETRIC_REPRESENTATION_CONTEXT(2) 
PARAMETRIC_REPRESENTATION_CONTEXT() REPRESENTATION_CONTEXT('2D SPACE',''
  ) );
#6078 = PCURVE('',#5020,#6079);
#6079 = DEFINITIONAL_REPRESENTATION('',(#6080),#6084);
#6080 = LINE('',#6081,#6082);
#6081 = CARTESIAN_POINT('',(-6.28318530718,-2.4));
#6082 = VECTOR('',#6083,1.);
#6083 = DIRECTION('',(1.,-0.));
#6084 = ( GEOMETRIC_REPRESENTATION_CONTEXT(2) 
PARAMETRIC_REPRESENTATION_CONTEXT() REPRESENTATION_CONTEXT('2D SPACE',''
  ) );
#6085 = ORIENTED_EDGE('',*,*,#5031,.F.);
#6086 = ORIENTED_EDGE('',*,*,#4815,.F.);
#6087 = ADVANCED_FACE('',(#6088),#3624,.T.);
#6088 = FACE_BOUND('',#6089,.T.);
#6089 = EDGE_LOOP('',(#6090,#6111));
#6090 = ORIENTED_EDGE('',*,*,#6091,.F.);
#6091 = EDGE_CURVE('',#3608,#3606,#6092,.T.);
#6092 = SURFACE_CURVE('',#6093,(#6097,#6104),.PCURVE_S1.);
#6093 = LINE('',#6094,#6095);
#6094 = CARTESIAN_POINT('',(44.477016536634,-42.21427483683,10.));
#6095 = VECTOR('',#6096,1.);
#6096 = DIRECTION('',(-0.707106781187,0.707106781187,0.));
#6097 = PCURVE('',#3624,#6098);
#6098 = DEFINITIONAL_REPRESENTATION('',(#6099),#6103);
#6099 = LINE('',#6100,#6101);
#6100 = CARTESIAN_POINT('',(5.586143571374,-3.323401871577));
#6101 = VECTOR('',#6102,1.);
#6102 = DIRECTION('',(-0.707106781187,0.707106781187));
#6103 = ( GEOMETRIC_REPRESENTATION_CONTEXT(2) 
PARAMETRIC_REPRESENTATION_CONTEXT() REPRESENTATION_CONTEXT('2D SPACE',''
  ) );
#6104 = PCURVE('',#3655,#6105);
#6105 = DEFINITIONAL_REPRESENTATION('',(#6106),#6110);
#6106 = LINE('',#6107,#6108);
#6107 = CARTESIAN_POINT('',(8.,0.));
#6108 = VECTOR('',#6109,1.);
#6109 = DIRECTION('',(0.,1.));
#6110 = ( GEOMETRIC_REPRESENTATION_CONTEXT(2) 
PARAMETRIC_REPRESENTATION_CONTEXT() REPRESENTATION_CONTEXT('2D SPACE',''
  ) );
#6111 = ORIENTED_EDGE('',*,*,#3605,.F.);
#6112 = ADVANCED_FACE('',(#6113),#3655,.T.);
#6113 = FACE_BOUND('',#6114,.T.);
#6114 = EDGE_LOOP('',(#6115,#6138,#6139,#6140,#6141,#6142));
#6115 = ORIENTED_EDGE('',*,*,#6116,.F.);
#6116 = EDGE_CURVE('',#3817,#6117,#6119,.T.);
#6117 = VERTEX_POINT('',#6118);
#6118 = CARTESIAN_POINT('',(35.567471093683,-33.30472939388,2.));
#6119 = SURFACE_CURVE('',#6120,(#6124,#6131),.PCURVE_S1.);
#6120 = LINE('',#6121,#6122);
#6121 = CARTESIAN_POINT('',(44.477016536634,-42.21427483683,2.));
#6122 = VECTOR('',#6123,1.);
#6123 = DIRECTION('',(-0.707106781187,0.707106781187,0.));
#6124 = PCURVE('',#3655,#6125);
#6125 = DEFINITIONAL_REPRESENTATION('',(#6126),#6130);
#6126 = LINE('',#6127,#6128);
#6127 = CARTESIAN_POINT('',(0.,0.));
#6128 = VECTOR('',#6129,1.);
#6129 = DIRECTION('',(0.,1.));
#6130 = ( GEOMETRIC_REPRESENTATION_CONTEXT(2) 
PARAMETRIC_REPRESENTATION_CONTEXT() REPRESENTATION_CONTEXT('2D SPACE',''
  ) );
#6131 = PCURVE('',#3833,#6132);
#6132 = DEFINITIONAL_REPRESENTATION('',(#6133),#6137);
#6133 = LINE('',#6134,#6135);
#6134 = CARTESIAN_POINT('',(0.,0.));
#6135 = VECTOR('',#6136,1.);
#6136 = DIRECTION('',(1.,0.));
#6137 = ( GEOMETRIC_REPRESENTATION_CONTEXT(2) 
PARAMETRIC_REPRESENTATION_CONTEXT() REPRESENTATION_CONTEXT('2D SPACE',''
  ) );
#6138 = ORIENTED_EDGE('',*,*,#3849,.F.);
#6139 = ORIENTED_EDGE('',*,*,#6091,.T.);
#6140 = ORIENTED_EDGE('',*,*,#3640,.T.);
#6141 = ORIENTED_EDGE('',*,*,#5406,.F.);
#6142 = ORIENTED_EDGE('',*,*,#6143,.F.);
#6143 = EDGE_CURVE('',#6117,#5379,#6144,.T.);
#6144 = SURFACE_CURVE('',#6145,(#6149,#6156),.PCURVE_S1.);
#6145 = LINE('',#6146,#6147);
#6146 = CARTESIAN_POINT('',(35.567471093683,-33.30472939388,2.));
#6147 = VECTOR('',#6148,1.);
#6148 = DIRECTION('',(0.,0.,1.));
#6149 = PCURVE('',#3655,#6150);
#6150 = DEFINITIONAL_REPRESENTATION('',(#6151),#6155);
#6151 = LINE('',#6152,#6153);
#6152 = CARTESIAN_POINT('',(0.,12.6));
#6153 = VECTOR('',#6154,1.);
#6154 = DIRECTION('',(1.,0.));
#6155 = ( GEOMETRIC_REPRESENTATION_CONTEXT(2) 
PARAMETRIC_REPRESENTATION_CONTEXT() REPRESENTATION_CONTEXT('2D SPACE',''
  ) );
#6156 = PCURVE('',#5394,#6157);
#6157 = DEFINITIONAL_REPRESENTATION('',(#6158),#6162);
#6158 = LINE('',#6159,#6160);
#6159 = CARTESIAN_POINT('',(0.,0.));
#6160 = VECTOR('',#6161,1.);
#6161 = DIRECTION('',(1.,0.));
#6162 = ( GEOMETRIC_REPRESENTATION_CONTEXT(2) 
PARAMETRIC_REPRESENTATION_CONTEXT() REPRESENTATION_CONTEXT('2D SPACE',''
  ) );
#6163 = ADVANCED_FACE('',(#6164),#3756,.F.);
#6164 = FACE_BOUND('',#6165,.F.);
#6165 = EDGE_LOOP('',(#6166,#6189,#6190,#6211,#6212,#6213));
#6166 = ORIENTED_EDGE('',*,*,#6167,.F.);
#6167 = EDGE_CURVE('',#3796,#6168,#6170,.T.);
#6168 = VERTEX_POINT('',#6169);
#6169 = CARTESIAN_POINT('',(33.304729393886,-35.56747109368,2.));
#6170 = SURFACE_CURVE('',#6171,(#6175,#6182),.PCURVE_S1.);
#6171 = LINE('',#6172,#6173);
#6172 = CARTESIAN_POINT('',(42.214274836837,-44.47701653663,2.));
#6173 = VECTOR('',#6174,1.);
#6174 = DIRECTION('',(-0.707106781187,0.707106781187,0.));
#6175 = PCURVE('',#3756,#6176);
#6176 = DEFINITIONAL_REPRESENTATION('',(#6177),#6181);
#6177 = LINE('',#6178,#6179);
#6178 = CARTESIAN_POINT('',(0.,0.));
#6179 = VECTOR('',#6180,1.);
#6180 = DIRECTION('',(0.,1.));
#6181 = ( GEOMETRIC_REPRESENTATION_CONTEXT(2) 
PARAMETRIC_REPRESENTATION_CONTEXT() REPRESENTATION_CONTEXT('2D SPACE',''
  ) );
#6182 = PCURVE('',#3833,#6183);
#6183 = DEFINITIONAL_REPRESENTATION('',(#6184),#6188);
#6184 = LINE('',#6185,#6186);
#6185 = CARTESIAN_POINT('',(6.661338147751E-16,3.2));
#6186 = VECTOR('',#6187,1.);
#6187 = DIRECTION('',(1.,0.));
#6188 = ( GEOMETRIC_REPRESENTATION_CONTEXT(2) 
PARAMETRIC_REPRESENTATION_CONTEXT() REPRESENTATION_CONTEXT('2D SPACE',''
  ) );
#6189 = ORIENTED_EDGE('',*,*,#3795,.F.);
#6190 = ORIENTED_EDGE('',*,*,#6191,.T.);
#6191 = EDGE_CURVE('',#3768,#3742,#6192,.T.);
#6192 = SURFACE_CURVE('',#6193,(#6197,#6204),.PCURVE_S1.);
#6193 = LINE('',#6194,#6195);
#6194 = CARTESIAN_POINT('',(42.214274836837,-44.47701653663,10.));
#6195 = VECTOR('',#6196,1.);
#6196 = DIRECTION('',(-0.707106781187,0.707106781187,0.));
#6197 = PCURVE('',#3756,#6198);
#6198 = DEFINITIONAL_REPRESENTATION('',(#6199),#6203);
#6199 = LINE('',#6200,#6201);
#6200 = CARTESIAN_POINT('',(8.,0.));
#6201 = VECTOR('',#6202,1.);
#6202 = DIRECTION('',(0.,1.));
#6203 = ( GEOMETRIC_REPRESENTATION_CONTEXT(2) 
PARAMETRIC_REPRESENTATION_CONTEXT() REPRESENTATION_CONTEXT('2D SPACE',''
  ) );
#6204 = PCURVE('',#3783,#6205);
#6205 = DEFINITIONAL_REPRESENTATION('',(#6206),#6210);
#6206 = LINE('',#6207,#6208);
#6207 = CARTESIAN_POINT('',(3.323401871577,-5.586143571374));
#6208 = VECTOR('',#6209,1.);
#6209 = DIRECTION('',(-0.707106781187,0.707106781187));
#6210 = ( GEOMETRIC_REPRESENTATION_CONTEXT(2) 
PARAMETRIC_REPRESENTATION_CONTEXT() REPRESENTATION_CONTEXT('2D SPACE',''
  ) );
#6211 = ORIENTED_EDGE('',*,*,#3741,.T.);
#6212 = ORIENTED_EDGE('',*,*,#5357,.F.);
#6213 = ORIENTED_EDGE('',*,*,#6214,.F.);
#6214 = EDGE_CURVE('',#6168,#5358,#6215,.T.);
#6215 = SURFACE_CURVE('',#6216,(#6220,#6227),.PCURVE_S1.);
#6216 = LINE('',#6217,#6218);
#6217 = CARTESIAN_POINT('',(33.304729393886,-35.56747109368,2.));
#6218 = VECTOR('',#6219,1.);
#6219 = DIRECTION('',(0.,0.,1.));
#6220 = PCURVE('',#3756,#6221);
#6221 = DEFINITIONAL_REPRESENTATION('',(#6222),#6226);
#6222 = LINE('',#6223,#6224);
#6223 = CARTESIAN_POINT('',(0.,12.6));
#6224 = VECTOR('',#6225,1.);
#6225 = DIRECTION('',(1.,0.));
#6226 = ( GEOMETRIC_REPRESENTATION_CONTEXT(2) 
PARAMETRIC_REPRESENTATION_CONTEXT() REPRESENTATION_CONTEXT('2D SPACE',''
  ) );
#6227 = PCURVE('',#5394,#6228);
#6228 = DEFINITIONAL_REPRESENTATION('',(#6229),#6233);
#6229 = LINE('',#6230,#6231);
#6230 = CARTESIAN_POINT('',(0.,-3.2));
#6231 = VECTOR('',#6232,1.);
#6232 = DIRECTION('',(1.,0.));
#6233 = ( GEOMETRIC_REPRESENTATION_CONTEXT(2) 
PARAMETRIC_REPRESENTATION_CONTEXT() REPRESENTATION_CONTEXT('2D SPACE',''
  ) );
#6234 = ADVANCED_FACE('',(#6235),#3783,.T.);
#6235 = FACE_BOUND('',#6236,.T.);
#6236 = EDGE_LOOP('',(#6237,#6238));
#6237 = ORIENTED_EDGE('',*,*,#6191,.T.);
#6238 = ORIENTED_EDGE('',*,*,#3767,.T.);
#6239 = ADVANCED_FACE('',(#6240),#3833,.T.);
#6240 = FACE_BOUND('',#6241,.T.);
#6241 = EDGE_LOOP('',(#6242,#6243,#6244,#6245));
#6242 = ORIENTED_EDGE('',*,*,#6167,.F.);
#6243 = ORIENTED_EDGE('',*,*,#3816,.F.);
#6244 = ORIENTED_EDGE('',*,*,#6116,.T.);
#6245 = ORIENTED_EDGE('',*,*,#6246,.T.);
#6246 = EDGE_CURVE('',#6117,#6168,#6247,.T.);
#6247 = SURFACE_CURVE('',#6248,(#6252,#6259),.PCURVE_S1.);
#6248 = LINE('',#6249,#6250);
#6249 = CARTESIAN_POINT('',(35.567471093683,-33.30472939388,2.));
#6250 = VECTOR('',#6251,1.);
#6251 = DIRECTION('',(-0.707106781187,-0.707106781187,0.));
#6252 = PCURVE('',#3833,#6253);
#6253 = DEFINITIONAL_REPRESENTATION('',(#6254),#6258);
#6254 = LINE('',#6255,#6256);
#6255 = CARTESIAN_POINT('',(12.6,-8.881784197001E-16));
#6256 = VECTOR('',#6257,1.);
#6257 = DIRECTION('',(0.,1.));
#6258 = ( GEOMETRIC_REPRESENTATION_CONTEXT(2) 
PARAMETRIC_REPRESENTATION_CONTEXT() REPRESENTATION_CONTEXT('2D SPACE',''
  ) );
#6259 = PCURVE('',#5394,#6260);
#6260 = DEFINITIONAL_REPRESENTATION('',(#6261),#6265);
#6261 = LINE('',#6262,#6263);
#6262 = CARTESIAN_POINT('',(0.,0.));
#6263 = VECTOR('',#6264,1.);
#6264 = DIRECTION('',(0.,-1.));
#6265 = ( GEOMETRIC_REPRESENTATION_CONTEXT(2) 
PARAMETRIC_REPRESENTATION_CONTEXT() REPRESENTATION_CONTEXT('2D SPACE',''
  ) );
#6266 = ADVANCED_FACE('',(#6267),#3908,.T.);
#6267 = FACE_BOUND('',#6268,.T.);
#6268 = EDGE_LOOP('',(#6269,#6270,#6271,#6272,#6273));
#6269 = ORIENTED_EDGE('',*,*,#4136,.F.);
#6270 = ORIENTED_EDGE('',*,*,#4087,.T.);
#6271 = ORIENTED_EDGE('',*,*,#4035,.T.);
#6272 = ORIENTED_EDGE('',*,*,#3987,.T.);
#6273 = ORIENTED_EDGE('',*,*,#3893,.T.);
#6274 = ADVANCED_FACE('',(#6275),#4224,.F.);
#6275 = FACE_BOUND('',#6276,.F.);
#6276 = EDGE_LOOP('',(#6277,#6300,#6301,#6322,#6323,#6324));
#6277 = ORIENTED_EDGE('',*,*,#6278,.F.);
#6278 = EDGE_CURVE('',#4264,#6279,#6281,.T.);
#6279 = VERTEX_POINT('',#6280);
#6280 = CARTESIAN_POINT('',(-35.56747109368,-33.30472939388,2.));
#6281 = SURFACE_CURVE('',#6282,(#6286,#6293),.PCURVE_S1.);
#6282 = LINE('',#6283,#6284);
#6283 = CARTESIAN_POINT('',(-44.47701653663,-42.21427483683,2.));
#6284 = VECTOR('',#6285,1.);
#6285 = DIRECTION('',(0.707106781187,0.707106781187,0.));
#6286 = PCURVE('',#4224,#6287);
#6287 = DEFINITIONAL_REPRESENTATION('',(#6288),#6292);
#6288 = LINE('',#6289,#6290);
#6289 = CARTESIAN_POINT('',(0.,0.));
#6290 = VECTOR('',#6291,1.);
#6291 = DIRECTION('',(0.,1.));
#6292 = ( GEOMETRIC_REPRESENTATION_CONTEXT(2) 
PARAMETRIC_REPRESENTATION_CONTEXT() REPRESENTATION_CONTEXT('2D SPACE',''
  ) );
#6293 = PCURVE('',#4301,#6294);
#6294 = DEFINITIONAL_REPRESENTATION('',(#6295),#6299);
#6295 = LINE('',#6296,#6297);
#6296 = CARTESIAN_POINT('',(6.661338147751E-16,3.2));
#6297 = VECTOR('',#6298,1.);
#6298 = DIRECTION('',(1.,0.));
#6299 = ( GEOMETRIC_REPRESENTATION_CONTEXT(2) 
PARAMETRIC_REPRESENTATION_CONTEXT() REPRESENTATION_CONTEXT('2D SPACE',''
  ) );
#6300 = ORIENTED_EDGE('',*,*,#4263,.F.);
#6301 = ORIENTED_EDGE('',*,*,#6302,.T.);
#6302 = EDGE_CURVE('',#4236,#4210,#6303,.T.);
#6303 = SURFACE_CURVE('',#6304,(#6308,#6315),.PCURVE_S1.);
#6304 = LINE('',#6305,#6306);
#6305 = CARTESIAN_POINT('',(-44.47701653663,-42.21427483683,10.));
#6306 = VECTOR('',#6307,1.);
#6307 = DIRECTION('',(0.707106781187,0.707106781187,0.));
#6308 = PCURVE('',#4224,#6309);
#6309 = DEFINITIONAL_REPRESENTATION('',(#6310),#6314);
#6310 = LINE('',#6311,#6312);
#6311 = CARTESIAN_POINT('',(8.,0.));
#6312 = VECTOR('',#6313,1.);
#6313 = DIRECTION('',(0.,1.));
#6314 = ( GEOMETRIC_REPRESENTATION_CONTEXT(2) 
PARAMETRIC_REPRESENTATION_CONTEXT() REPRESENTATION_CONTEXT('2D SPACE',''
  ) );
#6315 = PCURVE('',#4251,#6316);
#6316 = DEFINITIONAL_REPRESENTATION('',(#6317),#6321);
#6317 = LINE('',#6318,#6319);
#6318 = CARTESIAN_POINT('',(-5.586143571374,-3.323401871577));
#6319 = VECTOR('',#6320,1.);
#6320 = DIRECTION('',(0.707106781187,0.707106781187));
#6321 = ( GEOMETRIC_REPRESENTATION_CONTEXT(2) 
PARAMETRIC_REPRESENTATION_CONTEXT() REPRESENTATION_CONTEXT('2D SPACE',''
  ) );
#6322 = ORIENTED_EDGE('',*,*,#4209,.T.);
#6323 = ORIENTED_EDGE('',*,*,#5285,.F.);
#6324 = ORIENTED_EDGE('',*,*,#6325,.F.);
#6325 = EDGE_CURVE('',#6279,#5286,#6326,.T.);
#6326 = SURFACE_CURVE('',#6327,(#6331,#6338),.PCURVE_S1.);
#6327 = LINE('',#6328,#6329);
#6328 = CARTESIAN_POINT('',(-35.56747109368,-33.30472939388,2.));
#6329 = VECTOR('',#6330,1.);
#6330 = DIRECTION('',(0.,0.,1.));
#6331 = PCURVE('',#4224,#6332);
#6332 = DEFINITIONAL_REPRESENTATION('',(#6333),#6337);
#6333 = LINE('',#6334,#6335);
#6334 = CARTESIAN_POINT('',(0.,12.6));
#6335 = VECTOR('',#6336,1.);
#6336 = DIRECTION('',(1.,0.));
#6337 = ( GEOMETRIC_REPRESENTATION_CONTEXT(2) 
PARAMETRIC_REPRESENTATION_CONTEXT() REPRESENTATION_CONTEXT('2D SPACE',''
  ) );
#6338 = PCURVE('',#5322,#6339);
#6339 = DEFINITIONAL_REPRESENTATION('',(#6340),#6344);
#6340 = LINE('',#6341,#6342);
#6341 = CARTESIAN_POINT('',(0.,-3.2));
#6342 = VECTOR('',#6343,1.);
#6343 = DIRECTION('',(1.,0.));
#6344 = ( GEOMETRIC_REPRESENTATION_CONTEXT(2) 
PARAMETRIC_REPRESENTATION_CONTEXT() REPRESENTATION_CONTEXT('2D SPACE',''
  ) );
#6345 = ADVANCED_FACE('',(#6346),#4251,.T.);
#6346 = FACE_BOUND('',#6347,.T.);
#6347 = EDGE_LOOP('',(#6348,#6349));
#6348 = ORIENTED_EDGE('',*,*,#6302,.T.);
#6349 = ORIENTED_EDGE('',*,*,#4235,.T.);
#6350 = ADVANCED_FACE('',(#6351),#4301,.T.);
#6351 = FACE_BOUND('',#6352,.T.);
#6352 = EDGE_LOOP('',(#6353,#6354,#6355,#6378));
#6353 = ORIENTED_EDGE('',*,*,#6278,.F.);
#6354 = ORIENTED_EDGE('',*,*,#4284,.F.);
#6355 = ORIENTED_EDGE('',*,*,#6356,.T.);
#6356 = EDGE_CURVE('',#4285,#6357,#6359,.T.);
#6357 = VERTEX_POINT('',#6358);
#6358 = CARTESIAN_POINT('',(-33.30472939388,-35.56747109368,2.));
#6359 = SURFACE_CURVE('',#6360,(#6364,#6371),.PCURVE_S1.);
#6360 = LINE('',#6361,#6362);
#6361 = CARTESIAN_POINT('',(-42.21427483683,-44.47701653663,2.));
#6362 = VECTOR('',#6363,1.);
#6363 = DIRECTION('',(0.707106781187,0.707106781187,0.));
#6364 = PCURVE('',#4301,#6365);
#6365 = DEFINITIONAL_REPRESENTATION('',(#6366),#6370);
#6366 = LINE('',#6367,#6368);
#6367 = CARTESIAN_POINT('',(0.,0.));
#6368 = VECTOR('',#6369,1.);
#6369 = DIRECTION('',(1.,0.));
#6370 = ( GEOMETRIC_REPRESENTATION_CONTEXT(2) 
PARAMETRIC_REPRESENTATION_CONTEXT() REPRESENTATION_CONTEXT('2D SPACE',''
  ) );
#6371 = PCURVE('',#4332,#6372);
#6372 = DEFINITIONAL_REPRESENTATION('',(#6373),#6377);
#6373 = LINE('',#6374,#6375);
#6374 = CARTESIAN_POINT('',(0.,0.));
#6375 = VECTOR('',#6376,1.);
#6376 = DIRECTION('',(0.,1.));
#6377 = ( GEOMETRIC_REPRESENTATION_CONTEXT(2) 
PARAMETRIC_REPRESENTATION_CONTEXT() REPRESENTATION_CONTEXT('2D SPACE',''
  ) );
#6378 = ORIENTED_EDGE('',*,*,#6379,.T.);
#6379 = EDGE_CURVE('',#6357,#6279,#6380,.T.);
#6380 = SURFACE_CURVE('',#6381,(#6385,#6392),.PCURVE_S1.);
#6381 = LINE('',#6382,#6383);
#6382 = CARTESIAN_POINT('',(-33.30472939388,-35.56747109368,2.));
#6383 = VECTOR('',#6384,1.);
#6384 = DIRECTION('',(-0.707106781187,0.707106781187,0.));
#6385 = PCURVE('',#4301,#6386);
#6386 = DEFINITIONAL_REPRESENTATION('',(#6387),#6391);
#6387 = LINE('',#6388,#6389);
#6388 = CARTESIAN_POINT('',(12.6,-8.881784197001E-16));
#6389 = VECTOR('',#6390,1.);
#6390 = DIRECTION('',(0.,1.));
#6391 = ( GEOMETRIC_REPRESENTATION_CONTEXT(2) 
PARAMETRIC_REPRESENTATION_CONTEXT() REPRESENTATION_CONTEXT('2D SPACE',''
  ) );
#6392 = PCURVE('',#5322,#6393);
#6393 = DEFINITIONAL_REPRESENTATION('',(#6394),#6398);
#6394 = LINE('',#6395,#6396);
#6395 = CARTESIAN_POINT('',(0.,0.));
#6396 = VECTOR('',#6397,1.);
#6397 = DIRECTION('',(0.,-1.));
#6398 = ( GEOMETRIC_REPRESENTATION_CONTEXT(2) 
PARAMETRIC_REPRESENTATION_CONTEXT() REPRESENTATION_CONTEXT('2D SPACE',''
  ) );
#6399 = ADVANCED_FACE('',(#6400),#4332,.T.);
#6400 = FACE_BOUND('',#6401,.T.);
#6401 = EDGE_LOOP('',(#6402,#6403,#6404,#6425,#6426,#6427));
#6402 = ORIENTED_EDGE('',*,*,#6356,.F.);
#6403 = ORIENTED_EDGE('',*,*,#4317,.F.);
#6404 = ORIENTED_EDGE('',*,*,#6405,.T.);
#6405 = EDGE_CURVE('',#4318,#4344,#6406,.T.);
#6406 = SURFACE_CURVE('',#6407,(#6411,#6418),.PCURVE_S1.);
#6407 = LINE('',#6408,#6409);
#6408 = CARTESIAN_POINT('',(-42.21427483683,-44.47701653663,10.));
#6409 = VECTOR('',#6410,1.);
#6410 = DIRECTION('',(0.707106781187,0.707106781187,0.));
#6411 = PCURVE('',#4332,#6412);
#6412 = DEFINITIONAL_REPRESENTATION('',(#6413),#6417);
#6413 = LINE('',#6414,#6415);
#6414 = CARTESIAN_POINT('',(8.,0.));
#6415 = VECTOR('',#6416,1.);
#6416 = DIRECTION('',(0.,1.));
#6417 = ( GEOMETRIC_REPRESENTATION_CONTEXT(2) 
PARAMETRIC_REPRESENTATION_CONTEXT() REPRESENTATION_CONTEXT('2D SPACE',''
  ) );
#6418 = PCURVE('',#4360,#6419);
#6419 = DEFINITIONAL_REPRESENTATION('',(#6420),#6424);
#6420 = LINE('',#6421,#6422);
#6421 = CARTESIAN_POINT('',(-3.323401871577,-5.586143571374));
#6422 = VECTOR('',#6423,1.);
#6423 = DIRECTION('',(0.707106781187,0.707106781187));
#6424 = ( GEOMETRIC_REPRESENTATION_CONTEXT(2) 
PARAMETRIC_REPRESENTATION_CONTEXT() REPRESENTATION_CONTEXT('2D SPACE',''
  ) );
#6425 = ORIENTED_EDGE('',*,*,#4376,.T.);
#6426 = ORIENTED_EDGE('',*,*,#5334,.F.);
#6427 = ORIENTED_EDGE('',*,*,#6428,.F.);
#6428 = EDGE_CURVE('',#6357,#5307,#6429,.T.);
#6429 = SURFACE_CURVE('',#6430,(#6434,#6441),.PCURVE_S1.);
#6430 = LINE('',#6431,#6432);
#6431 = CARTESIAN_POINT('',(-33.30472939388,-35.56747109368,2.));
#6432 = VECTOR('',#6433,1.);
#6433 = DIRECTION('',(0.,0.,1.));
#6434 = PCURVE('',#4332,#6435);
#6435 = DEFINITIONAL_REPRESENTATION('',(#6436),#6440);
#6436 = LINE('',#6437,#6438);
#6437 = CARTESIAN_POINT('',(0.,12.6));
#6438 = VECTOR('',#6439,1.);
#6439 = DIRECTION('',(1.,0.));
#6440 = ( GEOMETRIC_REPRESENTATION_CONTEXT(2) 
PARAMETRIC_REPRESENTATION_CONTEXT() REPRESENTATION_CONTEXT('2D SPACE',''
  ) );
#6441 = PCURVE('',#5322,#6442);
#6442 = DEFINITIONAL_REPRESENTATION('',(#6443),#6447);
#6443 = LINE('',#6444,#6445);
#6444 = CARTESIAN_POINT('',(0.,0.));
#6445 = VECTOR('',#6446,1.);
#6446 = DIRECTION('',(1.,0.));
#6447 = ( GEOMETRIC_REPRESENTATION_CONTEXT(2) 
PARAMETRIC_REPRESENTATION_CONTEXT() REPRESENTATION_CONTEXT('2D SPACE',''
  ) );
#6448 = ADVANCED_FACE('',(#6449),#4360,.T.);
#6449 = FACE_BOUND('',#6450,.T.);
#6450 = EDGE_LOOP('',(#6451,#6452));
#6451 = ORIENTED_EDGE('',*,*,#6405,.F.);
#6452 = ORIENTED_EDGE('',*,*,#4343,.F.);
#6453 = ADVANCED_FACE('',(#6454,#6480),#4517,.T.);
#6454 = FACE_BOUND('',#6455,.T.);
#6455 = EDGE_LOOP('',(#6456));
#6456 = ORIENTED_EDGE('',*,*,#6457,.T.);
#6457 = EDGE_CURVE('',#6458,#6458,#6460,.T.);
#6458 = VERTEX_POINT('',#6459);
#6459 = CARTESIAN_POINT('',(25.36,-8.89,5.4));
#6460 = SURFACE_CURVE('',#6461,(#6466,#6473),.PCURVE_S1.);
#6461 = CIRCLE('',#6462,2.5);
#6462 = AXIS2_PLACEMENT_3D('',#6463,#6464,#6465);
#6463 = CARTESIAN_POINT('',(22.86,-8.89,5.4));
#6464 = DIRECTION('',(0.,0.,1.));
#6465 = DIRECTION('',(1.,0.,0.));
#6466 = PCURVE('',#4517,#6467);
#6467 = DEFINITIONAL_REPRESENTATION('',(#6468),#6472);
#6468 = CIRCLE('',#6469,2.5);
#6469 = AXIS2_PLACEMENT_2D('',#6470,#6471);
#6470 = CARTESIAN_POINT('',(3.552713678801E-15,-1.7763568394E-15));
#6471 = DIRECTION('',(1.,0.));
#6472 = ( GEOMETRIC_REPRESENTATION_CONTEXT(2) 
PARAMETRIC_REPRESENTATION_CONTEXT() REPRESENTATION_CONTEXT('2D SPACE',''
  ) );
#6473 = PCURVE('',#4726,#6474);
#6474 = DEFINITIONAL_REPRESENTATION('',(#6475),#6479);
#6475 = LINE('',#6476,#6477);
#6476 = CARTESIAN_POINT('',(-0.,-5.4));
#6477 = VECTOR('',#6478,1.);
#6478 = DIRECTION('',(-1.,0.));
#6479 = ( GEOMETRIC_REPRESENTATION_CONTEXT(2) 
PARAMETRIC_REPRESENTATION_CONTEXT() REPRESENTATION_CONTEXT('2D SPACE',''
  ) );
#6480 = FACE_BOUND('',#6481,.T.);
#6481 = EDGE_LOOP('',(#6482));
#6482 = ORIENTED_EDGE('',*,*,#4502,.T.);
#6483 = ADVANCED_FACE('',(#6484),#4751,.F.);
#6484 = FACE_BOUND('',#6485,.F.);
#6485 = EDGE_LOOP('',(#6486,#6487,#6488,#6489));
#6486 = ORIENTED_EDGE('',*,*,#4928,.F.);
#6487 = ORIENTED_EDGE('',*,*,#4791,.T.);
#6488 = ORIENTED_EDGE('',*,*,#4737,.T.);
#6489 = ORIENTED_EDGE('',*,*,#6490,.F.);
#6490 = EDGE_CURVE('',#4908,#4712,#6491,.T.);
#6491 = SURFACE_CURVE('',#6492,(#6497,#6508),.PCURVE_S1.);
#6492 = CIRCLE('',#6493,2.5);
#6493 = AXIS2_PLACEMENT_3D('',#6494,#6495,#6496);
#6494 = CARTESIAN_POINT('',(22.86,-8.89,3.4));
#6495 = DIRECTION('',(0.,0.,-1.));
#6496 = DIRECTION('',(1.,0.,0.));
#6497 = PCURVE('',#4751,#6498);
#6498 = DEFINITIONAL_REPRESENTATION('',(#6499),#6507);
#6499 = ( BOUNDED_CURVE() B_SPLINE_CURVE(2,(#6500,#6501,#6502,#6503,
#6504,#6505,#6506),.UNSPECIFIED.,.T.,.F.) B_SPLINE_CURVE_WITH_KNOTS((1,2
    ,2,2,2,1),(-2.094395102393,0.,2.094395102393,4.188790204786,
6.28318530718,8.377580409573),.UNSPECIFIED.) CURVE() 
GEOMETRIC_REPRESENTATION_ITEM() RATIONAL_B_SPLINE_CURVE((1.,0.5,1.,0.5,
1.,0.5,1.)) REPRESENTATION_ITEM('') );
#6500 = CARTESIAN_POINT('',(3.46,-1.89));
#6501 = CARTESIAN_POINT('',(3.46,-6.220127018922));
#6502 = CARTESIAN_POINT('',(-0.29,-4.055063509461));
#6503 = CARTESIAN_POINT('',(-4.04,-1.89));
#6504 = CARTESIAN_POINT('',(-0.29,0.275063509461));
#6505 = CARTESIAN_POINT('',(3.46,2.440127018922));
#6506 = CARTESIAN_POINT('',(3.46,-1.89));
#6507 = ( GEOMETRIC_REPRESENTATION_CONTEXT(2) 
PARAMETRIC_REPRESENTATION_CONTEXT() REPRESENTATION_CONTEXT('2D SPACE',''
  ) );
#6508 = PCURVE('',#4726,#6509);
#6509 = DEFINITIONAL_REPRESENTATION('',(#6510),#6514);
#6510 = LINE('',#6511,#6512);
#6511 = CARTESIAN_POINT('',(-6.28318530718,-3.4));
#6512 = VECTOR('',#6513,1.);
#6513 = DIRECTION('',(1.,-0.));
#6514 = ( GEOMETRIC_REPRESENTATION_CONTEXT(2) 
PARAMETRIC_REPRESENTATION_CONTEXT() REPRESENTATION_CONTEXT('2D SPACE',''
  ) );
#6515 = ADVANCED_FACE('',(#6516),#4726,.T.);
#6516 = FACE_BOUND('',#6517,.F.);
#6517 = EDGE_LOOP('',(#6518,#6539,#6540,#6541,#6542,#6543,#6544,#6545));
#6518 = ORIENTED_EDGE('',*,*,#6519,.F.);
#6519 = EDGE_CURVE('',#5976,#6458,#6520,.T.);
#6520 = SEAM_CURVE('',#6521,(#6525,#6532),.PCURVE_S1.);
#6521 = LINE('',#6522,#6523);
#6522 = CARTESIAN_POINT('',(25.36,-8.89,0.));
#6523 = VECTOR('',#6524,1.);
#6524 = DIRECTION('',(0.,0.,1.));
#6525 = PCURVE('',#4726,#6526);
#6526 = DEFINITIONAL_REPRESENTATION('',(#6527),#6531);
#6527 = LINE('',#6528,#6529);
#6528 = CARTESIAN_POINT('',(-6.28318530718,0.));
#6529 = VECTOR('',#6530,1.);
#6530 = DIRECTION('',(-0.,-1.));
#6531 = ( GEOMETRIC_REPRESENTATION_CONTEXT(2) 
PARAMETRIC_REPRESENTATION_CONTEXT() REPRESENTATION_CONTEXT('2D SPACE',''
  ) );
#6532 = PCURVE('',#4726,#6533);
#6533 = DEFINITIONAL_REPRESENTATION('',(#6534),#6538);
#6534 = LINE('',#6535,#6536);
#6535 = CARTESIAN_POINT('',(-0.,0.));
#6536 = VECTOR('',#6537,1.);
#6537 = DIRECTION('',(-0.,-1.));
#6538 = ( GEOMETRIC_REPRESENTATION_CONTEXT(2) 
PARAMETRIC_REPRESENTATION_CONTEXT() REPRESENTATION_CONTEXT('2D SPACE',''
  ) );
#6539 = ORIENTED_EDGE('',*,*,#6003,.T.);
#6540 = ORIENTED_EDGE('',*,*,#4907,.F.);
#6541 = ORIENTED_EDGE('',*,*,#6490,.T.);
#6542 = ORIENTED_EDGE('',*,*,#4711,.T.);
#6543 = ORIENTED_EDGE('',*,*,#5975,.T.);
#6544 = ORIENTED_EDGE('',*,*,#6519,.T.);
#6545 = ORIENTED_EDGE('',*,*,#6457,.T.);
#6546 = ADVANCED_FACE('',(#6547),#5020,.T.);
#6547 = FACE_BOUND('',#6548,.F.);
#6548 = EDGE_LOOP('',(#6549,#6572,#6573,#6574,#6600,#6601,#6602,#6603));
#6549 = ORIENTED_EDGE('',*,*,#6550,.F.);
#6550 = EDGE_CURVE('',#6033,#6551,#6553,.T.);
#6551 = VERTEX_POINT('',#6552);
#6552 = CARTESIAN_POINT('',(25.36,8.89,5.4));
#6553 = SEAM_CURVE('',#6554,(#6558,#6565),.PCURVE_S1.);
#6554 = LINE('',#6555,#6556);
#6555 = CARTESIAN_POINT('',(25.36,8.89,0.));
#6556 = VECTOR('',#6557,1.);
#6557 = DIRECTION('',(0.,0.,1.));
#6558 = PCURVE('',#5020,#6559);
#6559 = DEFINITIONAL_REPRESENTATION('',(#6560),#6564);
#6560 = LINE('',#6561,#6562);
#6561 = CARTESIAN_POINT('',(-6.28318530718,0.));
#6562 = VECTOR('',#6563,1.);
#6563 = DIRECTION('',(-0.,-1.));
#6564 = ( GEOMETRIC_REPRESENTATION_CONTEXT(2) 
PARAMETRIC_REPRESENTATION_CONTEXT() REPRESENTATION_CONTEXT('2D SPACE',''
  ) );
#6565 = PCURVE('',#5020,#6566);
#6566 = DEFINITIONAL_REPRESENTATION('',(#6567),#6571);
#6567 = LINE('',#6568,#6569);
#6568 = CARTESIAN_POINT('',(-0.,0.));
#6569 = VECTOR('',#6570,1.);
#6570 = DIRECTION('',(-0.,-1.));
#6571 = ( GEOMETRIC_REPRESENTATION_CONTEXT(2) 
PARAMETRIC_REPRESENTATION_CONTEXT() REPRESENTATION_CONTEXT('2D SPACE',''
  ) );
#6572 = ORIENTED_EDGE('',*,*,#6060,.T.);
#6573 = ORIENTED_EDGE('',*,*,#5005,.F.);
#6574 = ORIENTED_EDGE('',*,*,#6575,.T.);
#6575 = EDGE_CURVE('',#4978,#5158,#6576,.T.);
#6576 = SURFACE_CURVE('',#6577,(#6582,#6589),.PCURVE_S1.);
#6577 = CIRCLE('',#6578,2.5);
#6578 = AXIS2_PLACEMENT_3D('',#6579,#6580,#6581);
#6579 = CARTESIAN_POINT('',(22.86,8.89,3.4));
#6580 = DIRECTION('',(0.,0.,-1.));
#6581 = DIRECTION('',(1.,0.,0.));
#6582 = PCURVE('',#5020,#6583);
#6583 = DEFINITIONAL_REPRESENTATION('',(#6584),#6588);
#6584 = LINE('',#6585,#6586);
#6585 = CARTESIAN_POINT('',(-6.28318530718,-3.4));
#6586 = VECTOR('',#6587,1.);
#6587 = DIRECTION('',(1.,-0.));
#6588 = ( GEOMETRIC_REPRESENTATION_CONTEXT(2) 
PARAMETRIC_REPRESENTATION_CONTEXT() REPRESENTATION_CONTEXT('2D SPACE',''
  ) );
#6589 = PCURVE('',#4993,#6590);
#6590 = DEFINITIONAL_REPRESENTATION('',(#6591),#6599);
#6591 = ( BOUNDED_CURVE() B_SPLINE_CURVE(2,(#6592,#6593,#6594,#6595,
#6596,#6597,#6598),.UNSPECIFIED.,.T.,.F.) B_SPLINE_CURVE_WITH_KNOTS((1,2
    ,2,2,2,1),(-2.094395102393,0.,2.094395102393,4.188790204786,
6.28318530718,8.377580409573),.UNSPECIFIED.) CURVE() 
GEOMETRIC_REPRESENTATION_ITEM() RATIONAL_B_SPLINE_CURVE((1.,0.5,1.,0.5,
1.,0.5,1.)) REPRESENTATION_ITEM('') );
#6592 = CARTESIAN_POINT('',(3.46,15.89));
#6593 = CARTESIAN_POINT('',(3.46,11.559872981078));
#6594 = CARTESIAN_POINT('',(-0.29,13.724936490539));
#6595 = CARTESIAN_POINT('',(-4.04,15.89));
#6596 = CARTESIAN_POINT('',(-0.29,18.055063509461));
#6597 = CARTESIAN_POINT('',(3.46,20.220127018922));
#6598 = CARTESIAN_POINT('',(3.46,15.89));
#6599 = ( GEOMETRIC_REPRESENTATION_CONTEXT(2) 
PARAMETRIC_REPRESENTATION_CONTEXT() REPRESENTATION_CONTEXT('2D SPACE',''
  ) );
#6600 = ORIENTED_EDGE('',*,*,#5180,.T.);
#6601 = ORIENTED_EDGE('',*,*,#6032,.T.);
#6602 = ORIENTED_EDGE('',*,*,#6550,.T.);
#6603 = ORIENTED_EDGE('',*,*,#6604,.T.);
#6604 = EDGE_CURVE('',#6551,#6551,#6605,.T.);
#6605 = SURFACE_CURVE('',#6606,(#6611,#6618),.PCURVE_S1.);
#6606 = CIRCLE('',#6607,2.5);
#6607 = AXIS2_PLACEMENT_3D('',#6608,#6609,#6610);
#6608 = CARTESIAN_POINT('',(22.86,8.89,5.4));
#6609 = DIRECTION('',(0.,0.,1.));
#6610 = DIRECTION('',(1.,0.,0.));
#6611 = PCURVE('',#5020,#6612);
#6612 = DEFINITIONAL_REPRESENTATION('',(#6613),#6617);
#6613 = LINE('',#6614,#6615);
#6614 = CARTESIAN_POINT('',(-0.,-5.4));
#6615 = VECTOR('',#6616,1.);
#6616 = DIRECTION('',(-1.,0.));
#6617 = ( GEOMETRIC_REPRESENTATION_CONTEXT(2) 
PARAMETRIC_REPRESENTATION_CONTEXT() REPRESENTATION_CONTEXT('2D SPACE',''
  ) );
#6618 = PCURVE('',#5262,#6619);
#6619 = DEFINITIONAL_REPRESENTATION('',(#6620),#6624);
#6620 = CIRCLE('',#6621,2.5);
#6621 = AXIS2_PLACEMENT_2D('',#6622,#6623);
#6622 = CARTESIAN_POINT('',(3.552713678801E-15,0.));
#6623 = DIRECTION('',(1.,0.));
#6624 = ( GEOMETRIC_REPRESENTATION_CONTEXT(2) 
PARAMETRIC_REPRESENTATION_CONTEXT() REPRESENTATION_CONTEXT('2D SPACE',''
  ) );
#6625 = ADVANCED_FACE('',(#6626),#4993,.F.);
#6626 = FACE_BOUND('',#6627,.F.);
#6627 = EDGE_LOOP('',(#6628,#6629,#6630,#6631));
#6628 = ORIENTED_EDGE('',*,*,#5157,.F.);
#6629 = ORIENTED_EDGE('',*,*,#6575,.F.);
#6630 = ORIENTED_EDGE('',*,*,#4977,.T.);
#6631 = ORIENTED_EDGE('',*,*,#5130,.F.);
#6632 = ADVANCED_FACE('',(#6633,#6636),#5262,.T.);
#6633 = FACE_BOUND('',#6634,.T.);
#6634 = EDGE_LOOP('',(#6635));
#6635 = ORIENTED_EDGE('',*,*,#6604,.T.);
#6636 = FACE_BOUND('',#6637,.T.);
#6637 = EDGE_LOOP('',(#6638));
#6638 = ORIENTED_EDGE('',*,*,#5247,.T.);
#6639 = ADVANCED_FACE('',(#6640),#5322,.F.);
#6640 = FACE_BOUND('',#6641,.F.);
#6641 = EDGE_LOOP('',(#6642,#6643,#6644,#6645));
#6642 = ORIENTED_EDGE('',*,*,#6428,.F.);
#6643 = ORIENTED_EDGE('',*,*,#6379,.T.);
#6644 = ORIENTED_EDGE('',*,*,#6325,.T.);
#6645 = ORIENTED_EDGE('',*,*,#5306,.T.);
#6646 = ADVANCED_FACE('',(#6647),#5394,.F.);
#6647 = FACE_BOUND('',#6648,.F.);
#6648 = EDGE_LOOP('',(#6649,#6650,#6651,#6652));
#6649 = ORIENTED_EDGE('',*,*,#6143,.F.);
#6650 = ORIENTED_EDGE('',*,*,#6246,.T.);
#6651 = ORIENTED_EDGE('',*,*,#6214,.T.);
#6652 = ORIENTED_EDGE('',*,*,#5378,.T.);
#6653 = ADVANCED_FACE('',(#6654),#5466,.F.);
#6654 = FACE_BOUND('',#6655,.F.);
#6655 = EDGE_LOOP('',(#6656,#6657,#6658,#6659));
#6656 = ORIENTED_EDGE('',*,*,#5938,.F.);
#6657 = ORIENTED_EDGE('',*,*,#5889,.T.);
#6658 = ORIENTED_EDGE('',*,*,#5840,.T.);
#6659 = ORIENTED_EDGE('',*,*,#5450,.T.);
#6660 = ADVANCED_FACE('',(#6661),#5538,.F.);
#6661 = FACE_BOUND('',#6662,.F.);
#6662 = EDGE_LOOP('',(#6663,#6664,#6665,#6666));
#6663 = ORIENTED_EDGE('',*,*,#5751,.F.);
#6664 = ORIENTED_EDGE('',*,*,#5702,.T.);
#6665 = ORIENTED_EDGE('',*,*,#5648,.T.);
#6666 = ORIENTED_EDGE('',*,*,#5522,.T.);
#6667 = ( GEOMETRIC_REPRESENTATION_CONTEXT(3) 
GLOBAL_UNCERTAINTY_ASSIGNED_CONTEXT((#6671)) 
GLOBAL_UNIT_ASSIGNED_CONTEXT((#6668,#6669,#6670)) REPRESENTATION_CONTEXT
('Context #1','3D Context with UNIT and UNCERTAINTY') );
#6668 = ( LENGTH_UNIT() NAMED_UNIT(*) SI_UNIT(.MILLI.,.METRE.) );
#6669 = ( NAMED_UNIT(*) PLANE_ANGLE_UNIT() SI_UNIT($,.RADIAN.) );
#6670 = ( NAMED_UNIT(*) SI_UNIT($,.STERADIAN.) SOLID_ANGLE_UNIT() );
#6671 = UNCERTAINTY_MEASURE_WITH_UNIT(LENGTH_MEASURE(1.E-07),#6668,
  'distance_accuracy_value','confusion accuracy');
#6672 = PRODUCT_RELATED_PRODUCT_CATEGORY('part',$,(#7));
ENDSEC;
END-ISO-10303-21;
