ISO-10303-21;
HEADER;
FILE_DESCRIPTION(('Open CASCADE Model'),'2;1');
FILE_NAME('Open CASCADE Shape Model','2026-09-07T01:35:09',('Author'),(
    'Open CASCADE'),'Open CASCADE STEP processor 7.9','Open CASCADE 7.9'
  ,'Unknown');
FILE_SCHEMA(('AUTOMOTIVE_DESIGN { 1 0 10303 214 1 1 1 1 }'));
ENDSEC;
DATA;
#1 = APPLICATION_PROTOCOL_DEFINITION('international standard',
  'automotive_design',2000,#2);
#2 = APPLICATION_CONTEXT(
  'core data for automotive mechanical design processes');
#3 = SHAPE_DEFINITION_REPRESENTATION(#4,#10);
#4 = PRODUCT_DEFINITION_SHAPE('','',#5);
#5 = PRODUCT_DEFINITION('design','',#6,#9);
#6 = PRODUCT_DEFINITION_FORMATION('','',#7);
#7 = PRODUCT('Open CASCADE STEP translator 7.9 3',
  'Open CASCADE STEP translator 7.9 3','',(#8));
#8 = PRODUCT_CONTEXT('',#2,'mechanical');
#9 = PRODUCT_DEFINITION_CONTEXT('part definition',#2,'design');
#10 = ADVANCED_BREP_SHAPE_REPRESENTATION('',(#11,#15),#3247);
#11 = AXIS2_PLACEMENT_3D('',#12,#13,#14);
#12 = CARTESIAN_POINT('',(0.,0.,0.));
#13 = DIRECTION('',(0.,0.,1.));
#14 = DIRECTION('',(1.,0.,-0.));
#15 = MANIFOLD_SOLID_BREP('',#16);
#16 = CLOSED_SHELL('',(#17,#137,#508,#562,#1458,#1530,#2352,#2356,#2381,
    #2408,#2435,#2460,#2485,#2512,#2539,#2564,#2589,#2616,#2643,#2668,
    #2693,#2720,#2729,#2783,#2837,#2891,#2962,#3012,#3066,#3115,#3164,
    #3196,#3224));
#17 = ADVANCED_FACE('',(#18),#32,.F.);
#18 = FACE_BOUND('',#19,.F.);
#19 = EDGE_LOOP('',(#20,#55,#83,#111));
#20 = ORIENTED_EDGE('',*,*,#21,.F.);
#21 = EDGE_CURVE('',#22,#24,#26,.T.);
#22 = VERTEX_POINT('',#23);
#23 = CARTESIAN_POINT('',(-20.,-15.,35.));
#24 = VERTEX_POINT('',#25);
#25 = CARTESIAN_POINT('',(-20.,15.,35.));
#26 = SURFACE_CURVE('',#27,(#31,#43),.PCURVE_S1.);
#27 = LINE('',#28,#29);
#28 = CARTESIAN_POINT('',(-20.,-20.,35.));
#29 = VECTOR('',#30,1.);
#30 = DIRECTION('',(0.,1.,0.));
#31 = PCURVE('',#32,#37);
#32 = PLANE('',#33);
#33 = AXIS2_PLACEMENT_3D('',#34,#35,#36);
#34 = CARTESIAN_POINT('',(-20.,-20.,30.));
#35 = DIRECTION('',(1.,0.,0.));
#36 = DIRECTION('',(0.,0.,1.));
#37 = DEFINITIONAL_REPRESENTATION('',(#38),#42);
#38 = LINE('',#39,#40);
#39 = CARTESIAN_POINT('',(5.,0.));
#40 = VECTOR('',#41,1.);
#41 = DIRECTION('',(0.,-1.));
#42 = ( GEOMETRIC_REPRESENTATION_CONTEXT(2) 
PARAMETRIC_REPRESENTATION_CONTEXT() REPRESENTATION_CONTEXT('2D SPACE',''
  ) );
#43 = PCURVE('',#44,#49);
#44 = PLANE('',#45);
#45 = AXIS2_PLACEMENT_3D('',#46,#47,#48);
#46 = CARTESIAN_POINT('',(-20.,-20.,35.));
#47 = DIRECTION('',(0.,0.,1.));
#48 = DIRECTION('',(1.,0.,0.));
#49 = DEFINITIONAL_REPRESENTATION('',(#50),#54);
#50 = LINE('',#51,#52);
#51 = CARTESIAN_POINT('',(0.,0.));
#52 = VECTOR('',#53,1.);
#53 = DIRECTION('',(0.,1.));
#54 = ( GEOMETRIC_REPRESENTATION_CONTEXT(2) 
PARAMETRIC_REPRESENTATION_CONTEXT() REPRESENTATION_CONTEXT('2D SPACE',''
  ) );
#55 = ORIENTED_EDGE('',*,*,#56,.F.);
#56 = EDGE_CURVE('',#57,#22,#59,.T.);
#57 = VERTEX_POINT('',#58);
#58 = CARTESIAN_POINT('',(-20.,-15.,30.));
#59 = SURFACE_CURVE('',#60,(#64,#71),.PCURVE_S1.);
#60 = LINE('',#61,#62);
#61 = CARTESIAN_POINT('',(-20.,-15.,30.));
#62 = VECTOR('',#63,1.);
#63 = DIRECTION('',(0.,0.,1.));
#64 = PCURVE('',#32,#65);
#65 = DEFINITIONAL_REPRESENTATION('',(#66),#70);
#66 = LINE('',#67,#68);
#67 = CARTESIAN_POINT('',(0.,-5.));
#68 = VECTOR('',#69,1.);
#69 = DIRECTION('',(1.,0.));
#70 = ( GEOMETRIC_REPRESENTATION_CONTEXT(2) 
PARAMETRIC_REPRESENTATION_CONTEXT() REPRESENTATION_CONTEXT('2D SPACE',''
  ) );
#71 = PCURVE('',#72,#77);
#72 = CYLINDRICAL_SURFACE('',#73,5.);
#73 = AXIS2_PLACEMENT_3D('',#74,#75,#76);
#74 = CARTESIAN_POINT('',(-15.,-15.,30.));
#75 = DIRECTION('',(0.,0.,1.));
#76 = DIRECTION('',(-1.,-0.,0.));
#77 = DEFINITIONAL_REPRESENTATION('',(#78),#82);
#78 = LINE('',#79,#80);
#79 = CARTESIAN_POINT('',(0.,0.));
#80 = VECTOR('',#81,1.);
#81 = DIRECTION('',(0.,1.));
#82 = ( GEOMETRIC_REPRESENTATION_CONTEXT(2) 
PARAMETRIC_REPRESENTATION_CONTEXT() REPRESENTATION_CONTEXT('2D SPACE',''
  ) );
#83 = ORIENTED_EDGE('',*,*,#84,.T.);
#84 = EDGE_CURVE('',#57,#85,#87,.T.);
#85 = VERTEX_POINT('',#86);
#86 = CARTESIAN_POINT('',(-20.,15.,30.));
#87 = SURFACE_CURVE('',#88,(#92,#99),.PCURVE_S1.);
#88 = LINE('',#89,#90);
#89 = CARTESIAN_POINT('',(-20.,-20.,30.));
#90 = VECTOR('',#91,1.);
#91 = DIRECTION('',(0.,1.,0.));
#92 = PCURVE('',#32,#93);
#93 = DEFINITIONAL_REPRESENTATION('',(#94),#98);
#94 = LINE('',#95,#96);
#95 = CARTESIAN_POINT('',(0.,0.));
#96 = VECTOR('',#97,1.);
#97 = DIRECTION('',(0.,-1.));
#98 = ( GEOMETRIC_REPRESENTATION_CONTEXT(2) 
PARAMETRIC_REPRESENTATION_CONTEXT() REPRESENTATION_CONTEXT('2D SPACE',''
  ) );
#99 = PCURVE('',#100,#105);
#100 = PLANE('',#101);
#101 = AXIS2_PLACEMENT_3D('',#102,#103,#104);
#102 = CARTESIAN_POINT('',(-20.,-20.,30.));
#103 = DIRECTION('',(0.,0.,1.));
#104 = DIRECTION('',(1.,0.,0.));
#105 = DEFINITIONAL_REPRESENTATION('',(#106),#110);
#106 = LINE('',#107,#108);
#107 = CARTESIAN_POINT('',(0.,0.));
#108 = VECTOR('',#109,1.);
#109 = DIRECTION('',(0.,1.));
#110 = ( GEOMETRIC_REPRESENTATION_CONTEXT(2) 
PARAMETRIC_REPRESENTATION_CONTEXT() REPRESENTATION_CONTEXT('2D SPACE',''
  ) );
#111 = ORIENTED_EDGE('',*,*,#112,.T.);
#112 = EDGE_CURVE('',#85,#24,#113,.T.);
#113 = SURFACE_CURVE('',#114,(#118,#125),.PCURVE_S1.);
#114 = LINE('',#115,#116);
#115 = CARTESIAN_POINT('',(-20.,15.,30.));
#116 = VECTOR('',#117,1.);
#117 = DIRECTION('',(0.,0.,1.));
#118 = PCURVE('',#32,#119);
#119 = DEFINITIONAL_REPRESENTATION('',(#120),#124);
#120 = LINE('',#121,#122);
#121 = CARTESIAN_POINT('',(0.,-35.));
#122 = VECTOR('',#123,1.);
#123 = DIRECTION('',(1.,0.));
#124 = ( GEOMETRIC_REPRESENTATION_CONTEXT(2) 
PARAMETRIC_REPRESENTATION_CONTEXT() REPRESENTATION_CONTEXT('2D SPACE',''
  ) );
#125 = PCURVE('',#126,#131);
#126 = CYLINDRICAL_SURFACE('',#127,5.);
#127 = AXIS2_PLACEMENT_3D('',#128,#129,#130);
#128 = CARTESIAN_POINT('',(-15.,15.,30.));
#129 = DIRECTION('',(0.,0.,1.));
#130 = DIRECTION('',(-1.,-0.,0.));
#131 = DEFINITIONAL_REPRESENTATION('',(#132),#136);
#132 = LINE('',#133,#134);
#133 = CARTESIAN_POINT('',(-0.,0.));
#134 = VECTOR('',#135,1.);
#135 = DIRECTION('',(-0.,1.));
#136 = ( GEOMETRIC_REPRESENTATION_CONTEXT(2) 
PARAMETRIC_REPRESENTATION_CONTEXT() REPRESENTATION_CONTEXT('2D SPACE',''
  ) );
#137 = ADVANCED_FACE('',(#138,#337,#372,#407,#442,#473),#100,.F.);
#138 = FACE_BOUND('',#139,.F.);
#139 = EDGE_LOOP('',(#140,#141,#165,#193,#226,#254,#283,#311));
#140 = ORIENTED_EDGE('',*,*,#84,.F.);
#141 = ORIENTED_EDGE('',*,*,#142,.T.);
#142 = EDGE_CURVE('',#57,#143,#145,.T.);
#143 = VERTEX_POINT('',#144);
#144 = CARTESIAN_POINT('',(-15.,-20.,30.));
#145 = SURFACE_CURVE('',#146,(#151,#158),.PCURVE_S1.);
#146 = CIRCLE('',#147,5.);
#147 = AXIS2_PLACEMENT_3D('',#148,#149,#150);
#148 = CARTESIAN_POINT('',(-15.,-15.,30.));
#149 = DIRECTION('',(0.,0.,1.));
#150 = DIRECTION('',(0.,-1.,0.));
#151 = PCURVE('',#100,#152);
#152 = DEFINITIONAL_REPRESENTATION('',(#153),#157);
#153 = CIRCLE('',#154,5.);
#154 = AXIS2_PLACEMENT_2D('',#155,#156);
#155 = CARTESIAN_POINT('',(5.,5.));
#156 = DIRECTION('',(0.,-1.));
#157 = ( GEOMETRIC_REPRESENTATION_CONTEXT(2) 
PARAMETRIC_REPRESENTATION_CONTEXT() REPRESENTATION_CONTEXT('2D SPACE',''
  ) );
#158 = PCURVE('',#72,#159);
#159 = DEFINITIONAL_REPRESENTATION('',(#160),#164);
#160 = LINE('',#161,#162);
#161 = CARTESIAN_POINT('',(-4.712388980385,0.));
#162 = VECTOR('',#163,1.);
#163 = DIRECTION('',(1.,0.));
#164 = ( GEOMETRIC_REPRESENTATION_CONTEXT(2) 
PARAMETRIC_REPRESENTATION_CONTEXT() REPRESENTATION_CONTEXT('2D SPACE',''
  ) );
#165 = ORIENTED_EDGE('',*,*,#166,.T.);
#166 = EDGE_CURVE('',#143,#167,#169,.T.);
#167 = VERTEX_POINT('',#168);
#168 = CARTESIAN_POINT('',(15.,-20.,30.));
#169 = SURFACE_CURVE('',#170,(#174,#181),.PCURVE_S1.);
#170 = LINE('',#171,#172);
#171 = CARTESIAN_POINT('',(-20.,-20.,30.));
#172 = VECTOR('',#173,1.);
#173 = DIRECTION('',(1.,0.,0.));
#174 = PCURVE('',#100,#175);
#175 = DEFINITIONAL_REPRESENTATION('',(#176),#180);
#176 = LINE('',#177,#178);
#177 = CARTESIAN_POINT('',(0.,0.));
#178 = VECTOR('',#179,1.);
#179 = DIRECTION('',(1.,0.));
#180 = ( GEOMETRIC_REPRESENTATION_CONTEXT(2) 
PARAMETRIC_REPRESENTATION_CONTEXT() REPRESENTATION_CONTEXT('2D SPACE',''
  ) );
#181 = PCURVE('',#182,#187);
#182 = PLANE('',#183);
#183 = AXIS2_PLACEMENT_3D('',#184,#185,#186);
#184 = CARTESIAN_POINT('',(-20.,-20.,30.));
#185 = DIRECTION('',(0.,1.,0.));
#186 = DIRECTION('',(0.,0.,1.));
#187 = DEFINITIONAL_REPRESENTATION('',(#188),#192);
#188 = LINE('',#189,#190);
#189 = CARTESIAN_POINT('',(0.,0.));
#190 = VECTOR('',#191,1.);
#191 = DIRECTION('',(0.,1.));
#192 = ( GEOMETRIC_REPRESENTATION_CONTEXT(2) 
PARAMETRIC_REPRESENTATION_CONTEXT() REPRESENTATION_CONTEXT('2D SPACE',''
  ) );
#193 = ORIENTED_EDGE('',*,*,#194,.F.);
#194 = EDGE_CURVE('',#195,#167,#197,.T.);
#195 = VERTEX_POINT('',#196);
#196 = CARTESIAN_POINT('',(20.,-15.,30.));
#197 = SURFACE_CURVE('',#198,(#203,#214),.PCURVE_S1.);
#198 = CIRCLE('',#199,5.);
#199 = AXIS2_PLACEMENT_3D('',#200,#201,#202);
#200 = CARTESIAN_POINT('',(15.,-15.,30.));
#201 = DIRECTION('',(-0.,-0.,-1.));
#202 = DIRECTION('',(0.,-1.,0.));
#203 = PCURVE('',#100,#204);
#204 = DEFINITIONAL_REPRESENTATION('',(#205),#213);
#205 = ( BOUNDED_CURVE() B_SPLINE_CURVE(2,(#206,#207,#208,#209,#210,#211
,#212),.UNSPECIFIED.,.T.,.F.) B_SPLINE_CURVE_WITH_KNOTS((1,2,2,2,2,1),(
    -2.094395102393,0.,2.094395102393,4.188790204786,6.28318530718,
8.377580409573),.UNSPECIFIED.) CURVE() GEOMETRIC_REPRESENTATION_ITEM() 
RATIONAL_B_SPLINE_CURVE((1.,0.5,1.,0.5,1.,0.5,1.)) REPRESENTATION_ITEM(
  '') );
#206 = CARTESIAN_POINT('',(35.,0.));
#207 = CARTESIAN_POINT('',(26.339745962156,0.));
#208 = CARTESIAN_POINT('',(30.669872981078,7.5));
#209 = CARTESIAN_POINT('',(35.,15.));
#210 = CARTESIAN_POINT('',(39.330127018922,7.5));
#211 = CARTESIAN_POINT('',(43.660254037844,7.993605777301E-15));
#212 = CARTESIAN_POINT('',(35.,0.));
#213 = ( GEOMETRIC_REPRESENTATION_CONTEXT(2) 
PARAMETRIC_REPRESENTATION_CONTEXT() REPRESENTATION_CONTEXT('2D SPACE',''
  ) );
#214 = PCURVE('',#215,#220);
#215 = CYLINDRICAL_SURFACE('',#216,5.);
#216 = AXIS2_PLACEMENT_3D('',#217,#218,#219);
#217 = CARTESIAN_POINT('',(15.,-15.,30.));
#218 = DIRECTION('',(0.,0.,1.));
#219 = DIRECTION('',(1.,0.,-0.));
#220 = DEFINITIONAL_REPRESENTATION('',(#221),#225);
#221 = LINE('',#222,#223);
#222 = CARTESIAN_POINT('',(4.712388980385,-0.));
#223 = VECTOR('',#224,1.);
#224 = DIRECTION('',(-1.,0.));
#225 = ( GEOMETRIC_REPRESENTATION_CONTEXT(2) 
PARAMETRIC_REPRESENTATION_CONTEXT() REPRESENTATION_CONTEXT('2D SPACE',''
  ) );
#226 = ORIENTED_EDGE('',*,*,#227,.T.);
#227 = EDGE_CURVE('',#195,#228,#230,.T.);
#228 = VERTEX_POINT('',#229);
#229 = CARTESIAN_POINT('',(20.,15.,30.));
#230 = SURFACE_CURVE('',#231,(#235,#242),.PCURVE_S1.);
#231 = LINE('',#232,#233);
#232 = CARTESIAN_POINT('',(20.,-20.,30.));
#233 = VECTOR('',#234,1.);
#234 = DIRECTION('',(0.,1.,0.));
#235 = PCURVE('',#100,#236);
#236 = DEFINITIONAL_REPRESENTATION('',(#237),#241);
#237 = LINE('',#238,#239);
#238 = CARTESIAN_POINT('',(40.,0.));
#239 = VECTOR('',#240,1.);
#240 = DIRECTION('',(0.,1.));
#241 = ( GEOMETRIC_REPRESENTATION_CONTEXT(2) 
PARAMETRIC_REPRESENTATION_CONTEXT() REPRESENTATION_CONTEXT('2D SPACE',''
  ) );
#242 = PCURVE('',#243,#248);
#243 = PLANE('',#244);
#244 = AXIS2_PLACEMENT_3D('',#245,#246,#247);
#245 = CARTESIAN_POINT('',(20.,-20.,30.));
#246 = DIRECTION('',(1.,0.,0.));
#247 = DIRECTION('',(0.,0.,1.));
#248 = DEFINITIONAL_REPRESENTATION('',(#249),#253);
#249 = LINE('',#250,#251);
#250 = CARTESIAN_POINT('',(0.,0.));
#251 = VECTOR('',#252,1.);
#252 = DIRECTION('',(0.,-1.));
#253 = ( GEOMETRIC_REPRESENTATION_CONTEXT(2) 
PARAMETRIC_REPRESENTATION_CONTEXT() REPRESENTATION_CONTEXT('2D SPACE',''
  ) );
#254 = ORIENTED_EDGE('',*,*,#255,.T.);
#255 = EDGE_CURVE('',#228,#256,#258,.T.);
#256 = VERTEX_POINT('',#257);
#257 = CARTESIAN_POINT('',(15.,20.,30.));
#258 = SURFACE_CURVE('',#259,(#264,#271),.PCURVE_S1.);
#259 = CIRCLE('',#260,5.);
#260 = AXIS2_PLACEMENT_3D('',#261,#262,#263);
#261 = CARTESIAN_POINT('',(15.,15.,30.));
#262 = DIRECTION('',(0.,0.,1.));
#263 = DIRECTION('',(0.,-1.,0.));
#264 = PCURVE('',#100,#265);
#265 = DEFINITIONAL_REPRESENTATION('',(#266),#270);
#266 = CIRCLE('',#267,5.);
#267 = AXIS2_PLACEMENT_2D('',#268,#269);
#268 = CARTESIAN_POINT('',(35.,35.));
#269 = DIRECTION('',(0.,-1.));
#270 = ( GEOMETRIC_REPRESENTATION_CONTEXT(2) 
PARAMETRIC_REPRESENTATION_CONTEXT() REPRESENTATION_CONTEXT('2D SPACE',''
  ) );
#271 = PCURVE('',#272,#277);
#272 = CYLINDRICAL_SURFACE('',#273,5.);
#273 = AXIS2_PLACEMENT_3D('',#274,#275,#276);
#274 = CARTESIAN_POINT('',(15.,15.,30.));
#275 = DIRECTION('',(0.,0.,1.));
#276 = DIRECTION('',(1.,0.,-0.));
#277 = DEFINITIONAL_REPRESENTATION('',(#278),#282);
#278 = LINE('',#279,#280);
#279 = CARTESIAN_POINT('',(-1.570796326795,0.));
#280 = VECTOR('',#281,1.);
#281 = DIRECTION('',(1.,0.));
#282 = ( GEOMETRIC_REPRESENTATION_CONTEXT(2) 
PARAMETRIC_REPRESENTATION_CONTEXT() REPRESENTATION_CONTEXT('2D SPACE',''
  ) );
#283 = ORIENTED_EDGE('',*,*,#284,.F.);
#284 = EDGE_CURVE('',#285,#256,#287,.T.);
#285 = VERTEX_POINT('',#286);
#286 = CARTESIAN_POINT('',(-15.,20.,30.));
#287 = SURFACE_CURVE('',#288,(#292,#299),.PCURVE_S1.);
#288 = LINE('',#289,#290);
#289 = CARTESIAN_POINT('',(-20.,20.,30.));
#290 = VECTOR('',#291,1.);
#291 = DIRECTION('',(1.,0.,0.));
#292 = PCURVE('',#100,#293);
#293 = DEFINITIONAL_REPRESENTATION('',(#294),#298);
#294 = LINE('',#295,#296);
#295 = CARTESIAN_POINT('',(0.,40.));
#296 = VECTOR('',#297,1.);
#297 = DIRECTION('',(1.,0.));
#298 = ( GEOMETRIC_REPRESENTATION_CONTEXT(2) 
PARAMETRIC_REPRESENTATION_CONTEXT() REPRESENTATION_CONTEXT('2D SPACE',''
  ) );
#299 = PCURVE('',#300,#305);
#300 = PLANE('',#301);
#301 = AXIS2_PLACEMENT_3D('',#302,#303,#304);
#302 = CARTESIAN_POINT('',(-20.,20.,30.));
#303 = DIRECTION('',(0.,1.,0.));
#304 = DIRECTION('',(0.,0.,1.));
#305 = DEFINITIONAL_REPRESENTATION('',(#306),#310);
#306 = LINE('',#307,#308);
#307 = CARTESIAN_POINT('',(0.,0.));
#308 = VECTOR('',#309,1.);
#309 = DIRECTION('',(0.,1.));
#310 = ( GEOMETRIC_REPRESENTATION_CONTEXT(2) 
PARAMETRIC_REPRESENTATION_CONTEXT() REPRESENTATION_CONTEXT('2D SPACE',''
  ) );
#311 = ORIENTED_EDGE('',*,*,#312,.F.);
#312 = EDGE_CURVE('',#85,#285,#313,.T.);
#313 = SURFACE_CURVE('',#314,(#319,#330),.PCURVE_S1.);
#314 = CIRCLE('',#315,5.);
#315 = AXIS2_PLACEMENT_3D('',#316,#317,#318);
#316 = CARTESIAN_POINT('',(-15.,15.,30.));
#317 = DIRECTION('',(-0.,-0.,-1.));
#318 = DIRECTION('',(0.,-1.,0.));
#319 = PCURVE('',#100,#320);
#320 = DEFINITIONAL_REPRESENTATION('',(#321),#329);
#321 = ( BOUNDED_CURVE() B_SPLINE_CURVE(2,(#322,#323,#324,#325,#326,#327
,#328),.UNSPECIFIED.,.T.,.F.) B_SPLINE_CURVE_WITH_KNOTS((1,2,2,2,2,1),(
    -2.094395102393,0.,2.094395102393,4.188790204786,6.28318530718,
8.377580409573),.UNSPECIFIED.) CURVE() GEOMETRIC_REPRESENTATION_ITEM() 
RATIONAL_B_SPLINE_CURVE((1.,0.5,1.,0.5,1.,0.5,1.)) REPRESENTATION_ITEM(
  '') );
#322 = CARTESIAN_POINT('',(5.,30.));
#323 = CARTESIAN_POINT('',(-3.660254037844,30.));
#324 = CARTESIAN_POINT('',(0.669872981078,37.5));
#325 = CARTESIAN_POINT('',(5.,45.));
#326 = CARTESIAN_POINT('',(9.330127018922,37.5));
#327 = CARTESIAN_POINT('',(13.660254037844,30.));
#328 = CARTESIAN_POINT('',(5.,30.));
#329 = ( GEOMETRIC_REPRESENTATION_CONTEXT(2) 
PARAMETRIC_REPRESENTATION_CONTEXT() REPRESENTATION_CONTEXT('2D SPACE',''
  ) );
#330 = PCURVE('',#126,#331);
#331 = DEFINITIONAL_REPRESENTATION('',(#332),#336);
#332 = LINE('',#333,#334);
#333 = CARTESIAN_POINT('',(1.570796326795,-0.));
#334 = VECTOR('',#335,1.);
#335 = DIRECTION('',(-1.,0.));
#336 = ( GEOMETRIC_REPRESENTATION_CONTEXT(2) 
PARAMETRIC_REPRESENTATION_CONTEXT() REPRESENTATION_CONTEXT('2D SPACE',''
  ) );
#337 = FACE_BOUND('',#338,.F.);
#338 = EDGE_LOOP('',(#339));
#339 = ORIENTED_EDGE('',*,*,#340,.T.);
#340 = EDGE_CURVE('',#341,#341,#343,.T.);
#341 = VERTEX_POINT('',#342);
#342 = CARTESIAN_POINT('',(-10.8,-12.5,30.));
#343 = SURFACE_CURVE('',#344,(#349,#360),.PCURVE_S1.);
#344 = CIRCLE('',#345,1.7);
#345 = AXIS2_PLACEMENT_3D('',#346,#347,#348);
#346 = CARTESIAN_POINT('',(-12.5,-12.5,30.));
#347 = DIRECTION('',(0.,0.,-1.));
#348 = DIRECTION('',(1.,0.,0.));
#349 = PCURVE('',#100,#350);
#350 = DEFINITIONAL_REPRESENTATION('',(#351),#359);
#351 = ( BOUNDED_CURVE() B_SPLINE_CURVE(2,(#352,#353,#354,#355,#356,#357
,#358),.UNSPECIFIED.,.T.,.F.) B_SPLINE_CURVE_WITH_KNOTS((1,2,2,2,2,1),(
    -2.094395102393,0.,2.094395102393,4.188790204786,6.28318530718,
8.377580409573),.UNSPECIFIED.) CURVE() GEOMETRIC_REPRESENTATION_ITEM() 
RATIONAL_B_SPLINE_CURVE((1.,0.5,1.,0.5,1.,0.5,1.)) REPRESENTATION_ITEM(
  '') );
#352 = CARTESIAN_POINT('',(9.2,7.5));
#353 = CARTESIAN_POINT('',(9.2,4.555513627133));
#354 = CARTESIAN_POINT('',(6.65,6.027756813566));
#355 = CARTESIAN_POINT('',(4.1,7.5));
#356 = CARTESIAN_POINT('',(6.65,8.972243186434));
#357 = CARTESIAN_POINT('',(9.2,10.444486372867));
#358 = CARTESIAN_POINT('',(9.2,7.5));
#359 = ( GEOMETRIC_REPRESENTATION_CONTEXT(2) 
PARAMETRIC_REPRESENTATION_CONTEXT() REPRESENTATION_CONTEXT('2D SPACE',''
  ) );
#360 = PCURVE('',#361,#366);
#361 = CYLINDRICAL_SURFACE('',#362,1.7);
#362 = AXIS2_PLACEMENT_3D('',#363,#364,#365);
#363 = CARTESIAN_POINT('',(-12.5,-12.5,28.));
#364 = DIRECTION('',(-0.,-0.,-1.));
#365 = DIRECTION('',(1.,0.,0.));
#366 = DEFINITIONAL_REPRESENTATION('',(#367),#371);
#367 = LINE('',#368,#369);
#368 = CARTESIAN_POINT('',(-6.28318530718,-2.));
#369 = VECTOR('',#370,1.);
#370 = DIRECTION('',(1.,-0.));
#371 = ( GEOMETRIC_REPRESENTATION_CONTEXT(2) 
PARAMETRIC_REPRESENTATION_CONTEXT() REPRESENTATION_CONTEXT('2D SPACE',''
  ) );
#372 = FACE_BOUND('',#373,.F.);
#373 = EDGE_LOOP('',(#374));
#374 = ORIENTED_EDGE('',*,*,#375,.T.);
#375 = EDGE_CURVE('',#376,#376,#378,.T.);
#376 = VERTEX_POINT('',#377);
#377 = CARTESIAN_POINT('',(14.2,-12.5,30.));
#378 = SURFACE_CURVE('',#379,(#384,#395),.PCURVE_S1.);
#379 = CIRCLE('',#380,1.7);
#380 = AXIS2_PLACEMENT_3D('',#381,#382,#383);
#381 = CARTESIAN_POINT('',(12.5,-12.5,30.));
#382 = DIRECTION('',(0.,0.,-1.));
#383 = DIRECTION('',(1.,0.,0.));
#384 = PCURVE('',#100,#385);
#385 = DEFINITIONAL_REPRESENTATION('',(#386),#394);
#386 = ( BOUNDED_CURVE() B_SPLINE_CURVE(2,(#387,#388,#389,#390,#391,#392
,#393),.UNSPECIFIED.,.T.,.F.) B_SPLINE_CURVE_WITH_KNOTS((1,2,2,2,2,1),(
    -2.094395102393,0.,2.094395102393,4.188790204786,6.28318530718,
8.377580409573),.UNSPECIFIED.) CURVE() GEOMETRIC_REPRESENTATION_ITEM() 
RATIONAL_B_SPLINE_CURVE((1.,0.5,1.,0.5,1.,0.5,1.)) REPRESENTATION_ITEM(
  '') );
#387 = CARTESIAN_POINT('',(34.2,7.5));
#388 = CARTESIAN_POINT('',(34.2,4.555513627133));
#389 = CARTESIAN_POINT('',(31.65,6.027756813566));
#390 = CARTESIAN_POINT('',(29.1,7.5));
#391 = CARTESIAN_POINT('',(31.65,8.972243186434));
#392 = CARTESIAN_POINT('',(34.2,10.444486372867));
#393 = CARTESIAN_POINT('',(34.2,7.5));
#394 = ( GEOMETRIC_REPRESENTATION_CONTEXT(2) 
PARAMETRIC_REPRESENTATION_CONTEXT() REPRESENTATION_CONTEXT('2D SPACE',''
  ) );
#395 = PCURVE('',#396,#401);
#396 = CYLINDRICAL_SURFACE('',#397,1.7);
#397 = AXIS2_PLACEMENT_3D('',#398,#399,#400);
#398 = CARTESIAN_POINT('',(12.5,-12.5,28.));
#399 = DIRECTION('',(-0.,-0.,-1.));
#400 = DIRECTION('',(1.,0.,0.));
#401 = DEFINITIONAL_REPRESENTATION('',(#402),#406);
#402 = LINE('',#403,#404);
#403 = CARTESIAN_POINT('',(-6.28318530718,-2.));
#404 = VECTOR('',#405,1.);
#405 = DIRECTION('',(1.,-0.));
#406 = ( GEOMETRIC_REPRESENTATION_CONTEXT(2) 
PARAMETRIC_REPRESENTATION_CONTEXT() REPRESENTATION_CONTEXT('2D SPACE',''
  ) );
#407 = FACE_BOUND('',#408,.F.);
#408 = EDGE_LOOP('',(#409));
#409 = ORIENTED_EDGE('',*,*,#410,.T.);
#410 = EDGE_CURVE('',#411,#411,#413,.T.);
#411 = VERTEX_POINT('',#412);
#412 = CARTESIAN_POINT('',(-10.8,12.5,30.));
#413 = SURFACE_CURVE('',#414,(#419,#430),.PCURVE_S1.);
#414 = CIRCLE('',#415,1.7);
#415 = AXIS2_PLACEMENT_3D('',#416,#417,#418);
#416 = CARTESIAN_POINT('',(-12.5,12.5,30.));
#417 = DIRECTION('',(0.,0.,-1.));
#418 = DIRECTION('',(1.,0.,0.));
#419 = PCURVE('',#100,#420);
#420 = DEFINITIONAL_REPRESENTATION('',(#421),#429);
#421 = ( BOUNDED_CURVE() B_SPLINE_CURVE(2,(#422,#423,#424,#425,#426,#427
,#428),.UNSPECIFIED.,.T.,.F.) B_SPLINE_CURVE_WITH_KNOTS((1,2,2,2,2,1),(
    -2.094395102393,0.,2.094395102393,4.188790204786,6.28318530718,
8.377580409573),.UNSPECIFIED.) CURVE() GEOMETRIC_REPRESENTATION_ITEM() 
RATIONAL_B_SPLINE_CURVE((1.,0.5,1.,0.5,1.,0.5,1.)) REPRESENTATION_ITEM(
  '') );
#422 = CARTESIAN_POINT('',(9.2,32.5));
#423 = CARTESIAN_POINT('',(9.2,29.555513627133));
#424 = CARTESIAN_POINT('',(6.65,31.027756813566));
#425 = CARTESIAN_POINT('',(4.1,32.5));
#426 = CARTESIAN_POINT('',(6.65,33.972243186434));
#427 = CARTESIAN_POINT('',(9.2,35.444486372867));
#428 = CARTESIAN_POINT('',(9.2,32.5));
#429 = ( GEOMETRIC_REPRESENTATION_CONTEXT(2) 
PARAMETRIC_REPRESENTATION_CONTEXT() REPRESENTATION_CONTEXT('2D SPACE',''
  ) );
#430 = PCURVE('',#431,#436);
#431 = CYLINDRICAL_SURFACE('',#432,1.7);
#432 = AXIS2_PLACEMENT_3D('',#433,#434,#435);
#433 = CARTESIAN_POINT('',(-12.5,12.5,28.));
#434 = DIRECTION('',(-0.,-0.,-1.));
#435 = DIRECTION('',(1.,0.,0.));
#436 = DEFINITIONAL_REPRESENTATION('',(#437),#441);
#437 = LINE('',#438,#439);
#438 = CARTESIAN_POINT('',(-6.28318530718,-2.));
#439 = VECTOR('',#440,1.);
#440 = DIRECTION('',(1.,-0.));
#441 = ( GEOMETRIC_REPRESENTATION_CONTEXT(2) 
PARAMETRIC_REPRESENTATION_CONTEXT() REPRESENTATION_CONTEXT('2D SPACE',''
  ) );
#442 = FACE_BOUND('',#443,.F.);
#443 = EDGE_LOOP('',(#444));
#444 = ORIENTED_EDGE('',*,*,#445,.F.);
#445 = EDGE_CURVE('',#446,#446,#448,.T.);
#446 = VERTEX_POINT('',#447);
#447 = CARTESIAN_POINT('',(15.5,0.,30.));
#448 = SURFACE_CURVE('',#449,(#454,#461),.PCURVE_S1.);
#449 = CIRCLE('',#450,15.5);
#450 = AXIS2_PLACEMENT_3D('',#451,#452,#453);
#451 = CARTESIAN_POINT('',(0.,0.,30.));
#452 = DIRECTION('',(0.,0.,1.));
#453 = DIRECTION('',(1.,0.,0.));
#454 = PCURVE('',#100,#455);
#455 = DEFINITIONAL_REPRESENTATION('',(#456),#460);
#456 = CIRCLE('',#457,15.5);
#457 = AXIS2_PLACEMENT_2D('',#458,#459);
#458 = CARTESIAN_POINT('',(20.,20.));
#459 = DIRECTION('',(1.,0.));
#460 = ( GEOMETRIC_REPRESENTATION_CONTEXT(2) 
PARAMETRIC_REPRESENTATION_CONTEXT() REPRESENTATION_CONTEXT('2D SPACE',''
  ) );
#461 = PCURVE('',#462,#467);
#462 = CYLINDRICAL_SURFACE('',#463,15.5);
#463 = AXIS2_PLACEMENT_3D('',#464,#465,#466);
#464 = CARTESIAN_POINT('',(0.,0.,0.));
#465 = DIRECTION('',(-0.,-0.,-1.));
#466 = DIRECTION('',(1.,0.,0.));
#467 = DEFINITIONAL_REPRESENTATION('',(#468),#472);
#468 = LINE('',#469,#470);
#469 = CARTESIAN_POINT('',(-0.,-30.));
#470 = VECTOR('',#471,1.);
#471 = DIRECTION('',(-1.,0.));
#472 = ( GEOMETRIC_REPRESENTATION_CONTEXT(2) 
PARAMETRIC_REPRESENTATION_CONTEXT() REPRESENTATION_CONTEXT('2D SPACE',''
  ) );
#473 = FACE_BOUND('',#474,.F.);
#474 = EDGE_LOOP('',(#475));
#475 = ORIENTED_EDGE('',*,*,#476,.T.);
#476 = EDGE_CURVE('',#477,#477,#479,.T.);
#477 = VERTEX_POINT('',#478);
#478 = CARTESIAN_POINT('',(14.2,12.5,30.));
#479 = SURFACE_CURVE('',#480,(#485,#496),.PCURVE_S1.);
#480 = CIRCLE('',#481,1.7);
#481 = AXIS2_PLACEMENT_3D('',#482,#483,#484);
#482 = CARTESIAN_POINT('',(12.5,12.5,30.));
#483 = DIRECTION('',(0.,0.,-1.));
#484 = DIRECTION('',(1.,0.,0.));
#485 = PCURVE('',#100,#486);
#486 = DEFINITIONAL_REPRESENTATION('',(#487),#495);
#487 = ( BOUNDED_CURVE() B_SPLINE_CURVE(2,(#488,#489,#490,#491,#492,#493
,#494),.UNSPECIFIED.,.T.,.F.) B_SPLINE_CURVE_WITH_KNOTS((1,2,2,2,2,1),(
    -2.094395102393,0.,2.094395102393,4.188790204786,6.28318530718,
8.377580409573),.UNSPECIFIED.) CURVE() GEOMETRIC_REPRESENTATION_ITEM() 
RATIONAL_B_SPLINE_CURVE((1.,0.5,1.,0.5,1.,0.5,1.)) REPRESENTATION_ITEM(
  '') );
#488 = CARTESIAN_POINT('',(34.2,32.5));
#489 = CARTESIAN_POINT('',(34.2,29.555513627133));
#490 = CARTESIAN_POINT('',(31.65,31.027756813566));
#491 = CARTESIAN_POINT('',(29.1,32.5));
#492 = CARTESIAN_POINT('',(31.65,33.972243186434));
#493 = CARTESIAN_POINT('',(34.2,35.444486372867));
#494 = CARTESIAN_POINT('',(34.2,32.5));
#495 = ( GEOMETRIC_REPRESENTATION_CONTEXT(2) 
PARAMETRIC_REPRESENTATION_CONTEXT() REPRESENTATION_CONTEXT('2D SPACE',''
  ) );
#496 = PCURVE('',#497,#502);
#497 = CYLINDRICAL_SURFACE('',#498,1.7);
#498 = AXIS2_PLACEMENT_3D('',#499,#500,#501);
#499 = CARTESIAN_POINT('',(12.5,12.5,28.));
#500 = DIRECTION('',(-0.,-0.,-1.));
#501 = DIRECTION('',(1.,0.,0.));
#502 = DEFINITIONAL_REPRESENTATION('',(#503),#507);
#503 = LINE('',#504,#505);
#504 = CARTESIAN_POINT('',(-6.28318530718,-2.));
#505 = VECTOR('',#506,1.);
#506 = DIRECTION('',(1.,-0.));
#507 = ( GEOMETRIC_REPRESENTATION_CONTEXT(2) 
PARAMETRIC_REPRESENTATION_CONTEXT() REPRESENTATION_CONTEXT('2D SPACE',''
  ) );
#508 = ADVANCED_FACE('',(#509),#497,.F.);
#509 = FACE_BOUND('',#510,.T.);
#510 = EDGE_LOOP('',(#511,#512,#535,#561));
#511 = ORIENTED_EDGE('',*,*,#476,.T.);
#512 = ORIENTED_EDGE('',*,*,#513,.T.);
#513 = EDGE_CURVE('',#477,#514,#516,.T.);
#514 = VERTEX_POINT('',#515);
#515 = CARTESIAN_POINT('',(14.2,12.5,35.));
#516 = SEAM_CURVE('',#517,(#521,#528),.PCURVE_S1.);
#517 = LINE('',#518,#519);
#518 = CARTESIAN_POINT('',(14.2,12.5,28.));
#519 = VECTOR('',#520,1.);
#520 = DIRECTION('',(0.,0.,1.));
#521 = PCURVE('',#497,#522);
#522 = DEFINITIONAL_REPRESENTATION('',(#523),#527);
#523 = LINE('',#524,#525);
#524 = CARTESIAN_POINT('',(-6.28318530718,0.));
#525 = VECTOR('',#526,1.);
#526 = DIRECTION('',(-0.,-1.));
#527 = ( GEOMETRIC_REPRESENTATION_CONTEXT(2) 
PARAMETRIC_REPRESENTATION_CONTEXT() REPRESENTATION_CONTEXT('2D SPACE',''
  ) );
#528 = PCURVE('',#497,#529);
#529 = DEFINITIONAL_REPRESENTATION('',(#530),#534);
#530 = LINE('',#531,#532);
#531 = CARTESIAN_POINT('',(-0.,0.));
#532 = VECTOR('',#533,1.);
#533 = DIRECTION('',(-0.,-1.));
#534 = ( GEOMETRIC_REPRESENTATION_CONTEXT(2) 
PARAMETRIC_REPRESENTATION_CONTEXT() REPRESENTATION_CONTEXT('2D SPACE',''
  ) );
#535 = ORIENTED_EDGE('',*,*,#536,.F.);
#536 = EDGE_CURVE('',#514,#514,#537,.T.);
#537 = SURFACE_CURVE('',#538,(#543,#550),.PCURVE_S1.);
#538 = CIRCLE('',#539,1.7);
#539 = AXIS2_PLACEMENT_3D('',#540,#541,#542);
#540 = CARTESIAN_POINT('',(12.5,12.5,35.));
#541 = DIRECTION('',(0.,0.,-1.));
#542 = DIRECTION('',(1.,0.,0.));
#543 = PCURVE('',#497,#544);
#544 = DEFINITIONAL_REPRESENTATION('',(#545),#549);
#545 = LINE('',#546,#547);
#546 = CARTESIAN_POINT('',(-6.28318530718,-7.));
#547 = VECTOR('',#548,1.);
#548 = DIRECTION('',(1.,-0.));
#549 = ( GEOMETRIC_REPRESENTATION_CONTEXT(2) 
PARAMETRIC_REPRESENTATION_CONTEXT() REPRESENTATION_CONTEXT('2D SPACE',''
  ) );
#550 = PCURVE('',#44,#551);
#551 = DEFINITIONAL_REPRESENTATION('',(#552),#560);
#552 = ( BOUNDED_CURVE() B_SPLINE_CURVE(2,(#553,#554,#555,#556,#557,#558
,#559),.UNSPECIFIED.,.T.,.F.) B_SPLINE_CURVE_WITH_KNOTS((1,2,2,2,2,1),(
    -2.094395102393,0.,2.094395102393,4.188790204786,6.28318530718,
8.377580409573),.UNSPECIFIED.) CURVE() GEOMETRIC_REPRESENTATION_ITEM() 
RATIONAL_B_SPLINE_CURVE((1.,0.5,1.,0.5,1.,0.5,1.)) REPRESENTATION_ITEM(
  '') );
#553 = CARTESIAN_POINT('',(34.2,32.5));
#554 = CARTESIAN_POINT('',(34.2,29.555513627133));
#555 = CARTESIAN_POINT('',(31.65,31.027756813566));
#556 = CARTESIAN_POINT('',(29.1,32.5));
#557 = CARTESIAN_POINT('',(31.65,33.972243186434));
#558 = CARTESIAN_POINT('',(34.2,35.444486372867));
#559 = CARTESIAN_POINT('',(34.2,32.5));
#560 = ( GEOMETRIC_REPRESENTATION_CONTEXT(2) 
PARAMETRIC_REPRESENTATION_CONTEXT() REPRESENTATION_CONTEXT('2D SPACE',''
  ) );
#561 = ORIENTED_EDGE('',*,*,#513,.F.);
#562 = ADVANCED_FACE('',(#563),#462,.T.);
#563 = FACE_BOUND('',#564,.F.);
#564 = EDGE_LOOP('',(#565,#588,#617,#643,#728,#754,#787,#813,#985,#1011,
    #1040,#1066,#1238,#1264,#1297,#1323,#1408,#1434,#1456,#1457));
#565 = ORIENTED_EDGE('',*,*,#566,.F.);
#566 = EDGE_CURVE('',#567,#446,#569,.T.);
#567 = VERTEX_POINT('',#568);
#568 = CARTESIAN_POINT('',(15.5,0.,0.));
#569 = SEAM_CURVE('',#570,(#574,#581),.PCURVE_S1.);
#570 = LINE('',#571,#572);
#571 = CARTESIAN_POINT('',(15.5,0.,0.));
#572 = VECTOR('',#573,1.);
#573 = DIRECTION('',(0.,0.,1.));
#574 = PCURVE('',#462,#575);
#575 = DEFINITIONAL_REPRESENTATION('',(#576),#580);
#576 = LINE('',#577,#578);
#577 = CARTESIAN_POINT('',(-6.28318530718,0.));
#578 = VECTOR('',#579,1.);
#579 = DIRECTION('',(-0.,-1.));
#580 = ( GEOMETRIC_REPRESENTATION_CONTEXT(2) 
PARAMETRIC_REPRESENTATION_CONTEXT() REPRESENTATION_CONTEXT('2D SPACE',''
  ) );
#581 = PCURVE('',#462,#582);
#582 = DEFINITIONAL_REPRESENTATION('',(#583),#587);
#583 = LINE('',#584,#585);
#584 = CARTESIAN_POINT('',(-0.,0.));
#585 = VECTOR('',#586,1.);
#586 = DIRECTION('',(-0.,-1.));
#587 = ( GEOMETRIC_REPRESENTATION_CONTEXT(2) 
PARAMETRIC_REPRESENTATION_CONTEXT() REPRESENTATION_CONTEXT('2D SPACE',''
  ) );
#588 = ORIENTED_EDGE('',*,*,#589,.F.);
#589 = EDGE_CURVE('',#590,#567,#592,.T.);
#590 = VERTEX_POINT('',#591);
#591 = CARTESIAN_POINT('',(1.25,-15.44951455548,0.));
#592 = SURFACE_CURVE('',#593,(#598,#605),.PCURVE_S1.);
#593 = CIRCLE('',#594,15.5);
#594 = AXIS2_PLACEMENT_3D('',#595,#596,#597);
#595 = CARTESIAN_POINT('',(0.,0.,0.));
#596 = DIRECTION('',(0.,0.,1.));
#597 = DIRECTION('',(1.,0.,0.));
#598 = PCURVE('',#462,#599);
#599 = DEFINITIONAL_REPRESENTATION('',(#600),#604);
#600 = LINE('',#601,#602);
#601 = CARTESIAN_POINT('',(-0.,0.));
#602 = VECTOR('',#603,1.);
#603 = DIRECTION('',(-1.,0.));
#604 = ( GEOMETRIC_REPRESENTATION_CONTEXT(2) 
PARAMETRIC_REPRESENTATION_CONTEXT() REPRESENTATION_CONTEXT('2D SPACE',''
  ) );
#605 = PCURVE('',#606,#611);
#606 = PLANE('',#607);
#607 = AXIS2_PLACEMENT_3D('',#608,#609,#610);
#608 = CARTESIAN_POINT('',(-7.057755522784E-16,7.788169249974E-16,0.));
#609 = DIRECTION('',(0.,0.,1.));
#610 = DIRECTION('',(1.,0.,-0.));
#611 = DEFINITIONAL_REPRESENTATION('',(#612),#616);
#612 = CIRCLE('',#613,15.5);
#613 = AXIS2_PLACEMENT_2D('',#614,#615);
#614 = CARTESIAN_POINT('',(7.057755522784E-16,-7.788169249974E-16));
#615 = DIRECTION('',(1.,0.));
#616 = ( GEOMETRIC_REPRESENTATION_CONTEXT(2) 
PARAMETRIC_REPRESENTATION_CONTEXT() REPRESENTATION_CONTEXT('2D SPACE',''
  ) );
#617 = ORIENTED_EDGE('',*,*,#618,.F.);
#618 = EDGE_CURVE('',#619,#590,#621,.T.);
#619 = VERTEX_POINT('',#620);
#620 = CARTESIAN_POINT('',(1.25,-15.44951455548,9.84782813782));
#621 = SURFACE_CURVE('',#622,(#626,#632),.PCURVE_S1.);
#622 = LINE('',#623,#624);
#623 = CARTESIAN_POINT('',(1.25,-15.44951455548,0.));
#624 = VECTOR('',#625,1.);
#625 = DIRECTION('',(-0.,-0.,-1.));
#626 = PCURVE('',#462,#627);
#627 = DEFINITIONAL_REPRESENTATION('',(#628),#631);
#628 = B_SPLINE_CURVE_WITH_KNOTS('',1,(#629,#630),.UNSPECIFIED.,.F.,.F.,
  (2,2),(-24.2,6.E-07),.PIECEWISE_BEZIER_KNOTS.);
#629 = CARTESIAN_POINT('',(-4.793121813044,-24.2));
#630 = CARTESIAN_POINT('',(-4.793121813044,6.E-07));
#631 = ( GEOMETRIC_REPRESENTATION_CONTEXT(2) 
PARAMETRIC_REPRESENTATION_CONTEXT() REPRESENTATION_CONTEXT('2D SPACE',''
  ) );
#632 = PCURVE('',#633,#638);
#633 = PLANE('',#634);
#634 = AXIS2_PLACEMENT_3D('',#635,#636,#637);
#635 = CARTESIAN_POINT('',(1.25,-16.5,0.));
#636 = DIRECTION('',(1.,0.,0.));
#637 = DIRECTION('',(0.,0.,1.));
#638 = DEFINITIONAL_REPRESENTATION('',(#639),#642);
#639 = B_SPLINE_CURVE_WITH_KNOTS('',1,(#640,#641),.UNSPECIFIED.,.F.,.F.,
  (2,2),(-24.2,6.E-07),.PIECEWISE_BEZIER_KNOTS.);
#640 = CARTESIAN_POINT('',(24.2,-1.05048544452));
#641 = CARTESIAN_POINT('',(-6.E-07,-1.05048544452));
#642 = ( GEOMETRIC_REPRESENTATION_CONTEXT(2) 
PARAMETRIC_REPRESENTATION_CONTEXT() REPRESENTATION_CONTEXT('2D SPACE',''
  ) );
#643 = ORIENTED_EDGE('',*,*,#644,.F.);
#644 = EDGE_CURVE('',#645,#619,#647,.T.);
#645 = VERTEX_POINT('',#646);
#646 = CARTESIAN_POINT('',(1.25,-15.44951455548,12.15217186218));
#647 = SURFACE_CURVE('',#648,(#665,#694),.PCURVE_S1.);
#648 = B_SPLINE_CURVE_WITH_KNOTS('',8,(#649,#650,#651,#652,#653,#654,
    #655,#656,#657,#658,#659,#660,#661,#662,#663,#664),.UNSPECIFIED.,.F.
  ,.F.,(9,7,9),(0.,0.131038716802,0.262061818316),.UNSPECIFIED.);
#649 = CARTESIAN_POINT('',(1.250000036849,-15.44951454575,12.15217189687
    ));
#650 = CARTESIAN_POINT('',(1.365069843981,-15.44020440772,
    12.027331660701));
#651 = CARTESIAN_POINT('',(1.462422999084,-15.43134182058,
    11.893119015937));
#652 = CARTESIAN_POINT('',(1.54252120008,-15.42341826012,11.752049513125
    ));
#653 = CARTESIAN_POINT('',(1.605898235681,-15.41678534057,
    11.606057849638));
#654 = CARTESIAN_POINT('',(1.653046335004,-15.41167332698,11.45667759305
    ));
#655 = CARTESIAN_POINT('',(1.684343578844,-15.40821963371,
    11.305167850993));
#656 = CARTESIAN_POINT('',(1.7,-15.40649213805,11.152610301768));
#657 = CARTESIAN_POINT('',(1.7,-15.40649213805,10.847407884109));
#658 = CARTESIAN_POINT('',(1.684346403044,-15.40821923201,
    10.694862100087));
#659 = CARTESIAN_POINT('',(1.653057177048,-15.41167225226,
    10.543356428056));
#660 = CARTESIAN_POINT('',(1.605909703272,-15.41678415183,
    10.393959120821));
#661 = CARTESIAN_POINT('',(1.542521921348,-15.4234182373,10.247938075464
    ));
#662 = CARTESIAN_POINT('',(1.462406336124,-15.43134367737,10.10684800618
    ));
#663 = CARTESIAN_POINT('',(1.365040801467,-15.44020678308,9.972636788044
    ));
#664 = CARTESIAN_POINT('',(1.249999996132,-15.4495145554,9.847828141379)
  );
#665 = PCURVE('',#462,#666);
#666 = DEFINITIONAL_REPRESENTATION('',(#667),#693);
#667 = B_SPLINE_CURVE_WITH_KNOTS('',3,(#668,#669,#670,#671,#672,#673,
    #674,#675,#676,#677,#678,#679,#680,#681,#682,#683,#684,#685,#686,
    #687,#688,#689,#690,#691,#692),.UNSPECIFIED.,.F.,.F.,(4,1,1,1,1,1,1,
    1,1,1,1,1,1,1,1,1,1,1,1,1,1,1,4),(0.,1.191190083254E-02,
    2.382380166507E-02,3.573570249761E-02,4.764760333014E-02,
    5.955950416268E-02,7.147140499521E-02,8.338330582775E-02,
    9.529520666028E-02,0.107207107493,0.119119008325,0.131030909158,
    0.14294280999,0.154854710823,0.166766611655,0.178678512488,
    0.190590413321,0.202502314153,0.214414214986,0.226326115818,
    0.238238016651,0.250149917483,0.262061818316),
  .QUASI_UNIFORM_KNOTS.);
#668 = CARTESIAN_POINT('',(-4.793121815464,-12.15217189687));
#669 = CARTESIAN_POINT('',(-4.794927329062,-12.12190455702));
#670 = CARTESIAN_POINT('',(-4.798362189282,-12.05994274877));
#671 = CARTESIAN_POINT('',(-4.802993438204,-11.96325723629));
#672 = CARTESIAN_POINT('',(-4.807111083591,-11.86338876738));
#673 = CARTESIAN_POINT('',(-4.810722639066,-11.76082278228));
#674 = CARTESIAN_POINT('',(-4.813835374107,-11.65600386889));
#675 = CARTESIAN_POINT('',(-4.816456129653,-11.549334117));
#676 = CARTESIAN_POINT('',(-4.818591117834,-11.44118029771));
#677 = CARTESIAN_POINT('',(-4.820245742954,-11.33187848015));
#678 = CARTESIAN_POINT('',(-4.821424431297,-11.22173790539));
#679 = CARTESIAN_POINT('',(-4.822130467131,-11.11104851637));
#680 = CARTESIAN_POINT('',(-4.822365842622,-11.00007301948));
#681 = CARTESIAN_POINT('',(-4.82213107805,-10.88909586669));
#682 = CARTESIAN_POINT('',(-4.821425620092,-10.7784008543));
#683 = CARTESIAN_POINT('',(-4.820247416252,-10.66824962257));
#684 = CARTESIAN_POINT('',(-4.818593098908,-10.55893166915));
#685 = CARTESIAN_POINT('',(-4.816458174943,-10.45075673829));
#686 = CARTESIAN_POINT('',(-4.813837208095,-10.34406247609));
#687 = CARTESIAN_POINT('',(-4.81072400555,-10.23921817991));
#688 = CARTESIAN_POINT('',(-4.807111808018,-10.1366291491));
#689 = CARTESIAN_POINT('',(-4.802993507063,-10.03674349068));
#690 = CARTESIAN_POINT('',(-4.798361827645,-9.94005016798));
#691 = CARTESIAN_POINT('',(-4.794927097782,-9.878091387266));
#692 = CARTESIAN_POINT('',(-4.793121812796,-9.847828141379));
#693 = ( GEOMETRIC_REPRESENTATION_CONTEXT(2) 
PARAMETRIC_REPRESENTATION_CONTEXT() REPRESENTATION_CONTEXT('2D SPACE',''
  ) );
#694 = PCURVE('',#695,#700);
#695 = CYLINDRICAL_SURFACE('',#696,1.7);
#696 = AXIS2_PLACEMENT_3D('',#697,#698,#699);
#697 = CARTESIAN_POINT('',(0.,0.,11.));
#698 = DIRECTION('',(-0.,1.,-0.));
#699 = DIRECTION('',(1.,0.,0.));
#700 = DEFINITIONAL_REPRESENTATION('',(#701),#727);
#701 = B_SPLINE_CURVE_WITH_KNOTS('',3,(#702,#703,#704,#705,#706,#707,
    #708,#709,#710,#711,#712,#713,#714,#715,#716,#717,#718,#719,#720,
    #721,#722,#723,#724,#725,#726),.UNSPECIFIED.,.F.,.F.,(4,1,1,1,1,1,1,
    1,1,1,1,1,1,1,1,1,1,1,1,1,1,1,4),(0.,1.191190083254E-02,
    2.382380166507E-02,3.573570249761E-02,4.764760333014E-02,
    5.955950416268E-02,7.147140499521E-02,8.338330582775E-02,
    9.529520666028E-02,0.107207107493,0.119119008325,0.131030909158,
    0.14294280999,0.154854710823,0.166766611655,0.178678512488,
    0.190590413321,0.202502314153,0.214414214986,0.226326115818,
    0.238238016651,0.250149917483,0.262061818316),
  .QUASI_UNIFORM_KNOTS.);
#702 = CARTESIAN_POINT('',(-7.027881092361,-15.44951454575));
#703 = CARTESIAN_POINT('',(-7.003671842074,-15.447256424));
#704 = CARTESIAN_POINT('',(-6.955714684517,-15.44281399752));
#705 = CARTESIAN_POINT('',(-6.885023334694,-15.43647140506));
#706 = CARTESIAN_POINT('',(-6.815433775964,-15.430555147));
#707 = CARTESIAN_POINT('',(-6.746813747987,-15.42515059216));
#708 = CARTESIAN_POINT('',(-6.679035462005,-15.42033125265));
#709 = CARTESIAN_POINT('',(-6.611975278436,-15.4161578565));
#710 = CARTESIAN_POINT('',(-6.545512090823,-15.41267982215));
#711 = CARTESIAN_POINT('',(-6.479526317471,-15.40993604295));
#712 = CARTESIAN_POINT('',(-6.413898125665,-15.40795577014));
#713 = CARTESIAN_POINT('',(-6.348508007086,-15.40675934382));
#714 = CARTESIAN_POINT('',(-6.283228229852,-15.40635879746));
#715 = CARTESIAN_POINT('',(-6.217947658355,-15.40675829566));
#716 = CARTESIAN_POINT('',(-6.152554759377,-15.40795375047));
#717 = CARTESIAN_POINT('',(-6.086921105187,-15.40993324886));
#718 = CARTESIAN_POINT('',(-6.020926740764,-15.41267657529));
#719 = CARTESIAN_POINT('',(-5.954451864947,-15.41615457206));
#720 = CARTESIAN_POINT('',(-5.887377543507,-15.42032837637));
#721 = CARTESIAN_POINT('',(-5.819583941782,-15.42514851206));
#722 = CARTESIAN_POINT('',(-5.750949245139,-15.43055408958));
#723 = CARTESIAN_POINT('',(-5.681347990788,-15.436471327));
#724 = CARTESIAN_POINT('',(-5.610650623096,-15.44281449236));
#725 = CARTESIAN_POINT('',(-5.562695609506,-15.44725673601));
#726 = CARTESIAN_POINT('',(-5.538489522309,-15.4495145554));
#727 = ( GEOMETRIC_REPRESENTATION_CONTEXT(2) 
PARAMETRIC_REPRESENTATION_CONTEXT() REPRESENTATION_CONTEXT('2D SPACE',''
  ) );
#728 = ORIENTED_EDGE('',*,*,#729,.F.);
#729 = EDGE_CURVE('',#730,#645,#732,.T.);
#730 = VERTEX_POINT('',#731);
#731 = CARTESIAN_POINT('',(1.25,-15.44951455548,22.));
#732 = SURFACE_CURVE('',#733,(#737,#743),.PCURVE_S1.);
#733 = LINE('',#734,#735);
#734 = CARTESIAN_POINT('',(1.25,-15.44951455548,0.));
#735 = VECTOR('',#736,1.);
#736 = DIRECTION('',(-0.,-0.,-1.));
#737 = PCURVE('',#462,#738);
#738 = DEFINITIONAL_REPRESENTATION('',(#739),#742);
#739 = B_SPLINE_CURVE_WITH_KNOTS('',1,(#740,#741),.UNSPECIFIED.,.F.,.F.,
  (2,2),(-24.2,6.E-07),.PIECEWISE_BEZIER_KNOTS.);
#740 = CARTESIAN_POINT('',(-4.793121813044,-24.2));
#741 = CARTESIAN_POINT('',(-4.793121813044,6.E-07));
#742 = ( GEOMETRIC_REPRESENTATION_CONTEXT(2) 
PARAMETRIC_REPRESENTATION_CONTEXT() REPRESENTATION_CONTEXT('2D SPACE',''
  ) );
#743 = PCURVE('',#744,#749);
#744 = PLANE('',#745);
#745 = AXIS2_PLACEMENT_3D('',#746,#747,#748);
#746 = CARTESIAN_POINT('',(1.25,-16.5,0.));
#747 = DIRECTION('',(1.,0.,0.));
#748 = DIRECTION('',(0.,0.,1.));
#749 = DEFINITIONAL_REPRESENTATION('',(#750),#753);
#750 = B_SPLINE_CURVE_WITH_KNOTS('',1,(#751,#752),.UNSPECIFIED.,.F.,.F.,
  (2,2),(-24.2,6.E-07),.PIECEWISE_BEZIER_KNOTS.);
#751 = CARTESIAN_POINT('',(24.2,-1.05048544452));
#752 = CARTESIAN_POINT('',(-6.E-07,-1.05048544452));
#753 = ( GEOMETRIC_REPRESENTATION_CONTEXT(2) 
PARAMETRIC_REPRESENTATION_CONTEXT() REPRESENTATION_CONTEXT('2D SPACE',''
  ) );
#754 = ORIENTED_EDGE('',*,*,#755,.T.);
#755 = EDGE_CURVE('',#730,#756,#758,.T.);
#756 = VERTEX_POINT('',#757);
#757 = CARTESIAN_POINT('',(-1.25,-15.44951455548,22.));
#758 = SURFACE_CURVE('',#759,(#764,#771),.PCURVE_S1.);
#759 = CIRCLE('',#760,15.5);
#760 = AXIS2_PLACEMENT_3D('',#761,#762,#763);
#761 = CARTESIAN_POINT('',(0.,0.,22.));
#762 = DIRECTION('',(0.,0.,-1.));
#763 = DIRECTION('',(1.,0.,0.));
#764 = PCURVE('',#462,#765);
#765 = DEFINITIONAL_REPRESENTATION('',(#766),#770);
#766 = LINE('',#767,#768);
#767 = CARTESIAN_POINT('',(-6.28318530718,-22.));
#768 = VECTOR('',#769,1.);
#769 = DIRECTION('',(1.,-0.));
#770 = ( GEOMETRIC_REPRESENTATION_CONTEXT(2) 
PARAMETRIC_REPRESENTATION_CONTEXT() REPRESENTATION_CONTEXT('2D SPACE',''
  ) );
#771 = PCURVE('',#772,#777);
#772 = PLANE('',#773);
#773 = AXIS2_PLACEMENT_3D('',#774,#775,#776);
#774 = CARTESIAN_POINT('',(-1.25,-16.5,22.));
#775 = DIRECTION('',(0.,0.,1.));
#776 = DIRECTION('',(1.,0.,0.));
#777 = DEFINITIONAL_REPRESENTATION('',(#778),#786);
#778 = ( BOUNDED_CURVE() B_SPLINE_CURVE(2,(#779,#780,#781,#782,#783,#784
,#785),.UNSPECIFIED.,.T.,.F.) B_SPLINE_CURVE_WITH_KNOTS((1,2,2,2,2,1),(
    -2.094395102393,0.,2.094395102393,4.188790204786,6.28318530718,
8.377580409573),.UNSPECIFIED.) CURVE() GEOMETRIC_REPRESENTATION_ITEM() 
RATIONAL_B_SPLINE_CURVE((1.,0.5,1.,0.5,1.,0.5,1.)) REPRESENTATION_ITEM(
  '') );
#779 = CARTESIAN_POINT('',(16.75,16.5));
#780 = CARTESIAN_POINT('',(16.75,-10.34678751731));
#781 = CARTESIAN_POINT('',(-6.5,3.076606241341));
#782 = CARTESIAN_POINT('',(-29.75,16.5));
#783 = CARTESIAN_POINT('',(-6.5,29.923393758659));
#784 = CARTESIAN_POINT('',(16.75,43.346787517318));
#785 = CARTESIAN_POINT('',(16.75,16.5));
#786 = ( GEOMETRIC_REPRESENTATION_CONTEXT(2) 
PARAMETRIC_REPRESENTATION_CONTEXT() REPRESENTATION_CONTEXT('2D SPACE',''
  ) );
#787 = ORIENTED_EDGE('',*,*,#788,.T.);
#788 = EDGE_CURVE('',#756,#789,#791,.T.);
#789 = VERTEX_POINT('',#790);
#790 = CARTESIAN_POINT('',(-1.25,-15.44951455548,12.15217186218));
#791 = SURFACE_CURVE('',#792,(#796,#802),.PCURVE_S1.);
#792 = LINE('',#793,#794);
#793 = CARTESIAN_POINT('',(-1.25,-15.44951455548,0.));
#794 = VECTOR('',#795,1.);
#795 = DIRECTION('',(-0.,-0.,-1.));
#796 = PCURVE('',#462,#797);
#797 = DEFINITIONAL_REPRESENTATION('',(#798),#801);
#798 = B_SPLINE_CURVE_WITH_KNOTS('',1,(#799,#800),.UNSPECIFIED.,.F.,.F.,
  (2,2),(-24.2,6.E-07),.PIECEWISE_BEZIER_KNOTS.);
#799 = CARTESIAN_POINT('',(-4.631656147725,-24.2));
#800 = CARTESIAN_POINT('',(-4.631656147725,6.E-07));
#801 = ( GEOMETRIC_REPRESENTATION_CONTEXT(2) 
PARAMETRIC_REPRESENTATION_CONTEXT() REPRESENTATION_CONTEXT('2D SPACE',''
  ) );
#802 = PCURVE('',#803,#808);
#803 = PLANE('',#804);
#804 = AXIS2_PLACEMENT_3D('',#805,#806,#807);
#805 = CARTESIAN_POINT('',(-1.25,-16.5,0.));
#806 = DIRECTION('',(1.,0.,0.));
#807 = DIRECTION('',(0.,0.,1.));
#808 = DEFINITIONAL_REPRESENTATION('',(#809),#812);
#809 = B_SPLINE_CURVE_WITH_KNOTS('',1,(#810,#811),.UNSPECIFIED.,.F.,.F.,
  (2,2),(-24.2,6.E-07),.PIECEWISE_BEZIER_KNOTS.);
#810 = CARTESIAN_POINT('',(24.2,-1.05048544452));
#811 = CARTESIAN_POINT('',(-6.E-07,-1.05048544452));
#812 = ( GEOMETRIC_REPRESENTATION_CONTEXT(2) 
PARAMETRIC_REPRESENTATION_CONTEXT() REPRESENTATION_CONTEXT('2D SPACE',''
  ) );
#813 = ORIENTED_EDGE('',*,*,#814,.T.);
#814 = EDGE_CURVE('',#789,#815,#817,.T.);
#815 = VERTEX_POINT('',#816);
#816 = CARTESIAN_POINT('',(-1.25,-15.44951455548,9.84782813782));
#817 = SURFACE_CURVE('',#818,(#870,#925),.PCURVE_S1.);
#818 = B_SPLINE_CURVE_WITH_KNOTS('',8,(#819,#820,#821,#822,#823,#824,
    #825,#826,#827,#828,#829,#830,#831,#832,#833,#834,#835,#836,#837,
    #838,#839,#840,#841,#842,#843,#844,#845,#846,#847,#848,#849,#850,
    #851,#852,#853,#854,#855,#856,#857,#858,#859,#860,#861,#862,#863,
    #864,#865,#866,#867,#868,#869),.UNSPECIFIED.,.T.,.F.,(9,7,7,7,7,7,7,
    9),(0.,0.152765029201,0.285827605625,0.422056139603,0.588678930932,
    0.71446724956,0.837906023366,1.),.UNSPECIFIED.);
#819 = CARTESIAN_POINT('',(1.7,-15.40649213805,11.));
#820 = CARTESIAN_POINT('',(1.7,-15.40649213805,11.177913198289));
#821 = CARTESIAN_POINT('',(1.678721494257,-15.40883996237,
    11.355754701055));
#822 = CARTESIAN_POINT('',(1.636189197451,-15.41353355434,
    11.531947914299));
#823 = CARTESIAN_POINT('',(1.572011054167,-15.42044787683,
    11.704756238897));
#824 = CARTESIAN_POINT('',(1.485502237813,-15.42932854292,
    11.872087531126));
#825 = CARTESIAN_POINT('',(1.375799902197,-15.43973434502,
    12.031282935929));
#826 = CARTESIAN_POINT('',(1.242034162523,-15.45097308238,
    12.178821567619));
#827 = CARTESIAN_POINT('',(0.945638336024,-15.47174524108,
    12.424021519785));
#828 = CARTESIAN_POINT('',(0.784683142066,-15.48161126395,
    12.529195674129));
#829 = CARTESIAN_POINT('',(0.603138589884,-15.49068522031,
    12.616866698781));
#830 = CARTESIAN_POINT('',(0.405368387274,-15.49779137113,
    12.680658661082));
#831 = CARTESIAN_POINT('',(0.197248016489,-15.50186727644,
    12.716356845912));
#832 = CARTESIAN_POINT('',(-1.45826208882E-02,-15.50243475118,
    12.721967231552));
#833 = CARTESIAN_POINT('',(-0.223327206908,-15.4996752586,
    12.697800300593));
#834 = CARTESIAN_POINT('',(-0.626963818153,-15.488661704,12.594164033378
    ));
#835 = CARTESIAN_POINT('',(-0.81522899426,-15.48044698329,
    12.514980046751));
#836 = CARTESIAN_POINT('',(-0.985260475361,-15.47048841044,
    12.414118683719));
#837 = CARTESIAN_POINT('',(-1.1357870058,-15.45975713043,12.295985396604
    ));
#838 = CARTESIAN_POINT('',(-1.266219793792,-15.44911406528,
    12.164506704207));
#839 = CARTESIAN_POINT('',(-1.376473832936,-15.43923514687,
    12.023231510976));
#840 = CARTESIAN_POINT('',(-1.466892843385,-15.43059822345,
    11.875372944669));
#841 = CARTESIAN_POINT('',(-1.625429972787,-15.41478709223,
    11.538464395229));
#842 = CARTESIAN_POINT('',(-1.685041048327,-15.40827268379,
    11.34552334135));
#843 = CARTESIAN_POINT('',(-1.718174348915,-15.40445893625,
    11.148130461917));
#844 = CARTESIAN_POINT('',(-1.725333991921,-15.40360813838,
    10.948684104355));
#845 = CARTESIAN_POINT('',(-1.706532749217,-15.40580045645,
    10.749486826179));
#846 = CARTESIAN_POINT('',(-1.661415056888,-15.41092360591,
    10.553045604739));
#847 = CARTESIAN_POINT('',(-1.589380056006,-15.41862171185,
    10.362297256235));
#848 = CARTESIAN_POINT('',(-1.414486148447,-15.43550912818,
    10.044166419396));
#849 = CARTESIAN_POINT('',(-1.322692515617,-15.44394928876,
    9.911227827443));
#850 = CARTESIAN_POINT('',(-1.213831354001,-15.45328932279,
    9.784747505401));
#851 = CARTESIAN_POINT('',(-1.087751582874,-15.4631026726,9.667472660335
    ));
#852 = CARTESIAN_POINT('',(-0.944677527601,-15.47281708165,
    9.562358257389));
#853 = CARTESIAN_POINT('',(-0.785252122689,-15.4817372252,9.472590409846
    ));
#854 = CARTESIAN_POINT('',(-0.610646035086,-15.48910694804,
    9.401646272032));
#855 = CARTESIAN_POINT('',(-0.238408782861,-15.49926374549,
    9.306071989958));
#856 = CARTESIAN_POINT('',(-4.544876542522E-02,-15.5020191757,
    9.28167541789));
#857 = CARTESIAN_POINT('',(0.150966900223,-15.50195721978,9.282748881365
    ));
#858 = CARTESIAN_POINT('',(0.345200520802,-15.49887023544,9.309850352234
    ));
#859 = CARTESIAN_POINT('',(0.531634574731,-15.49308173255,9.361649342298
    ));
#860 = CARTESIAN_POINT('',(0.705209132216,-15.48535262197,9.434986433599
    ));
#861 = CARTESIAN_POINT('',(0.861922064055,-15.47662831062,9.524907473612
    ));
#862 = CARTESIAN_POINT('',(1.179547707605,-15.45610932897,9.755676011636
    ));
#863 = CARTESIAN_POINT('',(1.331886971631,-15.44385542721,9.907635044819
    ));
#864 = CARTESIAN_POINT('',(1.456679115086,-15.43227324227,
    10.074175141197));
#865 = CARTESIAN_POINT('',(1.554936540815,-15.42228435448,
    10.250776853001));
#866 = CARTESIAN_POINT('',(1.627719187677,-15.41446858759,
    10.434045117769));
#867 = CARTESIAN_POINT('',(1.675894950854,-15.40915169833,
    10.621359380581));
#868 = CARTESIAN_POINT('',(1.7,-15.40649213805,10.810644016956));
#869 = CARTESIAN_POINT('',(1.7,-15.40649213805,11.));
#870 = PCURVE('',#462,#871);
#871 = DEFINITIONAL_REPRESENTATION('',(#872),#924);
#872 = B_SPLINE_CURVE_WITH_KNOTS('',8,(#873,#874,#875,#876,#877,#878,
    #879,#880,#881,#882,#883,#884,#885,#886,#887,#888,#889,#890,#891,
    #892,#893,#894,#895,#896,#897,#898,#899,#900,#901,#902,#903,#904,
    #905,#906,#907,#908,#909,#910,#911,#912,#913,#914,#915,#916,#917,
    #918,#919,#920,#921,#922,#923),.UNSPECIFIED.,.T.,.F.,(9,7,7,7,7,7,7,
    9),(0.,0.152765029201,0.285827605625,0.422056139603,0.588678930932,
    0.71446724956,0.837906023366,1.),.UNSPECIFIED.);
#873 = CARTESIAN_POINT('',(-4.822287486046,-11.));
#874 = CARTESIAN_POINT('',(-4.822287486046,-11.17791319828));
#875 = CARTESIAN_POINT('',(-4.820906347591,-11.35575470105));
#876 = CARTESIAN_POINT('',(-4.818145671681,-11.53194791429));
#877 = CARTESIAN_POINT('',(-4.813981200051,-11.70475623889));
#878 = CARTESIAN_POINT('',(-4.808370810747,-11.87208753112));
#879 = CARTESIAN_POINT('',(-4.801261981486,-12.03128293592));
#880 = CARTESIAN_POINT('',(-4.792602359077,-12.17882156761));
#881 = CARTESIAN_POINT('',(-4.77343314506,-12.42402151978));
#882 = CARTESIAN_POINT('',(-4.763029849016,-12.52919567412));
#883 = CARTESIAN_POINT('',(-4.751303934915,-12.61686669878));
#884 = CARTESIAN_POINT('',(-4.738539004743,-12.68065866108));
#885 = CARTESIAN_POINT('',(-4.725113089685,-12.71635684591));
#886 = CARTESIAN_POINT('',(-4.711449415122,-12.72196723155));
#887 = CARTESIAN_POINT('',(-4.697982179467,-12.69780030059));
#888 = CARTESIAN_POINT('',(-4.671931415583,-12.59416403337));
#889 = CARTESIAN_POINT('',(-4.659775342324,-12.51498004675));
#890 = CARTESIAN_POINT('',(-4.648788622352,-12.41411868371));
#891 = CARTESIAN_POINT('',(-4.639053804066,-12.2959853966));
#892 = CARTESIAN_POINT('',(-4.63061136451,-12.1645067042));
#893 = CARTESIAN_POINT('',(-4.623469929841,-12.02323151097));
#894 = CARTESIAN_POINT('',(-4.617609939462,-11.87537294466));
#895 = CARTESIAN_POINT('',(-4.607330996767,-11.53846439522));
#896 = CARTESIAN_POINT('',(-4.603462394348,-11.34552334135));
#897 = CARTESIAN_POINT('',(-4.601310632695,-11.14813046191));
#898 = CARTESIAN_POINT('',(-4.600845433954,-10.94868410435));
#899 = CARTESIAN_POINT('',(-4.602066687664,-10.74948682617));
#900 = CARTESIAN_POINT('',(-4.60499620074,-10.55304560473));
#901 = CARTESIAN_POINT('',(-4.609669841311,-10.36229725623));
#902 = CARTESIAN_POINT('',(-4.621005797703,-10.04416641939));
#903 = CARTESIAN_POINT('',(-4.626952888629,-9.911227827444));
#904 = CARTESIAN_POINT('',(-4.634001759022,-9.784747505401));
#905 = CARTESIAN_POINT('',(-4.642160001949,-9.667472660335));
#906 = CARTESIAN_POINT('',(-4.651410778323,-9.562358257389));
#907 = CARTESIAN_POINT('',(-4.661710883042,-9.472590409846));
#908 = CARTESIAN_POINT('',(-4.672984567606,-9.401646272032));
#909 = CARTESIAN_POINT('',(-4.697008812425,-9.306071989958));
#910 = CARTESIAN_POINT('',(-4.709458073767,-9.28167541789));
#911 = CARTESIAN_POINT('',(-4.722127753313,-9.282748881365));
#912 = CARTESIAN_POINT('',(-4.734657622192,-9.309850352234));
#913 = CARTESIAN_POINT('',(-4.746689048665,-9.361649342298));
#914 = CARTESIAN_POINT('',(-4.757897370876,-9.434986433599));
#915 = CARTESIAN_POINT('',(-4.768023126599,-9.524907473612));
#916 = CARTESIAN_POINT('',(-4.788557818753,-9.755676011636));
#917 = CARTESIAN_POINT('',(-4.798416677783,-9.907635044819));
#918 = CARTESIAN_POINT('',(-4.806501632289,-10.07417514119));
#919 = CARTESIAN_POINT('',(-4.812873267375,-10.250776853));
#920 = CARTESIAN_POINT('',(-4.81759590266,-10.43404511776));
#921 = CARTESIAN_POINT('',(-4.820722883141,-10.62135938058));
#922 = CARTESIAN_POINT('',(-4.822287486046,-10.81064401695));
#923 = CARTESIAN_POINT('',(-4.822287486046,-11.));
#924 = ( GEOMETRIC_REPRESENTATION_CONTEXT(2) 
PARAMETRIC_REPRESENTATION_CONTEXT() REPRESENTATION_CONTEXT('2D SPACE',''
  ) );
#925 = PCURVE('',#926,#931);
#926 = CYLINDRICAL_SURFACE('',#927,1.7);
#927 = AXIS2_PLACEMENT_3D('',#928,#929,#930);
#928 = CARTESIAN_POINT('',(0.,0.,11.));
#929 = DIRECTION('',(-0.,1.,-0.));
#930 = DIRECTION('',(1.,0.,0.));
#931 = DEFINITIONAL_REPRESENTATION('',(#932),#984);
#932 = B_SPLINE_CURVE_WITH_KNOTS('',8,(#933,#934,#935,#936,#937,#938,
    #939,#940,#941,#942,#943,#944,#945,#946,#947,#948,#949,#950,#951,
    #952,#953,#954,#955,#956,#957,#958,#959,#960,#961,#962,#963,#964,
    #965,#966,#967,#968,#969,#970,#971,#972,#973,#974,#975,#976,#977,
    #978,#979,#980,#981,#982,#983),.UNSPECIFIED.,.F.,.F.,(9,7,7,7,7,7,7,
    9),(0.,0.152765029201,0.285827605625,0.422056139603,0.588678930932,
    0.71446724956,0.837906023366,1.),.UNSPECIFIED.);
#933 = CARTESIAN_POINT('',(0.,-15.40649213805));
#934 = CARTESIAN_POINT('',(-0.104654822523,-15.40649213805));
#935 = CARTESIAN_POINT('',(-0.209266907276,-15.40883996237));
#936 = CARTESIAN_POINT('',(-0.314658605228,-15.41353355434));
#937 = CARTESIAN_POINT('',(-0.421542552774,-15.42044787683));
#938 = CARTESIAN_POINT('',(-0.530652799831,-15.42932854292));
#939 = CARTESIAN_POINT('',(-0.642758666309,-15.43973434502));
#940 = CARTESIAN_POINT('',(-0.758707929258,-15.45097308238));
#941 = CARTESIAN_POINT('',(-0.984986306444,-15.47174524108));
#942 = CARTESIAN_POINT('',(-1.097373912144,-15.48161126395));
#943 = CARTESIAN_POINT('',(-1.214310486461,-15.49068522031));
#944 = CARTESIAN_POINT('',(-1.334216587224,-15.49779137113));
#945 = CARTESIAN_POINT('',(-1.455950979441,-15.50186727644));
#946 = CARTESIAN_POINT('',(-1.578528616033,-15.50243475118));
#947 = CARTESIAN_POINT('',(-1.700997390171,-15.4996752586));
#948 = CARTESIAN_POINT('',(-1.946132046915,-15.488661704));
#949 = CARTESIAN_POINT('',(-2.06498131993,-15.48044698329));
#950 = CARTESIAN_POINT('',(-2.179515423945,-15.47048841044));
#951 = CARTESIAN_POINT('',(-2.290269244506,-15.45975713043));
#952 = CARTESIAN_POINT('',(-2.397636063041,-15.44911406528));
#953 = CARTESIAN_POINT('',(-2.50190351112,-15.43923514687));
#954 = CARTESIAN_POINT('',(-2.603247019926,-15.43059822345));
#955 = CARTESIAN_POINT('',(-2.822273958975,-15.41478709223));
#956 = CARTESIAN_POINT('',(-2.939897597644,-15.40827268379));
#957 = CARTESIAN_POINT('',(-3.055923031611,-15.40445893625));
#958 = CARTESIAN_POINT('',(-3.171341223179,-15.40360813838));
#959 = CARTESIAN_POINT('',(-3.287029936351,-15.40580045645));
#960 = CARTESIAN_POINT('',(-3.403821883576,-15.41092360591));
#961 = CARTESIAN_POINT('',(-3.522561297411,-15.41862171185));
#962 = CARTESIAN_POINT('',(-3.736111862113,-15.43550912818));
#963 = CARTESIAN_POINT('',(-3.830650895671,-15.44394928876));
#964 = CARTESIAN_POINT('',(-3.927880383182,-15.45328932279));
#965 = CARTESIAN_POINT('',(-4.02789282574,-15.4631026726));
#966 = CARTESIAN_POINT('',(-4.130874751996,-15.47281708165));
#967 = CARTESIAN_POINT('',(-4.237102033073,-15.4817372252));
#968 = CARTESIAN_POINT('',(-4.346963298252,-15.48910694804));
#969 = CARTESIAN_POINT('',(-4.573028646414,-15.49926374549));
#970 = CARTESIAN_POINT('',(-4.686537031836,-15.5020191757));
#971 = CARTESIAN_POINT('',(-4.800429391233,-15.50195721978));
#972 = CARTESIAN_POINT('',(-4.913792132915,-15.49887023544));
#973 = CARTESIAN_POINT('',(-5.025724526778,-15.49308173255));
#974 = CARTESIAN_POINT('',(-5.135197615313,-15.48535262197));
#975 = CARTESIAN_POINT('',(-5.240867490438,-15.47662831062));
#976 = CARTESIAN_POINT('',(-5.471812717982,-15.45610932897));
#977 = CARTESIAN_POINT('',(-5.59685168296,-15.44385542721));
#978 = CARTESIAN_POINT('',(-5.717250208909,-15.43227324227));
#979 = CARTESIAN_POINT('',(-5.834050485697,-15.42228435448));
#980 = CARTESIAN_POINT('',(-5.948163171477,-15.41446858759));
#981 = CARTESIAN_POINT('',(-6.060456163712,-15.40915169833));
#982 = CARTESIAN_POINT('',(-6.171799434801,-15.40649213805));
#983 = CARTESIAN_POINT('',(-6.28318530718,-15.40649213805));
#984 = ( GEOMETRIC_REPRESENTATION_CONTEXT(2) 
PARAMETRIC_REPRESENTATION_CONTEXT() REPRESENTATION_CONTEXT('2D SPACE',''
  ) );
#985 = ORIENTED_EDGE('',*,*,#986,.T.);
#986 = EDGE_CURVE('',#815,#987,#989,.T.);
#987 = VERTEX_POINT('',#988);
#988 = CARTESIAN_POINT('',(-1.25,-15.44951455548,0.));
#989 = SURFACE_CURVE('',#990,(#994,#1000),.PCURVE_S1.);
#990 = LINE('',#991,#992);
#991 = CARTESIAN_POINT('',(-1.25,-15.44951455548,0.));
#992 = VECTOR('',#993,1.);
#993 = DIRECTION('',(-0.,-0.,-1.));
#994 = PCURVE('',#462,#995);
#995 = DEFINITIONAL_REPRESENTATION('',(#996),#999);
#996 = B_SPLINE_CURVE_WITH_KNOTS('',1,(#997,#998),.UNSPECIFIED.,.F.,.F.,
  (2,2),(-24.2,6.E-07),.PIECEWISE_BEZIER_KNOTS.);
#997 = CARTESIAN_POINT('',(-4.631656147725,-24.2));
#998 = CARTESIAN_POINT('',(-4.631656147725,6.E-07));
#999 = ( GEOMETRIC_REPRESENTATION_CONTEXT(2) 
PARAMETRIC_REPRESENTATION_CONTEXT() REPRESENTATION_CONTEXT('2D SPACE',''
  ) );
#1000 = PCURVE('',#1001,#1006);
#1001 = PLANE('',#1002);
#1002 = AXIS2_PLACEMENT_3D('',#1003,#1004,#1005);
#1003 = CARTESIAN_POINT('',(-1.25,-16.5,0.));
#1004 = DIRECTION('',(1.,0.,0.));
#1005 = DIRECTION('',(0.,0.,1.));
#1006 = DEFINITIONAL_REPRESENTATION('',(#1007),#1010);
#1007 = B_SPLINE_CURVE_WITH_KNOTS('',1,(#1008,#1009),.UNSPECIFIED.,.F.,
  .F.,(2,2),(-24.2,6.E-07),.PIECEWISE_BEZIER_KNOTS.);
#1008 = CARTESIAN_POINT('',(24.2,-1.05048544452));
#1009 = CARTESIAN_POINT('',(-6.E-07,-1.05048544452));
#1010 = ( GEOMETRIC_REPRESENTATION_CONTEXT(2) 
PARAMETRIC_REPRESENTATION_CONTEXT() REPRESENTATION_CONTEXT('2D SPACE',''
  ) );
#1011 = ORIENTED_EDGE('',*,*,#1012,.F.);
#1012 = EDGE_CURVE('',#1013,#987,#1015,.T.);
#1013 = VERTEX_POINT('',#1014);
#1014 = CARTESIAN_POINT('',(-1.25,15.44951455548,0.));
#1015 = SURFACE_CURVE('',#1016,(#1021,#1028),.PCURVE_S1.);
#1016 = CIRCLE('',#1017,15.5);
#1017 = AXIS2_PLACEMENT_3D('',#1018,#1019,#1020);
#1018 = CARTESIAN_POINT('',(0.,0.,0.));
#1019 = DIRECTION('',(0.,0.,1.));
#1020 = DIRECTION('',(1.,0.,0.));
#1021 = PCURVE('',#462,#1022);
#1022 = DEFINITIONAL_REPRESENTATION('',(#1023),#1027);
#1023 = LINE('',#1024,#1025);
#1024 = CARTESIAN_POINT('',(-0.,0.));
#1025 = VECTOR('',#1026,1.);
#1026 = DIRECTION('',(-1.,0.));
#1027 = ( GEOMETRIC_REPRESENTATION_CONTEXT(2) 
PARAMETRIC_REPRESENTATION_CONTEXT() REPRESENTATION_CONTEXT('2D SPACE',''
  ) );
#1028 = PCURVE('',#1029,#1034);
#1029 = PLANE('',#1030);
#1030 = AXIS2_PLACEMENT_3D('',#1031,#1032,#1033);
#1031 = CARTESIAN_POINT('',(-7.057755522784E-16,7.788169249974E-16,0.));
#1032 = DIRECTION('',(0.,0.,1.));
#1033 = DIRECTION('',(1.,0.,-0.));
#1034 = DEFINITIONAL_REPRESENTATION('',(#1035),#1039);
#1035 = CIRCLE('',#1036,15.5);
#1036 = AXIS2_PLACEMENT_2D('',#1037,#1038);
#1037 = CARTESIAN_POINT('',(7.057755522784E-16,-7.788169249974E-16));
#1038 = DIRECTION('',(1.,0.));
#1039 = ( GEOMETRIC_REPRESENTATION_CONTEXT(2) 
PARAMETRIC_REPRESENTATION_CONTEXT() REPRESENTATION_CONTEXT('2D SPACE',''
  ) );
#1040 = ORIENTED_EDGE('',*,*,#1041,.F.);
#1041 = EDGE_CURVE('',#1042,#1013,#1044,.T.);
#1042 = VERTEX_POINT('',#1043);
#1043 = CARTESIAN_POINT('',(-1.25,15.44951455548,9.84782813782));
#1044 = SURFACE_CURVE('',#1045,(#1049,#1055),.PCURVE_S1.);
#1045 = LINE('',#1046,#1047);
#1046 = CARTESIAN_POINT('',(-1.25,15.44951455548,0.));
#1047 = VECTOR('',#1048,1.);
#1048 = DIRECTION('',(-0.,-0.,-1.));
#1049 = PCURVE('',#462,#1050);
#1050 = DEFINITIONAL_REPRESENTATION('',(#1051),#1054);
#1051 = B_SPLINE_CURVE_WITH_KNOTS('',1,(#1052,#1053),.UNSPECIFIED.,.F.,
  .F.,(2,2),(-24.2,6.E-07),.PIECEWISE_BEZIER_KNOTS.);
#1052 = CARTESIAN_POINT('',(-1.651529159454,-24.2));
#1053 = CARTESIAN_POINT('',(-1.651529159454,6.E-07));
#1054 = ( GEOMETRIC_REPRESENTATION_CONTEXT(2) 
PARAMETRIC_REPRESENTATION_CONTEXT() REPRESENTATION_CONTEXT('2D SPACE',''
  ) );
#1055 = PCURVE('',#1056,#1061);
#1056 = PLANE('',#1057);
#1057 = AXIS2_PLACEMENT_3D('',#1058,#1059,#1060);
#1058 = CARTESIAN_POINT('',(-1.25,-16.5,0.));
#1059 = DIRECTION('',(1.,0.,0.));
#1060 = DIRECTION('',(0.,0.,1.));
#1061 = DEFINITIONAL_REPRESENTATION('',(#1062),#1065);
#1062 = B_SPLINE_CURVE_WITH_KNOTS('',1,(#1063,#1064),.UNSPECIFIED.,.F.,
  .F.,(2,2),(-24.2,6.E-07),.PIECEWISE_BEZIER_KNOTS.);
#1063 = CARTESIAN_POINT('',(24.2,-31.94951455548));
#1064 = CARTESIAN_POINT('',(-6.E-07,-31.94951455548));
#1065 = ( GEOMETRIC_REPRESENTATION_CONTEXT(2) 
PARAMETRIC_REPRESENTATION_CONTEXT() REPRESENTATION_CONTEXT('2D SPACE',''
  ) );
#1066 = ORIENTED_EDGE('',*,*,#1067,.F.);
#1067 = EDGE_CURVE('',#1068,#1042,#1070,.T.);
#1068 = VERTEX_POINT('',#1069);
#1069 = CARTESIAN_POINT('',(-1.25,15.44951455548,12.15217186218));
#1070 = SURFACE_CURVE('',#1071,(#1123,#1178),.PCURVE_S1.);
#1071 = B_SPLINE_CURVE_WITH_KNOTS('',8,(#1072,#1073,#1074,#1075,#1076,
    #1077,#1078,#1079,#1080,#1081,#1082,#1083,#1084,#1085,#1086,#1087,
    #1088,#1089,#1090,#1091,#1092,#1093,#1094,#1095,#1096,#1097,#1098,
    #1099,#1100,#1101,#1102,#1103,#1104,#1105,#1106,#1107,#1108,#1109,
    #1110,#1111,#1112,#1113,#1114,#1115,#1116,#1117,#1118,#1119,#1120,
    #1121,#1122),.UNSPECIFIED.,.T.,.F.,(9,7,7,7,7,7,7,9),(0.,
    0.152765029217,0.285827605654,0.422056139629,0.588678930924,
    0.714467249545,0.837906023358,1.),.UNSPECIFIED.);
#1072 = CARTESIAN_POINT('',(1.7,15.406492138057,11.));
#1073 = CARTESIAN_POINT('',(1.7,15.406492138057,11.177913198289));
#1074 = CARTESIAN_POINT('',(1.678721494257,15.408839962372,
    11.355754701055));
#1075 = CARTESIAN_POINT('',(1.636189197452,15.413533554345,
    11.531947914299));
#1076 = CARTESIAN_POINT('',(1.572011054167,15.420447876837,
    11.704756238897));
#1077 = CARTESIAN_POINT('',(1.485502237812,15.429328542927,
    11.872087531126));
#1078 = CARTESIAN_POINT('',(1.375799902197,15.439734345021,
    12.031282935929));
#1079 = CARTESIAN_POINT('',(1.242034162523,15.450973082385,
    12.178821567619));
#1080 = CARTESIAN_POINT('',(0.945638336024,15.47174524108,
    12.424021519785));
#1081 = CARTESIAN_POINT('',(0.784683142066,15.481611263951,
    12.529195674129));
#1082 = CARTESIAN_POINT('',(0.603138589885,15.490685220318,
    12.616866698779));
#1083 = CARTESIAN_POINT('',(0.405368387273,15.497791371136,
    12.680658661084));
#1084 = CARTESIAN_POINT('',(0.197248016489,15.501867276441,
    12.716356845911));
#1085 = CARTESIAN_POINT('',(-1.458262088811E-02,15.502434751189,
    12.721967231552));
#1086 = CARTESIAN_POINT('',(-0.223327206908,15.499675258607,
    12.697800300593));
#1087 = CARTESIAN_POINT('',(-0.626963818127,15.488661704005,
    12.594164033385));
#1088 = CARTESIAN_POINT('',(-0.81522899425,15.480446983299,
    12.514980046761));
#1089 = CARTESIAN_POINT('',(-0.985260475374,15.470488410443,
    12.414118683717));
#1090 = CARTESIAN_POINT('',(-1.13578700582,15.45975713043,
    12.295985396588));
#1091 = CARTESIAN_POINT('',(-1.2662197938,15.449114065285,
    12.164506704191));
#1092 = CARTESIAN_POINT('',(-1.376473832927,15.439235146873,
    12.02323151098));
#1093 = CARTESIAN_POINT('',(-1.466892843373,15.430598223454,
    11.875372944694));
#1094 = CARTESIAN_POINT('',(-1.625429972786,15.414787092236,
    11.53846439523));
#1095 = CARTESIAN_POINT('',(-1.685041048327,15.408272683795,
    11.345523341351));
#1096 = CARTESIAN_POINT('',(-1.718174348915,15.40445893625,
    11.148130461917));
#1097 = CARTESIAN_POINT('',(-1.725333991922,15.403608138382,
    10.948684104356));
#1098 = CARTESIAN_POINT('',(-1.706532749218,15.405800456453,
    10.749486826179));
#1099 = CARTESIAN_POINT('',(-1.661415056887,15.410923605914,
    10.553045604739));
#1100 = CARTESIAN_POINT('',(-1.589380056005,15.418621711855,
    10.362297256234));
#1101 = CARTESIAN_POINT('',(-1.414486148437,15.435509128184,
    10.044166419377));
#1102 = CARTESIAN_POINT('',(-1.32269251561,15.443949288764,
    9.911227827441));
#1103 = CARTESIAN_POINT('',(-1.213831354007,15.453289322793,
    9.784747505413));
#1104 = CARTESIAN_POINT('',(-1.087751582889,15.463102672607,
    9.667472660347));
#1105 = CARTESIAN_POINT('',(-0.944677527612,15.47281708165,
    9.562358257391));
#1106 = CARTESIAN_POINT('',(-0.785252122681,15.481737225203,
    9.472590409839));
#1107 = CARTESIAN_POINT('',(-0.610646035066,15.489106948043,
    9.401646272027));
#1108 = CARTESIAN_POINT('',(-0.238408782861,15.49926374549,
    9.306071989958));
#1109 = CARTESIAN_POINT('',(-4.544876542564E-02,15.502019175708,
    9.28167541789));
#1110 = CARTESIAN_POINT('',(0.150966900223,15.501957219789,
    9.282748881364));
#1111 = CARTESIAN_POINT('',(0.345200520803,15.498870235444,
    9.309850352234));
#1112 = CARTESIAN_POINT('',(0.531634574731,15.493081732558,
    9.361649342299));
#1113 = CARTESIAN_POINT('',(0.705209132215,15.485352621974,
    9.434986433598));
#1114 = CARTESIAN_POINT('',(0.861922064055,15.476628310628,
    9.524907473612));
#1115 = CARTESIAN_POINT('',(1.179547707605,15.456109328973,
    9.755676011636));
#1116 = CARTESIAN_POINT('',(1.331886971631,15.443855427213,
    9.907635044819));
#1117 = CARTESIAN_POINT('',(1.456679115085,15.432273242277,
    10.074175141197));
#1118 = CARTESIAN_POINT('',(1.554936540815,15.422284354482,
    10.250776853001));
#1119 = CARTESIAN_POINT('',(1.627719187677,15.414468587592,
    10.434045117769));
#1120 = CARTESIAN_POINT('',(1.675894950854,15.409151698336,
    10.621359380581));
#1121 = CARTESIAN_POINT('',(1.7,15.406492138057,10.810644016956));
#1122 = CARTESIAN_POINT('',(1.7,15.406492138057,11.));
#1123 = PCURVE('',#462,#1124);
#1124 = DEFINITIONAL_REPRESENTATION('',(#1125),#1177);
#1125 = B_SPLINE_CURVE_WITH_KNOTS('',8,(#1126,#1127,#1128,#1129,#1130,
    #1131,#1132,#1133,#1134,#1135,#1136,#1137,#1138,#1139,#1140,#1141,
    #1142,#1143,#1144,#1145,#1146,#1147,#1148,#1149,#1150,#1151,#1152,
    #1153,#1154,#1155,#1156,#1157,#1158,#1159,#1160,#1161,#1162,#1163,
    #1164,#1165,#1166,#1167,#1168,#1169,#1170,#1171,#1172,#1173,#1174,
    #1175,#1176),.UNSPECIFIED.,.T.,.F.,(9,7,7,7,7,7,7,9),(0.,
    0.152765029217,0.285827605654,0.422056139629,0.588678930924,
    0.714467249545,0.837906023358,1.),.UNSPECIFIED.);
#1126 = CARTESIAN_POINT('',(-1.460897821134,-11.));
#1127 = CARTESIAN_POINT('',(-1.460897821134,-11.17791319828));
#1128 = CARTESIAN_POINT('',(-1.462278959589,-11.35575470105));
#1129 = CARTESIAN_POINT('',(-1.465039635499,-11.53194791429));
#1130 = CARTESIAN_POINT('',(-1.469204107128,-11.70475623889));
#1131 = CARTESIAN_POINT('',(-1.474814496432,-11.87208753112));
#1132 = CARTESIAN_POINT('',(-1.481923325693,-12.03128293592));
#1133 = CARTESIAN_POINT('',(-1.490582948102,-12.17882156761));
#1134 = CARTESIAN_POINT('',(-1.50975216212,-12.42402151978));
#1135 = CARTESIAN_POINT('',(-1.520155458163,-12.52919567413));
#1136 = CARTESIAN_POINT('',(-1.531881372265,-12.61686669877));
#1137 = CARTESIAN_POINT('',(-1.544646302437,-12.68065866108));
#1138 = CARTESIAN_POINT('',(-1.558072217494,-12.71635684591));
#1139 = CARTESIAN_POINT('',(-1.571735892058,-12.72196723155));
#1140 = CARTESIAN_POINT('',(-1.585203127713,-12.69780030059));
#1141 = CARTESIAN_POINT('',(-1.611253891595,-12.59416403338));
#1142 = CARTESIAN_POINT('',(-1.623409964855,-12.51498004676));
#1143 = CARTESIAN_POINT('',(-1.634396684829,-12.41411868371));
#1144 = CARTESIAN_POINT('',(-1.644131503114,-12.29598539658));
#1145 = CARTESIAN_POINT('',(-1.65257394267,-12.16450670419));
#1146 = CARTESIAN_POINT('',(-1.659715377338,-12.02323151098));
#1147 = CARTESIAN_POINT('',(-1.665575367717,-11.87537294469));
#1148 = CARTESIAN_POINT('',(-1.675854310413,-11.53846439523));
#1149 = CARTESIAN_POINT('',(-1.679722912831,-11.34552334135));
#1150 = CARTESIAN_POINT('',(-1.681874674485,-11.14813046191));
#1151 = CARTESIAN_POINT('',(-1.682339873226,-10.94868410435));
#1152 = CARTESIAN_POINT('',(-1.681118619516,-10.74948682617));
#1153 = CARTESIAN_POINT('',(-1.678189106439,-10.55304560473));
#1154 = CARTESIAN_POINT('',(-1.673515465869,-10.36229725623));
#1155 = CARTESIAN_POINT('',(-1.662179509476,-10.04416641937));
#1156 = CARTESIAN_POINT('',(-1.656232418551,-9.911227827441));
#1157 = CARTESIAN_POINT('',(-1.649183548158,-9.784747505413));
#1158 = CARTESIAN_POINT('',(-1.641025305231,-9.667472660347));
#1159 = CARTESIAN_POINT('',(-1.631774528857,-9.562358257391));
#1160 = CARTESIAN_POINT('',(-1.621474424137,-9.472590409839));
#1161 = CARTESIAN_POINT('',(-1.610200739572,-9.401646272027));
#1162 = CARTESIAN_POINT('',(-1.586176494754,-9.306071989958));
#1163 = CARTESIAN_POINT('',(-1.573727233412,-9.28167541789));
#1164 = CARTESIAN_POINT('',(-1.561057553866,-9.282748881364));
#1165 = CARTESIAN_POINT('',(-1.548527684987,-9.309850352234));
#1166 = CARTESIAN_POINT('',(-1.536496258515,-9.361649342299));
#1167 = CARTESIAN_POINT('',(-1.525287936303,-9.434986433598));
#1168 = CARTESIAN_POINT('',(-1.515162180581,-9.524907473612));
#1169 = CARTESIAN_POINT('',(-1.494627488426,-9.755676011636));
#1170 = CARTESIAN_POINT('',(-1.484768629396,-9.90763504482));
#1171 = CARTESIAN_POINT('',(-1.476683674891,-10.07417514119));
#1172 = CARTESIAN_POINT('',(-1.470312039804,-10.250776853));
#1173 = CARTESIAN_POINT('',(-1.46558940452,-10.43404511776));
#1174 = CARTESIAN_POINT('',(-1.462462424039,-10.62135938058));
#1175 = CARTESIAN_POINT('',(-1.460897821134,-10.81064401695));
#1176 = CARTESIAN_POINT('',(-1.460897821134,-11.));
#1177 = ( GEOMETRIC_REPRESENTATION_CONTEXT(2) 
PARAMETRIC_REPRESENTATION_CONTEXT() REPRESENTATION_CONTEXT('2D SPACE',''
  ) );
#1178 = PCURVE('',#1179,#1184);
#1179 = CYLINDRICAL_SURFACE('',#1180,1.7);
#1180 = AXIS2_PLACEMENT_3D('',#1181,#1182,#1183);
#1181 = CARTESIAN_POINT('',(0.,0.,11.));
#1182 = DIRECTION('',(0.,-1.,0.));
#1183 = DIRECTION('',(1.,0.,0.));
#1184 = DEFINITIONAL_REPRESENTATION('',(#1185),#1237);
#1185 = B_SPLINE_CURVE_WITH_KNOTS('',8,(#1186,#1187,#1188,#1189,#1190,
    #1191,#1192,#1193,#1194,#1195,#1196,#1197,#1198,#1199,#1200,#1201,
    #1202,#1203,#1204,#1205,#1206,#1207,#1208,#1209,#1210,#1211,#1212,
    #1213,#1214,#1215,#1216,#1217,#1218,#1219,#1220,#1221,#1222,#1223,
    #1224,#1225,#1226,#1227,#1228,#1229,#1230,#1231,#1232,#1233,#1234,
    #1235,#1236),.UNSPECIFIED.,.F.,.F.,(9,7,7,7,7,7,7,9),(0.,
    0.152765029217,0.285827605654,0.422056139629,0.588678930924,
    0.714467249545,0.837906023358,1.),.UNSPECIFIED.);
#1186 = CARTESIAN_POINT('',(0.,-15.40649213805));
#1187 = CARTESIAN_POINT('',(0.104654822523,-15.40649213805));
#1188 = CARTESIAN_POINT('',(0.209266907276,-15.40883996237));
#1189 = CARTESIAN_POINT('',(0.314658605228,-15.41353355434));
#1190 = CARTESIAN_POINT('',(0.421542552774,-15.42044787683));
#1191 = CARTESIAN_POINT('',(0.530652799831,-15.42932854292));
#1192 = CARTESIAN_POINT('',(0.642758666309,-15.43973434502));
#1193 = CARTESIAN_POINT('',(0.758707929258,-15.45097308238));
#1194 = CARTESIAN_POINT('',(0.984986306444,-15.47174524108));
#1195 = CARTESIAN_POINT('',(1.097373912144,-15.48161126395));
#1196 = CARTESIAN_POINT('',(1.21431048646,-15.49068522031));
#1197 = CARTESIAN_POINT('',(1.334216587225,-15.49779137113));
#1198 = CARTESIAN_POINT('',(1.45595097944,-15.50186727644));
#1199 = CARTESIAN_POINT('',(1.578528616034,-15.50243475118));
#1200 = CARTESIAN_POINT('',(1.700997390171,-15.4996752586));
#1201 = CARTESIAN_POINT('',(1.9461320469,-15.488661704));
#1202 = CARTESIAN_POINT('',(2.064981319923,-15.48044698329));
#1203 = CARTESIAN_POINT('',(2.179515423952,-15.47048841044));
#1204 = CARTESIAN_POINT('',(2.29026924452,-15.45975713043));
#1205 = CARTESIAN_POINT('',(2.397636063051,-15.44911406528));
#1206 = CARTESIAN_POINT('',(2.501903511116,-15.43923514687));
#1207 = CARTESIAN_POINT('',(2.603247019909,-15.43059822345));
#1208 = CARTESIAN_POINT('',(2.822273958974,-15.41478709223));
#1209 = CARTESIAN_POINT('',(2.939897597644,-15.40827268379));
#1210 = CARTESIAN_POINT('',(3.055923031611,-15.40445893625));
#1211 = CARTESIAN_POINT('',(3.171341223179,-15.40360813838));
#1212 = CARTESIAN_POINT('',(3.287029936351,-15.40580045645));
#1213 = CARTESIAN_POINT('',(3.403821883577,-15.41092360591));
#1214 = CARTESIAN_POINT('',(3.522561297411,-15.41862171185));
#1215 = CARTESIAN_POINT('',(3.736111862126,-15.43550912818));
#1216 = CARTESIAN_POINT('',(3.830650895674,-15.44394928876));
#1217 = CARTESIAN_POINT('',(3.927880383174,-15.45328932279));
#1218 = CARTESIAN_POINT('',(4.02789282573,-15.4631026726));
#1219 = CARTESIAN_POINT('',(4.130874751991,-15.47281708165));
#1220 = CARTESIAN_POINT('',(4.237102033078,-15.4817372252));
#1221 = CARTESIAN_POINT('',(4.346963298264,-15.48910694804));
#1222 = CARTESIAN_POINT('',(4.573028646414,-15.49926374549));
#1223 = CARTESIAN_POINT('',(4.686537031835,-15.5020191757));
#1224 = CARTESIAN_POINT('',(4.800429391233,-15.50195721978));
#1225 = CARTESIAN_POINT('',(4.913792132915,-15.49887023544));
#1226 = CARTESIAN_POINT('',(5.025724526778,-15.49308173255));
#1227 = CARTESIAN_POINT('',(5.135197615312,-15.48535262197));
#1228 = CARTESIAN_POINT('',(5.240867490438,-15.47662831062));
#1229 = CARTESIAN_POINT('',(5.471812717982,-15.45610932897));
#1230 = CARTESIAN_POINT('',(5.59685168296,-15.44385542721));
#1231 = CARTESIAN_POINT('',(5.717250208909,-15.43227324227));
#1232 = CARTESIAN_POINT('',(5.834050485696,-15.42228435448));
#1233 = CARTESIAN_POINT('',(5.948163171477,-15.41446858759));
#1234 = CARTESIAN_POINT('',(6.060456163712,-15.40915169833));
#1235 = CARTESIAN_POINT('',(6.171799434801,-15.40649213805));
#1236 = CARTESIAN_POINT('',(6.28318530718,-15.40649213805));
#1237 = ( GEOMETRIC_REPRESENTATION_CONTEXT(2) 
PARAMETRIC_REPRESENTATION_CONTEXT() REPRESENTATION_CONTEXT('2D SPACE',''
  ) );
#1238 = ORIENTED_EDGE('',*,*,#1239,.F.);
#1239 = EDGE_CURVE('',#1240,#1068,#1242,.T.);
#1240 = VERTEX_POINT('',#1241);
#1241 = CARTESIAN_POINT('',(-1.25,15.44951455548,22.));
#1242 = SURFACE_CURVE('',#1243,(#1247,#1253),.PCURVE_S1.);
#1243 = LINE('',#1244,#1245);
#1244 = CARTESIAN_POINT('',(-1.25,15.44951455548,0.));
#1245 = VECTOR('',#1246,1.);
#1246 = DIRECTION('',(-0.,-0.,-1.));
#1247 = PCURVE('',#462,#1248);
#1248 = DEFINITIONAL_REPRESENTATION('',(#1249),#1252);
#1249 = B_SPLINE_CURVE_WITH_KNOTS('',1,(#1250,#1251),.UNSPECIFIED.,.F.,
  .F.,(2,2),(-24.2,6.E-07),.PIECEWISE_BEZIER_KNOTS.);
#1250 = CARTESIAN_POINT('',(-1.651529159454,-24.2));
#1251 = CARTESIAN_POINT('',(-1.651529159454,6.E-07));
#1252 = ( GEOMETRIC_REPRESENTATION_CONTEXT(2) 
PARAMETRIC_REPRESENTATION_CONTEXT() REPRESENTATION_CONTEXT('2D SPACE',''
  ) );
#1253 = PCURVE('',#1254,#1259);
#1254 = PLANE('',#1255);
#1255 = AXIS2_PLACEMENT_3D('',#1256,#1257,#1258);
#1256 = CARTESIAN_POINT('',(-1.25,-16.5,0.));
#1257 = DIRECTION('',(1.,0.,0.));
#1258 = DIRECTION('',(0.,0.,1.));
#1259 = DEFINITIONAL_REPRESENTATION('',(#1260),#1263);
#1260 = B_SPLINE_CURVE_WITH_KNOTS('',1,(#1261,#1262),.UNSPECIFIED.,.F.,
  .F.,(2,2),(-24.2,6.E-07),.PIECEWISE_BEZIER_KNOTS.);
#1261 = CARTESIAN_POINT('',(24.2,-31.94951455548));
#1262 = CARTESIAN_POINT('',(-6.E-07,-31.94951455548));
#1263 = ( GEOMETRIC_REPRESENTATION_CONTEXT(2) 
PARAMETRIC_REPRESENTATION_CONTEXT() REPRESENTATION_CONTEXT('2D SPACE',''
  ) );
#1264 = ORIENTED_EDGE('',*,*,#1265,.T.);
#1265 = EDGE_CURVE('',#1240,#1266,#1268,.T.);
#1266 = VERTEX_POINT('',#1267);
#1267 = CARTESIAN_POINT('',(1.25,15.44951455548,22.));
#1268 = SURFACE_CURVE('',#1269,(#1274,#1281),.PCURVE_S1.);
#1269 = CIRCLE('',#1270,15.5);
#1270 = AXIS2_PLACEMENT_3D('',#1271,#1272,#1273);
#1271 = CARTESIAN_POINT('',(0.,0.,22.));
#1272 = DIRECTION('',(0.,0.,-1.));
#1273 = DIRECTION('',(1.,0.,0.));
#1274 = PCURVE('',#462,#1275);
#1275 = DEFINITIONAL_REPRESENTATION('',(#1276),#1280);
#1276 = LINE('',#1277,#1278);
#1277 = CARTESIAN_POINT('',(-6.28318530718,-22.));
#1278 = VECTOR('',#1279,1.);
#1279 = DIRECTION('',(1.,-0.));
#1280 = ( GEOMETRIC_REPRESENTATION_CONTEXT(2) 
PARAMETRIC_REPRESENTATION_CONTEXT() REPRESENTATION_CONTEXT('2D SPACE',''
  ) );
#1281 = PCURVE('',#1282,#1287);
#1282 = PLANE('',#1283);
#1283 = AXIS2_PLACEMENT_3D('',#1284,#1285,#1286);
#1284 = CARTESIAN_POINT('',(-1.25,-16.5,22.));
#1285 = DIRECTION('',(0.,0.,1.));
#1286 = DIRECTION('',(1.,0.,0.));
#1287 = DEFINITIONAL_REPRESENTATION('',(#1288),#1296);
#1288 = ( BOUNDED_CURVE() B_SPLINE_CURVE(2,(#1289,#1290,#1291,#1292,
#1293,#1294,#1295),.UNSPECIFIED.,.T.,.F.) B_SPLINE_CURVE_WITH_KNOTS((1,2
    ,2,2,2,1),(-2.094395102393,0.,2.094395102393,4.188790204786,
6.28318530718,8.377580409573),.UNSPECIFIED.) CURVE() 
GEOMETRIC_REPRESENTATION_ITEM() RATIONAL_B_SPLINE_CURVE((1.,0.5,1.,0.5,
1.,0.5,1.)) REPRESENTATION_ITEM('') );
#1289 = CARTESIAN_POINT('',(16.75,16.5));
#1290 = CARTESIAN_POINT('',(16.75,-10.34678751731));
#1291 = CARTESIAN_POINT('',(-6.5,3.076606241341));
#1292 = CARTESIAN_POINT('',(-29.75,16.5));
#1293 = CARTESIAN_POINT('',(-6.5,29.923393758659));
#1294 = CARTESIAN_POINT('',(16.75,43.346787517318));
#1295 = CARTESIAN_POINT('',(16.75,16.5));
#1296 = ( GEOMETRIC_REPRESENTATION_CONTEXT(2) 
PARAMETRIC_REPRESENTATION_CONTEXT() REPRESENTATION_CONTEXT('2D SPACE',''
  ) );
#1297 = ORIENTED_EDGE('',*,*,#1298,.T.);
#1298 = EDGE_CURVE('',#1266,#1299,#1301,.T.);
#1299 = VERTEX_POINT('',#1300);
#1300 = CARTESIAN_POINT('',(1.25,15.44951455548,12.15217186218));
#1301 = SURFACE_CURVE('',#1302,(#1306,#1312),.PCURVE_S1.);
#1302 = LINE('',#1303,#1304);
#1303 = CARTESIAN_POINT('',(1.25,15.44951455548,0.));
#1304 = VECTOR('',#1305,1.);
#1305 = DIRECTION('',(-0.,-0.,-1.));
#1306 = PCURVE('',#462,#1307);
#1307 = DEFINITIONAL_REPRESENTATION('',(#1308),#1311);
#1308 = B_SPLINE_CURVE_WITH_KNOTS('',1,(#1309,#1310),.UNSPECIFIED.,.F.,
  .F.,(2,2),(-24.2,6.E-07),.PIECEWISE_BEZIER_KNOTS.);
#1309 = CARTESIAN_POINT('',(-1.490063494135,-24.2));
#1310 = CARTESIAN_POINT('',(-1.490063494135,6.E-07));
#1311 = ( GEOMETRIC_REPRESENTATION_CONTEXT(2) 
PARAMETRIC_REPRESENTATION_CONTEXT() REPRESENTATION_CONTEXT('2D SPACE',''
  ) );
#1312 = PCURVE('',#1313,#1318);
#1313 = PLANE('',#1314);
#1314 = AXIS2_PLACEMENT_3D('',#1315,#1316,#1317);
#1315 = CARTESIAN_POINT('',(1.25,-16.5,0.));
#1316 = DIRECTION('',(1.,0.,0.));
#1317 = DIRECTION('',(0.,0.,1.));
#1318 = DEFINITIONAL_REPRESENTATION('',(#1319),#1322);
#1319 = B_SPLINE_CURVE_WITH_KNOTS('',1,(#1320,#1321),.UNSPECIFIED.,.F.,
  .F.,(2,2),(-24.2,6.E-07),.PIECEWISE_BEZIER_KNOTS.);
#1320 = CARTESIAN_POINT('',(24.2,-31.94951455548));
#1321 = CARTESIAN_POINT('',(-6.E-07,-31.94951455548));
#1322 = ( GEOMETRIC_REPRESENTATION_CONTEXT(2) 
PARAMETRIC_REPRESENTATION_CONTEXT() REPRESENTATION_CONTEXT('2D SPACE',''
  ) );
#1323 = ORIENTED_EDGE('',*,*,#1324,.F.);
#1324 = EDGE_CURVE('',#1325,#1299,#1327,.T.);
#1325 = VERTEX_POINT('',#1326);
#1326 = CARTESIAN_POINT('',(1.25,15.44951455548,9.84782813782));
#1327 = SURFACE_CURVE('',#1328,(#1345,#1374),.PCURVE_S1.);
#1328 = B_SPLINE_CURVE_WITH_KNOTS('',8,(#1329,#1330,#1331,#1332,#1333,
    #1334,#1335,#1336,#1337,#1338,#1339,#1340,#1341,#1342,#1343,#1344),
  .UNSPECIFIED.,.F.,.F.,(9,7,9),(0.86937691394,1.,1.130638653675),
  .UNSPECIFIED.);
#1329 = CARTESIAN_POINT('',(1.249999996132,15.449514555409,
    9.847828141379));
#1330 = CARTESIAN_POINT('',(1.365040801467,15.440206783085,
    9.972636788044));
#1331 = CARTESIAN_POINT('',(1.462406336124,15.431343677371,
    10.10684800618));
#1332 = CARTESIAN_POINT('',(1.542521921348,15.423418237303,
    10.247938075463));
#1333 = CARTESIAN_POINT('',(1.605909703272,15.416784151837,
    10.393959120821));
#1334 = CARTESIAN_POINT('',(1.653057177048,15.411672252262,
    10.543356428056));
#1335 = CARTESIAN_POINT('',(1.684346403044,15.408219232013,
    10.694862100087));
#1336 = CARTESIAN_POINT('',(1.7,15.406492138057,10.847407884109));
#1337 = CARTESIAN_POINT('',(1.7,15.406492138057,11.152610301768));
#1338 = CARTESIAN_POINT('',(1.684343578844,15.408219633715,
    11.305167850993));
#1339 = CARTESIAN_POINT('',(1.653046335004,15.411673326988,
    11.45667759305));
#1340 = CARTESIAN_POINT('',(1.605898235681,15.416785340579,
    11.606057849638));
#1341 = CARTESIAN_POINT('',(1.54252120008,15.423418260129,
    11.752049513125));
#1342 = CARTESIAN_POINT('',(1.462422999084,15.431341820587,
    11.893119015937));
#1343 = CARTESIAN_POINT('',(1.365069843981,15.440204407728,
    12.027331660701));
#1344 = CARTESIAN_POINT('',(1.250000036849,15.449514545753,
    12.15217189687));
#1345 = PCURVE('',#462,#1346);
#1346 = DEFINITIONAL_REPRESENTATION('',(#1347),#1373);
#1347 = B_SPLINE_CURVE_WITH_KNOTS('',3,(#1348,#1349,#1350,#1351,#1352,
    #1353,#1354,#1355,#1356,#1357,#1358,#1359,#1360,#1361,#1362,#1363,
    #1364,#1365,#1366,#1367,#1368,#1369,#1370,#1371,#1372),
  .UNSPECIFIED.,.F.,.F.,(4,1,1,1,1,1,1,1,1,1,1,1,1,1,1,1,1,1,1,1,1,1,4),
  (0.86937691394,0.881252447565,0.893127981189,0.905003514813,
    0.916879048437,0.928754582062,0.940630115686,0.95250564931,
    0.964381182935,0.976256716559,0.988132250183,1.000007783807,
    1.011883317432,1.023758851056,1.03563438468,1.047509918305,
    1.059385451929,1.071260985553,1.083136519177,1.095012052802,
    1.106887586426,1.11876312005,1.130638653675),.QUASI_UNIFORM_KNOTS.);
#1348 = CARTESIAN_POINT('',(-1.490063494384,-9.847828141379));
#1349 = CARTESIAN_POINT('',(-1.488258209398,-9.878091387266));
#1350 = CARTESIAN_POINT('',(-1.484823479535,-9.94005016798));
#1351 = CARTESIAN_POINT('',(-1.480191800117,-10.03674349068));
#1352 = CARTESIAN_POINT('',(-1.476073499162,-10.1366291491));
#1353 = CARTESIAN_POINT('',(-1.472461301629,-10.23921817991));
#1354 = CARTESIAN_POINT('',(-1.469348099085,-10.34406247609));
#1355 = CARTESIAN_POINT('',(-1.466727132236,-10.45075673829));
#1356 = CARTESIAN_POINT('',(-1.464592208271,-10.55893166915));
#1357 = CARTESIAN_POINT('',(-1.462937890928,-10.66824962257));
#1358 = CARTESIAN_POINT('',(-1.461759687087,-10.7784008543));
#1359 = CARTESIAN_POINT('',(-1.461054229129,-10.88909586669));
#1360 = CARTESIAN_POINT('',(-1.460819464558,-11.00007301948));
#1361 = CARTESIAN_POINT('',(-1.461054840049,-11.11104851637));
#1362 = CARTESIAN_POINT('',(-1.461760875882,-11.22173790539));
#1363 = CARTESIAN_POINT('',(-1.462939564225,-11.33187848015));
#1364 = CARTESIAN_POINT('',(-1.464594189345,-11.44118029771));
#1365 = CARTESIAN_POINT('',(-1.466729177526,-11.549334117));
#1366 = CARTESIAN_POINT('',(-1.469349933073,-11.65600386889));
#1367 = CARTESIAN_POINT('',(-1.472462668114,-11.76082278228));
#1368 = CARTESIAN_POINT('',(-1.476074223588,-11.86338876738));
#1369 = CARTESIAN_POINT('',(-1.480191868976,-11.96325723629));
#1370 = CARTESIAN_POINT('',(-1.484823117897,-12.05994274877));
#1371 = CARTESIAN_POINT('',(-1.488257978118,-12.12190455702));
#1372 = CARTESIAN_POINT('',(-1.490063491715,-12.15217189687));
#1373 = ( GEOMETRIC_REPRESENTATION_CONTEXT(2) 
PARAMETRIC_REPRESENTATION_CONTEXT() REPRESENTATION_CONTEXT('2D SPACE',''
  ) );
#1374 = PCURVE('',#1375,#1380);
#1375 = CYLINDRICAL_SURFACE('',#1376,1.7);
#1376 = AXIS2_PLACEMENT_3D('',#1377,#1378,#1379);
#1377 = CARTESIAN_POINT('',(0.,0.,11.));
#1378 = DIRECTION('',(0.,-1.,0.));
#1379 = DIRECTION('',(1.,0.,0.));
#1380 = DEFINITIONAL_REPRESENTATION('',(#1381),#1407);
#1381 = B_SPLINE_CURVE_WITH_KNOTS('',3,(#1382,#1383,#1384,#1385,#1386,
    #1387,#1388,#1389,#1390,#1391,#1392,#1393,#1394,#1395,#1396,#1397,
    #1398,#1399,#1400,#1401,#1402,#1403,#1404,#1405,#1406),
  .UNSPECIFIED.,.F.,.F.,(4,1,1,1,1,1,1,1,1,1,1,1,1,1,1,1,1,1,1,1,1,1,4),
  (0.86937691394,0.881252447565,0.893127981189,0.905003514813,
    0.916879048437,0.928754582062,0.940630115686,0.95250564931,
    0.964381182935,0.976256716559,0.988132250183,1.000007783807,
    1.011883317432,1.023758851056,1.03563438468,1.047509918305,
    1.059385451929,1.071260985553,1.083136519177,1.095012052802,
    1.106887586426,1.11876312005,1.130638653675),.QUASI_UNIFORM_KNOTS.);
#1382 = CARTESIAN_POINT('',(5.538489522309,-15.4495145554));
#1383 = CARTESIAN_POINT('',(5.562695609506,-15.44725673601));
#1384 = CARTESIAN_POINT('',(5.610650623096,-15.44281449236));
#1385 = CARTESIAN_POINT('',(5.681347990788,-15.436471327));
#1386 = CARTESIAN_POINT('',(5.750949245139,-15.43055408958));
#1387 = CARTESIAN_POINT('',(5.819583941782,-15.42514851206));
#1388 = CARTESIAN_POINT('',(5.887377543506,-15.42032837637));
#1389 = CARTESIAN_POINT('',(5.954451864947,-15.41615457206));
#1390 = CARTESIAN_POINT('',(6.020926740764,-15.41267657529));
#1391 = CARTESIAN_POINT('',(6.086921105187,-15.40993324886));
#1392 = CARTESIAN_POINT('',(6.152554759377,-15.40795375047));
#1393 = CARTESIAN_POINT('',(6.217947658354,-15.40675829566));
#1394 = CARTESIAN_POINT('',(6.283228229851,-15.40635879746));
#1395 = CARTESIAN_POINT('',(6.348508007086,-15.40675934382));
#1396 = CARTESIAN_POINT('',(6.413898125665,-15.40795577014));
#1397 = CARTESIAN_POINT('',(6.479526317471,-15.40993604295));
#1398 = CARTESIAN_POINT('',(6.545512090822,-15.41267982215));
#1399 = CARTESIAN_POINT('',(6.611975278436,-15.4161578565));
#1400 = CARTESIAN_POINT('',(6.679035462005,-15.42033125265));
#1401 = CARTESIAN_POINT('',(6.746813747986,-15.42515059216));
#1402 = CARTESIAN_POINT('',(6.815433775964,-15.430555147));
#1403 = CARTESIAN_POINT('',(6.885023334694,-15.43647140506));
#1404 = CARTESIAN_POINT('',(6.955714684517,-15.44281399752));
#1405 = CARTESIAN_POINT('',(7.003671842074,-15.447256424));
#1406 = CARTESIAN_POINT('',(7.027881092361,-15.44951454575));
#1407 = ( GEOMETRIC_REPRESENTATION_CONTEXT(2) 
PARAMETRIC_REPRESENTATION_CONTEXT() REPRESENTATION_CONTEXT('2D SPACE',''
  ) );
#1408 = ORIENTED_EDGE('',*,*,#1409,.T.);
#1409 = EDGE_CURVE('',#1325,#1410,#1412,.T.);
#1410 = VERTEX_POINT('',#1411);
#1411 = CARTESIAN_POINT('',(1.25,15.44951455548,0.));
#1412 = SURFACE_CURVE('',#1413,(#1417,#1423),.PCURVE_S1.);
#1413 = LINE('',#1414,#1415);
#1414 = CARTESIAN_POINT('',(1.25,15.44951455548,0.));
#1415 = VECTOR('',#1416,1.);
#1416 = DIRECTION('',(-0.,-0.,-1.));
#1417 = PCURVE('',#462,#1418);
#1418 = DEFINITIONAL_REPRESENTATION('',(#1419),#1422);
#1419 = B_SPLINE_CURVE_WITH_KNOTS('',1,(#1420,#1421),.UNSPECIFIED.,.F.,
  .F.,(2,2),(-24.2,6.E-07),.PIECEWISE_BEZIER_KNOTS.);
#1420 = CARTESIAN_POINT('',(-1.490063494135,-24.2));
#1421 = CARTESIAN_POINT('',(-1.490063494135,6.E-07));
#1422 = ( GEOMETRIC_REPRESENTATION_CONTEXT(2) 
PARAMETRIC_REPRESENTATION_CONTEXT() REPRESENTATION_CONTEXT('2D SPACE',''
  ) );
#1423 = PCURVE('',#1424,#1429);
#1424 = PLANE('',#1425);
#1425 = AXIS2_PLACEMENT_3D('',#1426,#1427,#1428);
#1426 = CARTESIAN_POINT('',(1.25,-16.5,0.));
#1427 = DIRECTION('',(1.,0.,0.));
#1428 = DIRECTION('',(0.,0.,1.));
#1429 = DEFINITIONAL_REPRESENTATION('',(#1430),#1433);
#1430 = B_SPLINE_CURVE_WITH_KNOTS('',1,(#1431,#1432),.UNSPECIFIED.,.F.,
  .F.,(2,2),(-24.2,6.E-07),.PIECEWISE_BEZIER_KNOTS.);
#1431 = CARTESIAN_POINT('',(24.2,-31.94951455548));
#1432 = CARTESIAN_POINT('',(-6.E-07,-31.94951455548));
#1433 = ( GEOMETRIC_REPRESENTATION_CONTEXT(2) 
PARAMETRIC_REPRESENTATION_CONTEXT() REPRESENTATION_CONTEXT('2D SPACE',''
  ) );
#1434 = ORIENTED_EDGE('',*,*,#1435,.F.);
#1435 = EDGE_CURVE('',#567,#1410,#1436,.T.);
#1436 = SURFACE_CURVE('',#1437,(#1442,#1449),.PCURVE_S1.);
#1437 = CIRCLE('',#1438,15.5);
#1438 = AXIS2_PLACEMENT_3D('',#1439,#1440,#1441);
#1439 = CARTESIAN_POINT('',(0.,0.,0.));
#1440 = DIRECTION('',(0.,0.,1.));
#1441 = DIRECTION('',(1.,0.,0.));
#1442 = PCURVE('',#462,#1443);
#1443 = DEFINITIONAL_REPRESENTATION('',(#1444),#1448);
#1444 = LINE('',#1445,#1446);
#1445 = CARTESIAN_POINT('',(-0.,0.));
#1446 = VECTOR('',#1447,1.);
#1447 = DIRECTION('',(-1.,0.));
#1448 = ( GEOMETRIC_REPRESENTATION_CONTEXT(2) 
PARAMETRIC_REPRESENTATION_CONTEXT() REPRESENTATION_CONTEXT('2D SPACE',''
  ) );
#1449 = PCURVE('',#606,#1450);
#1450 = DEFINITIONAL_REPRESENTATION('',(#1451),#1455);
#1451 = CIRCLE('',#1452,15.5);
#1452 = AXIS2_PLACEMENT_2D('',#1453,#1454);
#1453 = CARTESIAN_POINT('',(7.057755522784E-16,-7.788169249974E-16));
#1454 = DIRECTION('',(1.,0.));
#1455 = ( GEOMETRIC_REPRESENTATION_CONTEXT(2) 
PARAMETRIC_REPRESENTATION_CONTEXT() REPRESENTATION_CONTEXT('2D SPACE',''
  ) );
#1456 = ORIENTED_EDGE('',*,*,#566,.T.);
#1457 = ORIENTED_EDGE('',*,*,#445,.T.);
#1458 = ADVANCED_FACE('',(#1459),#1424,.F.);
#1459 = FACE_BOUND('',#1460,.F.);
#1460 = EDGE_LOOP('',(#1461,#1482,#1508,#1529));
#1461 = ORIENTED_EDGE('',*,*,#1462,.T.);
#1462 = EDGE_CURVE('',#1325,#1463,#1465,.T.);
#1463 = VERTEX_POINT('',#1464);
#1464 = CARTESIAN_POINT('',(1.25,12.588089608833,9.84782813782));
#1465 = SURFACE_CURVE('',#1466,(#1470,#1476),.PCURVE_S1.);
#1466 = LINE('',#1467,#1468);
#1467 = CARTESIAN_POINT('',(1.25,0.,9.84782813782));
#1468 = VECTOR('',#1469,1.);
#1469 = DIRECTION('',(0.,-1.,0.));
#1470 = PCURVE('',#1424,#1471);
#1471 = DEFINITIONAL_REPRESENTATION('',(#1472),#1475);
#1472 = B_SPLINE_CURVE_WITH_KNOTS('',1,(#1473,#1474),.UNSPECIFIED.,.F.,
  .F.,(2,2),(-15.73565705014,-12.30194711416),.PIECEWISE_BEZIER_KNOTS.);
#1473 = CARTESIAN_POINT('',(9.84782813782,-32.23565705014));
#1474 = CARTESIAN_POINT('',(9.84782813782,-28.80194711416));
#1475 = ( GEOMETRIC_REPRESENTATION_CONTEXT(2) 
PARAMETRIC_REPRESENTATION_CONTEXT() REPRESENTATION_CONTEXT('2D SPACE',''
  ) );
#1476 = PCURVE('',#1375,#1477);
#1477 = DEFINITIONAL_REPRESENTATION('',(#1478),#1481);
#1478 = B_SPLINE_CURVE_WITH_KNOTS('',1,(#1479,#1480),.UNSPECIFIED.,.F.,
  .F.,(2,2),(-15.44951455548,-12.58808960883),.PIECEWISE_BEZIER_KNOTS.);
#1479 = CARTESIAN_POINT('',(5.538489522312,-15.44951455548));
#1480 = CARTESIAN_POINT('',(5.538489522312,-12.58808960883));
#1481 = ( GEOMETRIC_REPRESENTATION_CONTEXT(2) 
PARAMETRIC_REPRESENTATION_CONTEXT() REPRESENTATION_CONTEXT('2D SPACE',''
  ) );
#1482 = ORIENTED_EDGE('',*,*,#1483,.T.);
#1483 = EDGE_CURVE('',#1463,#1484,#1486,.T.);
#1484 = VERTEX_POINT('',#1485);
#1485 = CARTESIAN_POINT('',(1.25,12.588089608833,0.));
#1486 = SURFACE_CURVE('',#1487,(#1491,#1497),.PCURVE_S1.);
#1487 = LINE('',#1488,#1489);
#1488 = CARTESIAN_POINT('',(1.25,12.588089608833,0.));
#1489 = VECTOR('',#1490,1.);
#1490 = DIRECTION('',(-0.,-0.,-1.));
#1491 = PCURVE('',#1424,#1492);
#1492 = DEFINITIONAL_REPRESENTATION('',(#1493),#1496);
#1493 = B_SPLINE_CURVE_WITH_KNOTS('',1,(#1494,#1495),.UNSPECIFIED.,.F.,
  .F.,(2,2),(-24.0000006,6.E-07),.PIECEWISE_BEZIER_KNOTS.);
#1494 = CARTESIAN_POINT('',(24.0000006,-29.08808960883));
#1495 = CARTESIAN_POINT('',(-6.E-07,-29.08808960883));
#1496 = ( GEOMETRIC_REPRESENTATION_CONTEXT(2) 
PARAMETRIC_REPRESENTATION_CONTEXT() REPRESENTATION_CONTEXT('2D SPACE',''
  ) );
#1497 = PCURVE('',#1498,#1503);
#1498 = CYLINDRICAL_SURFACE('',#1499,12.65);
#1499 = AXIS2_PLACEMENT_3D('',#1500,#1501,#1502);
#1500 = CARTESIAN_POINT('',(0.,0.,0.));
#1501 = DIRECTION('',(-0.,-0.,-1.));
#1502 = DIRECTION('',(1.,0.,0.));
#1503 = DEFINITIONAL_REPRESENTATION('',(#1504),#1507);
#1504 = B_SPLINE_CURVE_WITH_KNOTS('',1,(#1505,#1506),.UNSPECIFIED.,.F.,
  .F.,(2,2),(-24.0000006,6.E-07),.PIECEWISE_BEZIER_KNOTS.);
#1505 = CARTESIAN_POINT('',(-1.471820578998,-24.0000006));
#1506 = CARTESIAN_POINT('',(-1.471820578998,6.E-07));
#1507 = ( GEOMETRIC_REPRESENTATION_CONTEXT(2) 
PARAMETRIC_REPRESENTATION_CONTEXT() REPRESENTATION_CONTEXT('2D SPACE',''
  ) );
#1508 = ORIENTED_EDGE('',*,*,#1509,.T.);
#1509 = EDGE_CURVE('',#1484,#1410,#1510,.T.);
#1510 = SURFACE_CURVE('',#1511,(#1515,#1522),.PCURVE_S1.);
#1511 = LINE('',#1512,#1513);
#1512 = CARTESIAN_POINT('',(1.25,-16.5,0.));
#1513 = VECTOR('',#1514,1.);
#1514 = DIRECTION('',(0.,1.,0.));
#1515 = PCURVE('',#1424,#1516);
#1516 = DEFINITIONAL_REPRESENTATION('',(#1517),#1521);
#1517 = LINE('',#1518,#1519);
#1518 = CARTESIAN_POINT('',(0.,0.));
#1519 = VECTOR('',#1520,1.);
#1520 = DIRECTION('',(0.,-1.));
#1521 = ( GEOMETRIC_REPRESENTATION_CONTEXT(2) 
PARAMETRIC_REPRESENTATION_CONTEXT() REPRESENTATION_CONTEXT('2D SPACE',''
  ) );
#1522 = PCURVE('',#606,#1523);
#1523 = DEFINITIONAL_REPRESENTATION('',(#1524),#1528);
#1524 = LINE('',#1525,#1526);
#1525 = CARTESIAN_POINT('',(1.25,-16.5));
#1526 = VECTOR('',#1527,1.);
#1527 = DIRECTION('',(0.,1.));
#1528 = ( GEOMETRIC_REPRESENTATION_CONTEXT(2) 
PARAMETRIC_REPRESENTATION_CONTEXT() REPRESENTATION_CONTEXT('2D SPACE',''
  ) );
#1529 = ORIENTED_EDGE('',*,*,#1409,.F.);
#1530 = ADVANCED_FACE('',(#1531),#1498,.F.);
#1531 = FACE_BOUND('',#1532,.T.);
#1532 = EDGE_LOOP('',(#1533,#1558,#1582,#1603,#1683,#1704,#1732,#1753,
    #1920,#1941,#1965,#1986,#2153,#2174,#2202,#2223,#2301,#2302,#2324,
    #2325));
#1533 = ORIENTED_EDGE('',*,*,#1534,.F.);
#1534 = EDGE_CURVE('',#1535,#1537,#1539,.T.);
#1535 = VERTEX_POINT('',#1536);
#1536 = CARTESIAN_POINT('',(12.65,0.,0.));
#1537 = VERTEX_POINT('',#1538);
#1538 = CARTESIAN_POINT('',(12.65,0.,24.));
#1539 = SEAM_CURVE('',#1540,(#1544,#1551),.PCURVE_S1.);
#1540 = LINE('',#1541,#1542);
#1541 = CARTESIAN_POINT('',(12.65,0.,0.));
#1542 = VECTOR('',#1543,1.);
#1543 = DIRECTION('',(0.,0.,1.));
#1544 = PCURVE('',#1498,#1545);
#1545 = DEFINITIONAL_REPRESENTATION('',(#1546),#1550);
#1546 = LINE('',#1547,#1548);
#1547 = CARTESIAN_POINT('',(-6.28318530718,0.));
#1548 = VECTOR('',#1549,1.);
#1549 = DIRECTION('',(-0.,-1.));
#1550 = ( GEOMETRIC_REPRESENTATION_CONTEXT(2) 
PARAMETRIC_REPRESENTATION_CONTEXT() REPRESENTATION_CONTEXT('2D SPACE',''
  ) );
#1551 = PCURVE('',#1498,#1552);
#1552 = DEFINITIONAL_REPRESENTATION('',(#1553),#1557);
#1553 = LINE('',#1554,#1555);
#1554 = CARTESIAN_POINT('',(-0.,0.));
#1555 = VECTOR('',#1556,1.);
#1556 = DIRECTION('',(-0.,-1.));
#1557 = ( GEOMETRIC_REPRESENTATION_CONTEXT(2) 
PARAMETRIC_REPRESENTATION_CONTEXT() REPRESENTATION_CONTEXT('2D SPACE',''
  ) );
#1558 = ORIENTED_EDGE('',*,*,#1559,.F.);
#1559 = EDGE_CURVE('',#1560,#1535,#1562,.T.);
#1560 = VERTEX_POINT('',#1561);
#1561 = CARTESIAN_POINT('',(1.25,-12.58808960883,0.));
#1562 = SURFACE_CURVE('',#1563,(#1568,#1575),.PCURVE_S1.);
#1563 = CIRCLE('',#1564,12.65);
#1564 = AXIS2_PLACEMENT_3D('',#1565,#1566,#1567);
#1565 = CARTESIAN_POINT('',(0.,0.,0.));
#1566 = DIRECTION('',(0.,0.,1.));
#1567 = DIRECTION('',(1.,0.,0.));
#1568 = PCURVE('',#1498,#1569);
#1569 = DEFINITIONAL_REPRESENTATION('',(#1570),#1574);
#1570 = LINE('',#1571,#1572);
#1571 = CARTESIAN_POINT('',(-0.,0.));
#1572 = VECTOR('',#1573,1.);
#1573 = DIRECTION('',(-1.,0.));
#1574 = ( GEOMETRIC_REPRESENTATION_CONTEXT(2) 
PARAMETRIC_REPRESENTATION_CONTEXT() REPRESENTATION_CONTEXT('2D SPACE',''
  ) );
#1575 = PCURVE('',#606,#1576);
#1576 = DEFINITIONAL_REPRESENTATION('',(#1577),#1581);
#1577 = CIRCLE('',#1578,12.65);
#1578 = AXIS2_PLACEMENT_2D('',#1579,#1580);
#1579 = CARTESIAN_POINT('',(7.057755522784E-16,-7.788169249974E-16));
#1580 = DIRECTION('',(1.,0.));
#1581 = ( GEOMETRIC_REPRESENTATION_CONTEXT(2) 
PARAMETRIC_REPRESENTATION_CONTEXT() REPRESENTATION_CONTEXT('2D SPACE',''
  ) );
#1582 = ORIENTED_EDGE('',*,*,#1583,.F.);
#1583 = EDGE_CURVE('',#1584,#1560,#1586,.T.);
#1584 = VERTEX_POINT('',#1585);
#1585 = CARTESIAN_POINT('',(1.25,-12.58808960883,9.84782813782));
#1586 = SURFACE_CURVE('',#1587,(#1591,#1597),.PCURVE_S1.);
#1587 = LINE('',#1588,#1589);
#1588 = CARTESIAN_POINT('',(1.25,-12.58808960883,0.));
#1589 = VECTOR('',#1590,1.);
#1590 = DIRECTION('',(-0.,-0.,-1.));
#1591 = PCURVE('',#1498,#1592);
#1592 = DEFINITIONAL_REPRESENTATION('',(#1593),#1596);
#1593 = B_SPLINE_CURVE_WITH_KNOTS('',1,(#1594,#1595),.UNSPECIFIED.,.F.,
  .F.,(2,2),(-24.0000006,6.E-07),.PIECEWISE_BEZIER_KNOTS.);
#1594 = CARTESIAN_POINT('',(-4.811364728181,-24.0000006));
#1595 = CARTESIAN_POINT('',(-4.811364728181,6.E-07));
#1596 = ( GEOMETRIC_REPRESENTATION_CONTEXT(2) 
PARAMETRIC_REPRESENTATION_CONTEXT() REPRESENTATION_CONTEXT('2D SPACE',''
  ) );
#1597 = PCURVE('',#633,#1598);
#1598 = DEFINITIONAL_REPRESENTATION('',(#1599),#1602);
#1599 = B_SPLINE_CURVE_WITH_KNOTS('',1,(#1600,#1601),.UNSPECIFIED.,.F.,
  .F.,(2,2),(-24.0000006,6.E-07),.PIECEWISE_BEZIER_KNOTS.);
#1600 = CARTESIAN_POINT('',(24.0000006,-3.911910391167));
#1601 = CARTESIAN_POINT('',(-6.E-07,-3.911910391167));
#1602 = ( GEOMETRIC_REPRESENTATION_CONTEXT(2) 
PARAMETRIC_REPRESENTATION_CONTEXT() REPRESENTATION_CONTEXT('2D SPACE',''
  ) );
#1603 = ORIENTED_EDGE('',*,*,#1604,.F.);
#1604 = EDGE_CURVE('',#1605,#1584,#1607,.T.);
#1605 = VERTEX_POINT('',#1606);
#1606 = CARTESIAN_POINT('',(1.25,-12.58808960883,12.15217186218));
#1607 = SURFACE_CURVE('',#1608,(#1625,#1654),.PCURVE_S1.);
#1608 = B_SPLINE_CURVE_WITH_KNOTS('',8,(#1609,#1610,#1611,#1612,#1613,
    #1614,#1615,#1616,#1617,#1618,#1619,#1620,#1621,#1622,#1623,#1624),
  .UNSPECIFIED.,.F.,.F.,(9,7,9),(0.,0.131041781784,0.262073550916),
  .UNSPECIFIED.);
#1609 = CARTESIAN_POINT('',(1.25000003593,-12.58808959733,
    12.152171896351));
#1610 = CARTESIAN_POINT('',(1.364996386972,-12.57667044609,
    12.027411355546));
#1611 = CARTESIAN_POINT('',(1.462320175959,-12.56579376534,
    11.893267072274));
#1612 = CARTESIAN_POINT('',(1.542423294722,-12.55606234643,
    11.75224078237));
#1613 = CARTESIAN_POINT('',(1.605826355489,-12.54791008199,
    11.606259319893));
#1614 = CARTESIAN_POINT('',(1.653007084414,-12.54162356839,
    11.456855506912));
#1615 = CARTESIAN_POINT('',(1.68433080287,-12.53737521819,
    11.305295019073));
#1616 = CARTESIAN_POINT('',(1.7,-12.53525029666,11.152672475298));
#1617 = CARTESIAN_POINT('',(1.7,-12.53525029666,10.847339190115));
#1618 = CARTESIAN_POINT('',(1.684332301651,-12.53737490848,
    10.694729146272));
#1619 = CARTESIAN_POINT('',(1.653016493038,-12.54162243556,
    10.543176752784));
#1620 = CARTESIAN_POINT('',(1.605837857539,-12.54790859751,
    10.393760137887));
#1621 = CARTESIAN_POINT('',(1.542426076834,-12.55606204166,
    10.247751716773));
#1622 = CARTESIAN_POINT('',(1.462306744399,-12.56579567004,
    10.106704752252));
#1623 = CARTESIAN_POINT('',(1.364969925058,-12.57667310398,
    9.972559892001));
#1624 = CARTESIAN_POINT('',(1.249999996193,-12.58808960881,
    9.847828141327));
#1625 = PCURVE('',#1498,#1626);
#1626 = DEFINITIONAL_REPRESENTATION('',(#1627),#1653);
#1627 = B_SPLINE_CURVE_WITH_KNOTS('',3,(#1628,#1629,#1630,#1631,#1632,
    #1633,#1634,#1635,#1636,#1637,#1638,#1639,#1640,#1641,#1642,#1643,
    #1644,#1645,#1646,#1647,#1648,#1649,#1650,#1651,#1652),
  .UNSPECIFIED.,.F.,.F.,(4,1,1,1,1,1,1,1,1,1,1,1,1,1,1,1,1,1,1,1,1,1,4),
  (0.,1.191243413254E-02,2.382486826509E-02,3.573730239763E-02,
    4.764973653018E-02,5.956217066272E-02,7.147460479527E-02,
    8.338703892781E-02,9.529947306036E-02,0.107211907193,0.119124341325,
    0.131036775458,0.142949209591,0.154861643723,0.166774077856,
    0.178686511988,0.190598946121,0.202511380253,0.214423814386,
    0.226336248518,0.238248682651,0.250161116783,0.262073550916),
  .QUASI_UNIFORM_KNOTS.);
#1628 = CARTESIAN_POINT('',(-4.811364731097,-12.15217189635));
#1629 = CARTESIAN_POINT('',(-4.813579291149,-12.12192328943));
#1630 = CARTESIAN_POINT('',(-4.817793226104,-12.05999690786));
#1631 = CARTESIAN_POINT('',(-4.823477169263,-11.9633561138));
#1632 = CARTESIAN_POINT('',(-4.82853272507,-11.8635213448));
#1633 = CARTESIAN_POINT('',(-4.8329685503,-11.7609764692));
#1634 = CARTESIAN_POINT('',(-4.836793019001,-11.65616520402));
#1635 = CARTESIAN_POINT('',(-4.84001401018,-11.54948957037));
#1636 = CARTESIAN_POINT('',(-4.842638677592,-11.44131704284));
#1637 = CARTESIAN_POINT('',(-4.844673243969,-11.33198516061));
#1638 = CARTESIAN_POINT('',(-4.846122805391,-11.22180535287));
#1639 = CARTESIAN_POINT('',(-4.846991142793,-11.1110704883));
#1640 = CARTESIAN_POINT('',(-4.847280549096,-11.00004664611));
#1641 = CARTESIAN_POINT('',(-4.846991622847,-10.88902289714));
#1642 = CARTESIAN_POINT('',(-4.846123768223,-10.77828663527));
#1643 = CARTESIAN_POINT('',(-4.84467464116,-10.66810201891));
#1644 = CARTESIAN_POINT('',(-4.842640368349,-10.55876071595));
#1645 = CARTESIAN_POINT('',(-4.840015770263,-10.45057402852));
#1646 = CARTESIAN_POINT('',(-4.836794575418,-10.34388056788));
#1647 = CARTESIAN_POINT('',(-4.83296963892,-10.23904996034));
#1648 = CARTESIAN_POINT('',(-4.828533164513,-10.13648719131));
#1649 = CARTESIAN_POINT('',(-4.823476958465,-10.03663937959));
#1650 = CARTESIAN_POINT('',(-4.817792641167,-9.93999390708));
#1651 = CARTESIAN_POINT('',(-4.813578962617,-9.878072044122));
#1652 = CARTESIAN_POINT('',(-4.811364727882,-9.847828141327));
#1653 = ( GEOMETRIC_REPRESENTATION_CONTEXT(2) 
PARAMETRIC_REPRESENTATION_CONTEXT() REPRESENTATION_CONTEXT('2D SPACE',''
  ) );
#1654 = PCURVE('',#695,#1655);
#1655 = DEFINITIONAL_REPRESENTATION('',(#1656),#1682);
#1656 = B_SPLINE_CURVE_WITH_KNOTS('',3,(#1657,#1658,#1659,#1660,#1661,
    #1662,#1663,#1664,#1665,#1666,#1667,#1668,#1669,#1670,#1671,#1672,
    #1673,#1674,#1675,#1676,#1677,#1678,#1679,#1680,#1681),
  .UNSPECIFIED.,.F.,.F.,(4,1,1,1,1,1,1,1,1,1,1,1,1,1,1,1,1,1,1,1,1,1,4),
  (0.,1.191243413254E-02,2.382486826509E-02,3.573730239763E-02,
    4.764973653018E-02,5.956217066272E-02,7.147460479527E-02,
    8.338703892781E-02,9.529947306036E-02,0.107211907193,0.119124341325,
    0.131036775458,0.142949209591,0.154861643723,0.166774077856,
    0.178686511988,0.190598946121,0.202511380253,0.214423814386,
    0.226336248518,0.238248682651,0.250161116783,0.262073550916),
  .QUASI_UNIFORM_KNOTS.);
#1657 = CARTESIAN_POINT('',(-7.027881092503,-12.58808959733));
#1658 = CARTESIAN_POINT('',(-7.00368678824,-12.58531990712));
#1659 = CARTESIAN_POINT('',(-6.955756043895,-12.57986999442));
#1660 = CARTESIAN_POINT('',(-6.885094225988,-12.57208610153));
#1661 = CARTESIAN_POINT('',(-6.815524414679,-12.56482265639));
#1662 = CARTESIAN_POINT('',(-6.746914811238,-12.55818498562));
#1663 = CARTESIAN_POINT('',(-6.679138218728,-12.55226398509));
#1664 = CARTESIAN_POINT('',(-6.612071749306,-12.54713495053));
#1665 = CARTESIAN_POINT('',(-6.545595219031,-12.54285931577));
#1666 = CARTESIAN_POINT('',(-6.479590157771,-12.53948555696));
#1667 = CARTESIAN_POINT('',(-6.413938039047,-12.53705021929));
#1668 = CARTESIAN_POINT('',(-6.348520910003,-12.53557876409));
#1669 = CARTESIAN_POINT('',(-6.283212727267,-12.53508626992));
#1670 = CARTESIAN_POINT('',(-6.217904712182,-12.53557793669));
#1671 = CARTESIAN_POINT('',(-6.152487109116,-12.53704857904));
#1672 = CARTESIAN_POINT('',(-6.086832724292,-12.53948322399));
#1673 = CARTESIAN_POINT('',(-6.020822771159,-12.5428565478));
#1674 = CARTESIAN_POINT('',(-5.954338438138,-12.54713212675));
#1675 = CARTESIAN_POINT('',(-5.887261647411,-12.55226154415));
#1676 = CARTESIAN_POINT('',(-5.819473291165,-12.55818332667));
#1677 = CARTESIAN_POINT('',(-5.750852168311,-12.5648220153));
#1678 = CARTESIAN_POINT('',(-5.681273328244,-12.57208641612));
#1679 = CARTESIAN_POINT('',(-5.61060764836,-12.57987078516));
#1680 = CARTESIAN_POINT('',(-5.562680174205,-12.58532034504));
#1681 = CARTESIAN_POINT('',(-5.538489522311,-12.58808960881));
#1682 = ( GEOMETRIC_REPRESENTATION_CONTEXT(2) 
PARAMETRIC_REPRESENTATION_CONTEXT() REPRESENTATION_CONTEXT('2D SPACE',''
  ) );
#1683 = ORIENTED_EDGE('',*,*,#1684,.F.);
#1684 = EDGE_CURVE('',#1685,#1605,#1687,.T.);
#1685 = VERTEX_POINT('',#1686);
#1686 = CARTESIAN_POINT('',(1.25,-12.58808960883,22.));
#1687 = SURFACE_CURVE('',#1688,(#1692,#1698),.PCURVE_S1.);
#1688 = LINE('',#1689,#1690);
#1689 = CARTESIAN_POINT('',(1.25,-12.58808960883,0.));
#1690 = VECTOR('',#1691,1.);
#1691 = DIRECTION('',(-0.,-0.,-1.));
#1692 = PCURVE('',#1498,#1693);
#1693 = DEFINITIONAL_REPRESENTATION('',(#1694),#1697);
#1694 = B_SPLINE_CURVE_WITH_KNOTS('',1,(#1695,#1696),.UNSPECIFIED.,.F.,
  .F.,(2,2),(-24.0000006,6.E-07),.PIECEWISE_BEZIER_KNOTS.);
#1695 = CARTESIAN_POINT('',(-4.811364728181,-24.0000006));
#1696 = CARTESIAN_POINT('',(-4.811364728181,6.E-07));
#1697 = ( GEOMETRIC_REPRESENTATION_CONTEXT(2) 
PARAMETRIC_REPRESENTATION_CONTEXT() REPRESENTATION_CONTEXT('2D SPACE',''
  ) );
#1698 = PCURVE('',#744,#1699);
#1699 = DEFINITIONAL_REPRESENTATION('',(#1700),#1703);
#1700 = B_SPLINE_CURVE_WITH_KNOTS('',1,(#1701,#1702),.UNSPECIFIED.,.F.,
  .F.,(2,2),(-24.0000006,6.E-07),.PIECEWISE_BEZIER_KNOTS.);
#1701 = CARTESIAN_POINT('',(24.0000006,-3.911910391167));
#1702 = CARTESIAN_POINT('',(-6.E-07,-3.911910391167));
#1703 = ( GEOMETRIC_REPRESENTATION_CONTEXT(2) 
PARAMETRIC_REPRESENTATION_CONTEXT() REPRESENTATION_CONTEXT('2D SPACE',''
  ) );
#1704 = ORIENTED_EDGE('',*,*,#1705,.T.);
#1705 = EDGE_CURVE('',#1685,#1706,#1708,.T.);
#1706 = VERTEX_POINT('',#1707);
#1707 = CARTESIAN_POINT('',(-1.25,-12.58808960883,22.));
#1708 = SURFACE_CURVE('',#1709,(#1714,#1721),.PCURVE_S1.);
#1709 = CIRCLE('',#1710,12.65);
#1710 = AXIS2_PLACEMENT_3D('',#1711,#1712,#1713);
#1711 = CARTESIAN_POINT('',(0.,0.,22.));
#1712 = DIRECTION('',(0.,0.,-1.));
#1713 = DIRECTION('',(1.,0.,0.));
#1714 = PCURVE('',#1498,#1715);
#1715 = DEFINITIONAL_REPRESENTATION('',(#1716),#1720);
#1716 = LINE('',#1717,#1718);
#1717 = CARTESIAN_POINT('',(-6.28318530718,-22.));
#1718 = VECTOR('',#1719,1.);
#1719 = DIRECTION('',(1.,-0.));
#1720 = ( GEOMETRIC_REPRESENTATION_CONTEXT(2) 
PARAMETRIC_REPRESENTATION_CONTEXT() REPRESENTATION_CONTEXT('2D SPACE',''
  ) );
#1721 = PCURVE('',#772,#1722);
#1722 = DEFINITIONAL_REPRESENTATION('',(#1723),#1731);
#1723 = ( BOUNDED_CURVE() B_SPLINE_CURVE(2,(#1724,#1725,#1726,#1727,
#1728,#1729,#1730),.UNSPECIFIED.,.T.,.F.) B_SPLINE_CURVE_WITH_KNOTS((1,2
    ,2,2,2,1),(-2.094395102393,0.,2.094395102393,4.188790204786,
6.28318530718,8.377580409573),.UNSPECIFIED.) CURVE() 
GEOMETRIC_REPRESENTATION_ITEM() RATIONAL_B_SPLINE_CURVE((1.,0.5,1.,0.5,
1.,0.5,1.)) REPRESENTATION_ITEM('') );
#1724 = CARTESIAN_POINT('',(13.9,16.5));
#1725 = CARTESIAN_POINT('',(13.9,-5.410442715746));
#1726 = CARTESIAN_POINT('',(-5.075,5.544778642127));
#1727 = CARTESIAN_POINT('',(-24.05,16.5));
#1728 = CARTESIAN_POINT('',(-5.075,27.455221357873));
#1729 = CARTESIAN_POINT('',(13.9,38.410442715746));
#1730 = CARTESIAN_POINT('',(13.9,16.5));
#1731 = ( GEOMETRIC_REPRESENTATION_CONTEXT(2) 
PARAMETRIC_REPRESENTATION_CONTEXT() REPRESENTATION_CONTEXT('2D SPACE',''
  ) );
#1732 = ORIENTED_EDGE('',*,*,#1733,.T.);
#1733 = EDGE_CURVE('',#1706,#1734,#1736,.T.);
#1734 = VERTEX_POINT('',#1735);
#1735 = CARTESIAN_POINT('',(-1.25,-12.58808960883,12.15217186218));
#1736 = SURFACE_CURVE('',#1737,(#1741,#1747),.PCURVE_S1.);
#1737 = LINE('',#1738,#1739);
#1738 = CARTESIAN_POINT('',(-1.25,-12.58808960883,0.));
#1739 = VECTOR('',#1740,1.);
#1740 = DIRECTION('',(-0.,-0.,-1.));
#1741 = PCURVE('',#1498,#1742);
#1742 = DEFINITIONAL_REPRESENTATION('',(#1743),#1746);
#1743 = B_SPLINE_CURVE_WITH_KNOTS('',1,(#1744,#1745),.UNSPECIFIED.,.F.,
  .F.,(2,2),(-24.0000006,6.E-07),.PIECEWISE_BEZIER_KNOTS.);
#1744 = CARTESIAN_POINT('',(-4.613413232588,-24.0000006));
#1745 = CARTESIAN_POINT('',(-4.613413232588,6.E-07));
#1746 = ( GEOMETRIC_REPRESENTATION_CONTEXT(2) 
PARAMETRIC_REPRESENTATION_CONTEXT() REPRESENTATION_CONTEXT('2D SPACE',''
  ) );
#1747 = PCURVE('',#803,#1748);
#1748 = DEFINITIONAL_REPRESENTATION('',(#1749),#1752);
#1749 = B_SPLINE_CURVE_WITH_KNOTS('',1,(#1750,#1751),.UNSPECIFIED.,.F.,
  .F.,(2,2),(-24.0000006,6.E-07),.PIECEWISE_BEZIER_KNOTS.);
#1750 = CARTESIAN_POINT('',(24.0000006,-3.911910391167));
#1751 = CARTESIAN_POINT('',(-6.E-07,-3.911910391167));
#1752 = ( GEOMETRIC_REPRESENTATION_CONTEXT(2) 
PARAMETRIC_REPRESENTATION_CONTEXT() REPRESENTATION_CONTEXT('2D SPACE',''
  ) );
#1753 = ORIENTED_EDGE('',*,*,#1754,.T.);
#1754 = EDGE_CURVE('',#1734,#1755,#1757,.T.);
#1755 = VERTEX_POINT('',#1756);
#1756 = CARTESIAN_POINT('',(-1.25,-12.58808960883,9.84782813782));
#1757 = SURFACE_CURVE('',#1758,(#1810,#1865),.PCURVE_S1.);
#1758 = B_SPLINE_CURVE_WITH_KNOTS('',8,(#1759,#1760,#1761,#1762,#1763,
    #1764,#1765,#1766,#1767,#1768,#1769,#1770,#1771,#1772,#1773,#1774,
    #1775,#1776,#1777,#1778,#1779,#1780,#1781,#1782,#1783,#1784,#1785,
    #1786,#1787,#1788,#1789,#1790,#1791,#1792,#1793,#1794,#1795,#1796,
    #1797,#1798,#1799,#1800,#1801,#1802,#1803,#1804,#1805,#1806,#1807,
    #1808,#1809),.UNSPECIFIED.,.T.,.F.,(9,7,7,7,7,7,7,9),(0.,
    0.152784731317,0.285896576354,0.422144802138,0.58867384802,
    0.714467541574,0.837923282875,1.),.UNSPECIFIED.);
#1759 = CARTESIAN_POINT('',(1.7,-12.53525029666,11.));
#1760 = CARTESIAN_POINT('',(1.7,-12.53525029666,11.178004471552));
#1761 = CARTESIAN_POINT('',(1.678699633567,-12.53813886886,
    11.355941067277));
#1762 = CARTESIAN_POINT('',(1.636122160844,-12.54391364718,
    11.532205639315));
#1763 = CARTESIAN_POINT('',(1.571889540843,-12.55241746172,
    11.70504159743));
#1764 = CARTESIAN_POINT('',(1.485339492442,-12.56333106752,
    11.872349099828));
#1765 = CARTESIAN_POINT('',(1.375632745337,-12.57610643502,
    12.031475334842));
#1766 = CARTESIAN_POINT('',(1.24191783336,-12.58989210772,
    12.178917803473));
#1767 = CARTESIAN_POINT('',(0.94570639602,-12.61535970127,12.42396521566
    ));
#1768 = CARTESIAN_POINT('',(0.78478332394,-12.62745806762,12.52914041669
    ));
#1769 = CARTESIAN_POINT('',(0.603248352877,-12.63858283935,
    12.616826664616));
#1770 = CARTESIAN_POINT('',(0.405478019747,-12.64729111931,
    12.680633682903));
#1771 = CARTESIAN_POINT('',(0.197351905858,-12.65228607171,
    12.716348173308));
#1772 = CARTESIAN_POINT('',(-1.449654435693E-02,-12.65298422684,
    12.721974334912));
#1773 = CARTESIAN_POINT('',(-0.223276427014,-12.64960437903,
    12.697813338653));
#1774 = CARTESIAN_POINT('',(-0.626969722261,-12.63610509499,
    12.594162517461));
#1775 = CARTESIAN_POINT('',(-0.815210439798,-12.62603692943,
    12.514983034491));
#1776 = CARTESIAN_POINT('',(-0.985205795103,-12.61383009961,
    12.414143297506));
#1777 = CARTESIAN_POINT('',(-1.135702409343,-12.60067097556,
    12.296045634997));
#1778 = CARTESIAN_POINT('',(-1.266124490895,-12.58761242007,
    12.164604141314));
#1779 = CARTESIAN_POINT('',(-1.376392971168,-12.57548343276,
    12.02334843168));
#1780 = CARTESIAN_POINT('',(-1.466848645565,-12.56487259542,
    11.875466869818));
#1781 = CARTESIAN_POINT('',(-1.625422320139,-12.54544631048,
    11.538480657932));
#1782 = CARTESIAN_POINT('',(-1.685044004822,-12.53743957956,
    11.345528685735));
#1783 = CARTESIAN_POINT('',(-1.718183520564,-12.53274983981,
    11.148108733926));
#1784 = CARTESIAN_POINT('',(-1.725337296591,-12.53170443011,
    10.948638028287));
#1785 = CARTESIAN_POINT('',(-1.706523867918,-12.53440186685,
    10.749433515018));
#1786 = CARTESIAN_POINT('',(-1.661399314344,-12.54070027007,
    10.55300470979));
#1787 = CARTESIAN_POINT('',(-1.589369840896,-12.55015828496,
    10.362278675019));
#1788 = CARTESIAN_POINT('',(-1.414448295472,-12.5709021847,
    10.044097565089));
#1789 = CARTESIAN_POINT('',(-1.322628390779,-12.58126828268,
    9.911145437737));
#1790 = CARTESIAN_POINT('',(-1.213761226745,-12.59273293825,
    9.78468320649));
#1791 = CARTESIAN_POINT('',(-1.08769578915,-12.60477160962,
    9.667438074927));
#1792 = CARTESIAN_POINT('',(-0.944649661737,-12.61668311717,
    9.562349808565));
#1793 = CARTESIAN_POINT('',(-0.785253566523,-12.62761736974,
    9.472595285281));
#1794 = CARTESIAN_POINT('',(-0.610662261306,-12.63665040761,
    9.401650438217));
#1795 = CARTESIAN_POINT('',(-0.238375394742,-12.64909947777,
    9.306063417346));
#1796 = CARTESIAN_POINT('',(-4.538543390634E-02,-12.6524750977,
    9.28166825264));
#1797 = CARTESIAN_POINT('',(0.151051794834,-12.65239715158,
    9.282751962692));
#1798 = CARTESIAN_POINT('',(0.345299046913,-12.64861386682,
    9.309867139791));
#1799 = CARTESIAN_POINT('',(0.531739451861,-12.64151989896,
    9.361681783693));
#1800 = CARTESIAN_POINT('',(0.705308130845,-12.6320448323,9.435034439058
    ));
#1801 = CARTESIAN_POINT('',(0.86199053275,-12.62134805051,9.524957219031
    ));
#1802 = CARTESIAN_POINT('',(1.179413841088,-12.59619590462,
    9.755578751919));
#1803 = CARTESIAN_POINT('',(1.331693152196,-12.58116847352,
    9.907432976049));
#1804 = CARTESIAN_POINT('',(1.456487910367,-12.56695153972,
    10.073893168048));
#1805 = CARTESIAN_POINT('',(1.554790663594,-12.55467735362,
    10.250461478459));
#1806 = CARTESIAN_POINT('',(1.627635851885,-12.54506504201,
    10.433752196726));
#1807 = CARTESIAN_POINT('',(1.675866134746,-12.53852295957,
    10.621139988338));
#1808 = CARTESIAN_POINT('',(1.7,-12.53525029666,10.810530895229));
#1809 = CARTESIAN_POINT('',(1.7,-12.53525029666,11.));
#1810 = PCURVE('',#1498,#1811);
#1811 = DEFINITIONAL_REPRESENTATION('',(#1812),#1864);
#1812 = B_SPLINE_CURVE_WITH_KNOTS('',8,(#1813,#1814,#1815,#1816,#1817,
    #1818,#1819,#1820,#1821,#1822,#1823,#1824,#1825,#1826,#1827,#1828,
    #1829,#1830,#1831,#1832,#1833,#1834,#1835,#1836,#1837,#1838,#1839,
    #1840,#1841,#1842,#1843,#1844,#1845,#1846,#1847,#1848,#1849,#1850,
    #1851,#1852,#1853,#1854,#1855,#1856,#1857,#1858,#1859,#1860,#1861,
    #1862,#1863),.UNSPECIFIED.,.T.,.F.,(9,7,7,7,7,7,7,9),(0.,
    0.152784731317,0.285896576354,0.422144802138,0.58867384802,
    0.714467541574,0.837923282875,1.),.UNSPECIFIED.);
#1813 = CARTESIAN_POINT('',(-4.847184160388,-11.));
#1814 = CARTESIAN_POINT('',(-4.847184160388,-11.17800447155));
#1815 = CARTESIAN_POINT('',(-4.845484923741,-11.35594106727));
#1816 = CARTESIAN_POINT('',(-4.842088300575,-11.53220563931));
#1817 = CARTESIAN_POINT('',(-4.836966343525,-11.70504159743));
#1818 = CARTESIAN_POINT('',(-4.830070554692,-11.87234909982));
#1819 = CARTESIAN_POINT('',(-4.821340426218,-12.03147533484));
#1820 = CARTESIAN_POINT('',(-4.810715580126,-12.17891780347));
#1821 = CARTESIAN_POINT('',(-4.78721326829,-12.42396521566));
#1822 = CARTESIAN_POINT('',(-4.774456913508,-12.52914041669));
#1823 = CARTESIAN_POINT('',(-4.760081723043,-12.61682666461));
#1824 = CARTESIAN_POINT('',(-4.744437480897,-12.6806336829));
#1825 = CARTESIAN_POINT('',(-4.727987031165,-12.7163481733));
#1826 = CARTESIAN_POINT('',(-4.711245303833,-12.72197433491));
#1827 = CARTESIAN_POINT('',(-4.694741260055,-12.69781333865));
#1828 = CARTESIAN_POINT('',(-4.66281090934,-12.59416251746));
#1829 = CARTESIAN_POINT('',(-4.647911940058,-12.51498303449));
#1830 = CARTESIAN_POINT('',(-4.63444237996,-12.4141432975));
#1831 = CARTESIAN_POINT('',(-4.622502272112,-12.29604563499));
#1832 = CARTESIAN_POINT('',(-4.612141690856,-12.16460414131));
#1833 = CARTESIAN_POINT('',(-4.603372659101,-12.02334843168));
#1834 = CARTESIAN_POINT('',(-4.596173070905,-11.87546686981));
#1835 = CARTESIAN_POINT('',(-4.583543887898,-11.53848065793));
#1836 = CARTESIAN_POINT('',(-4.578788716458,-11.34552868573));
#1837 = CARTESIAN_POINT('',(-4.576142861546,-11.14810873392));
#1838 = CARTESIAN_POINT('',(-4.575571272279,-10.94863802828));
#1839 = CARTESIAN_POINT('',(-4.577073804445,-10.74943351501));
#1840 = CARTESIAN_POINT('',(-4.580675521423,-10.55300470979));
#1841 = CARTESIAN_POINT('',(-4.586417981916,-10.36227867501));
#1842 = CARTESIAN_POINT('',(-4.600342666327,-10.04409756508));
#1843 = CARTESIAN_POINT('',(-4.607647155287,-9.911145437737));
#1844 = CARTESIAN_POINT('',(-4.616300412515,-9.78468320649));
#1845 = CARTESIAN_POINT('',(-4.626310400529,-9.667438074927));
#1846 = CARTESIAN_POINT('',(-4.637655575137,-9.562349808565));
#1847 = CARTESIAN_POINT('',(-4.650282921459,-9.472595285281));
#1848 = CARTESIAN_POINT('',(-4.664100757236,-9.401650438217));
#1849 = CARTESIAN_POINT('',(-4.693546998618,-9.306063417346));
#1850 = CARTESIAN_POINT('',(-4.708803537025,-9.28166825264));
#1851 = CARTESIAN_POINT('',(-4.724327943292,-9.282751962692));
#1852 = CARTESIAN_POINT('',(-4.739681007829,-9.309867139791));
#1853 = CARTESIAN_POINT('',(-4.754425677227,-9.361681783693));
#1854 = CARTESIAN_POINT('',(-4.768164859432,-9.435034439058));
#1855 = CARTESIAN_POINT('',(-4.780578893913,-9.524957219031));
#1856 = CARTESIAN_POINT('',(-4.805750297719,-9.755578751919));
#1857 = CARTESIAN_POINT('',(-4.817844406393,-9.907432976049));
#1858 = CARTESIAN_POINT('',(-4.827772017354,-10.07389316804));
#1859 = CARTESIAN_POINT('',(-4.835602903413,-10.25046147845));
#1860 = CARTESIAN_POINT('',(-4.841411304917,-10.43375219672));
#1861 = CARTESIAN_POINT('',(-4.845258881201,-10.62113998833));
#1862 = CARTESIAN_POINT('',(-4.847184160388,-10.81053089522));
#1863 = CARTESIAN_POINT('',(-4.847184160388,-11.));
#1864 = ( GEOMETRIC_REPRESENTATION_CONTEXT(2) 
PARAMETRIC_REPRESENTATION_CONTEXT() REPRESENTATION_CONTEXT('2D SPACE',''
  ) );
#1865 = PCURVE('',#926,#1866);
#1866 = DEFINITIONAL_REPRESENTATION('',(#1867),#1919);
#1867 = B_SPLINE_CURVE_WITH_KNOTS('',8,(#1868,#1869,#1870,#1871,#1872,
    #1873,#1874,#1875,#1876,#1877,#1878,#1879,#1880,#1881,#1882,#1883,
    #1884,#1885,#1886,#1887,#1888,#1889,#1890,#1891,#1892,#1893,#1894,
    #1895,#1896,#1897,#1898,#1899,#1900,#1901,#1902,#1903,#1904,#1905,
    #1906,#1907,#1908,#1909,#1910,#1911,#1912,#1913,#1914,#1915,#1916,
    #1917,#1918),.UNSPECIFIED.,.F.,.F.,(9,7,7,7,7,7,7,9),(0.,
    0.152784731317,0.285896576354,0.422144802138,0.58867384802,
    0.714467541574,0.837923282875,1.),.UNSPECIFIED.);
#1868 = CARTESIAN_POINT('',(0.,-12.53525029666));
#1869 = CARTESIAN_POINT('',(-0.104708512678,-12.53525029666));
#1870 = CARTESIAN_POINT('',(-0.209376538842,-12.53813886886));
#1871 = CARTESIAN_POINT('',(-0.314812890282,-12.54391364718));
#1872 = CARTESIAN_POINT('',(-0.421721467043,-12.55241746172));
#1873 = CARTESIAN_POINT('',(-0.530830567946,-12.56333106752));
#1874 = CARTESIAN_POINT('',(-0.642906569604,-12.57610643502));
#1875 = CARTESIAN_POINT('',(-0.758796738789,-12.58989210772));
#1876 = CARTESIAN_POINT('',(-0.984934347192,-12.61535970127));
#1877 = CARTESIAN_POINT('',(-1.097307791614,-12.62745806762));
#1878 = CARTESIAN_POINT('',(-1.214243060319,-12.63858283935));
#1879 = CARTESIAN_POINT('',(-1.334151481004,-12.64729111931));
#1880 = CARTESIAN_POINT('',(-1.455891021307,-12.65228607171));
#1881 = CARTESIAN_POINT('',(-1.578478526772,-12.65298422684));
#1882 = CARTESIAN_POINT('',(-1.700966550768,-12.64960437903));
#1883 = CARTESIAN_POINT('',(-1.94613563257,-12.63610509499));
#1884 = CARTESIAN_POINT('',(-2.064970320068,-12.62603692943));
#1885 = CARTESIAN_POINT('',(-2.179480888734,-12.61383009961));
#1886 = CARTESIAN_POINT('',(-2.290209668214,-12.60067097556));
#1887 = CARTESIAN_POINT('',(-2.397557600595,-12.58761242007));
#1888 = CARTESIAN_POINT('',(-2.501821034729,-12.57548343276));
#1889 = CARTESIAN_POINT('',(-2.603185958436,-12.56487259542));
#1890 = CARTESIAN_POINT('',(-2.822263386462,-12.54544631048));
#1891 = CARTESIAN_POINT('',(-2.93989548094,-12.53743957956));
#1892 = CARTESIAN_POINT('',(-3.055936231872,-12.53274983981));
#1893 = CARTESIAN_POINT('',(-3.171367341396,-12.53170443011));
#1894 = CARTESIAN_POINT('',(-3.287060818831,-12.53440186685));
#1895 = CARTESIAN_POINT('',(-3.403847413201,-12.54070027007));
#1896 = CARTESIAN_POINT('',(-3.522573770358,-12.55015828496));
#1897 = CARTESIAN_POINT('',(-3.736158081701,-12.5709021847));
#1898 = CARTESIAN_POINT('',(-3.830711531946,-12.58126828268));
#1899 = CARTESIAN_POINT('',(-3.927935200437,-12.59273293825));
#1900 = CARTESIAN_POINT('',(-4.02793043608,-12.60477160962));
#1901 = CARTESIAN_POINT('',(-4.130891299899,-12.61668311717));
#1902 = CARTESIAN_POINT('',(-4.237100491309,-12.62761736974));
#1903 = CARTESIAN_POINT('',(-4.346953443822,-12.63665040761));
#1904 = CARTESIAN_POINT('',(-4.573048923527,-12.64909947777));
#1905 = CARTESIAN_POINT('',(-4.686574138703,-12.6524750977));
#1906 = CARTESIAN_POINT('',(-4.800478544337,-12.65239715158));
#1907 = CARTESIAN_POINT('',(-4.913849918307,-12.64861386682));
#1908 = CARTESIAN_POINT('',(-5.02578799543,-12.64151989896));
#1909 = CARTESIAN_POINT('',(-5.135261305799,-12.6320448323));
#1910 = CARTESIAN_POINT('',(-5.240917273944,-12.62134805051));
#1911 = CARTESIAN_POINT('',(-5.471715383797,-12.59619590462));
#1912 = CARTESIAN_POINT('',(-5.596689570243,-12.58116847352));
#1913 = CARTESIAN_POINT('',(-5.717054115958,-12.56695153972));
#1914 = CARTESIAN_POINT('',(-5.833850503728,-12.55467735362));
#1915 = CARTESIAN_POINT('',(-5.947987110081,-12.54506504201));
#1916 = CARTESIAN_POINT('',(-6.060327100835,-12.53852295957));
#1917 = CARTESIAN_POINT('',(-6.171732892608,-12.53525029666));
#1918 = CARTESIAN_POINT('',(-6.28318530718,-12.53525029666));
#1919 = ( GEOMETRIC_REPRESENTATION_CONTEXT(2) 
PARAMETRIC_REPRESENTATION_CONTEXT() REPRESENTATION_CONTEXT('2D SPACE',''
  ) );
#1920 = ORIENTED_EDGE('',*,*,#1921,.T.);
#1921 = EDGE_CURVE('',#1755,#1922,#1924,.T.);
#1922 = VERTEX_POINT('',#1923);
#1923 = CARTESIAN_POINT('',(-1.25,-12.58808960883,0.));
#1924 = SURFACE_CURVE('',#1925,(#1929,#1935),.PCURVE_S1.);
#1925 = LINE('',#1926,#1927);
#1926 = CARTESIAN_POINT('',(-1.25,-12.58808960883,0.));
#1927 = VECTOR('',#1928,1.);
#1928 = DIRECTION('',(-0.,-0.,-1.));
#1929 = PCURVE('',#1498,#1930);
#1930 = DEFINITIONAL_REPRESENTATION('',(#1931),#1934);
#1931 = B_SPLINE_CURVE_WITH_KNOTS('',1,(#1932,#1933),.UNSPECIFIED.,.F.,
  .F.,(2,2),(-24.0000006,6.E-07),.PIECEWISE_BEZIER_KNOTS.);
#1932 = CARTESIAN_POINT('',(-4.613413232588,-24.0000006));
#1933 = CARTESIAN_POINT('',(-4.613413232588,6.E-07));
#1934 = ( GEOMETRIC_REPRESENTATION_CONTEXT(2) 
PARAMETRIC_REPRESENTATION_CONTEXT() REPRESENTATION_CONTEXT('2D SPACE',''
  ) );
#1935 = PCURVE('',#1001,#1936);
#1936 = DEFINITIONAL_REPRESENTATION('',(#1937),#1940);
#1937 = B_SPLINE_CURVE_WITH_KNOTS('',1,(#1938,#1939),.UNSPECIFIED.,.F.,
  .F.,(2,2),(-24.0000006,6.E-07),.PIECEWISE_BEZIER_KNOTS.);
#1938 = CARTESIAN_POINT('',(24.0000006,-3.911910391167));
#1939 = CARTESIAN_POINT('',(-6.E-07,-3.911910391167));
#1940 = ( GEOMETRIC_REPRESENTATION_CONTEXT(2) 
PARAMETRIC_REPRESENTATION_CONTEXT() REPRESENTATION_CONTEXT('2D SPACE',''
  ) );
#1941 = ORIENTED_EDGE('',*,*,#1942,.F.);
#1942 = EDGE_CURVE('',#1943,#1922,#1945,.T.);
#1943 = VERTEX_POINT('',#1944);
#1944 = CARTESIAN_POINT('',(-1.25,12.588089608833,0.));
#1945 = SURFACE_CURVE('',#1946,(#1951,#1958),.PCURVE_S1.);
#1946 = CIRCLE('',#1947,12.65);
#1947 = AXIS2_PLACEMENT_3D('',#1948,#1949,#1950);
#1948 = CARTESIAN_POINT('',(0.,0.,0.));
#1949 = DIRECTION('',(0.,0.,1.));
#1950 = DIRECTION('',(1.,0.,0.));
#1951 = PCURVE('',#1498,#1952);
#1952 = DEFINITIONAL_REPRESENTATION('',(#1953),#1957);
#1953 = LINE('',#1954,#1955);
#1954 = CARTESIAN_POINT('',(-0.,0.));
#1955 = VECTOR('',#1956,1.);
#1956 = DIRECTION('',(-1.,0.));
#1957 = ( GEOMETRIC_REPRESENTATION_CONTEXT(2) 
PARAMETRIC_REPRESENTATION_CONTEXT() REPRESENTATION_CONTEXT('2D SPACE',''
  ) );
#1958 = PCURVE('',#1029,#1959);
#1959 = DEFINITIONAL_REPRESENTATION('',(#1960),#1964);
#1960 = CIRCLE('',#1961,12.65);
#1961 = AXIS2_PLACEMENT_2D('',#1962,#1963);
#1962 = CARTESIAN_POINT('',(7.057755522784E-16,-7.788169249974E-16));
#1963 = DIRECTION('',(1.,0.));
#1964 = ( GEOMETRIC_REPRESENTATION_CONTEXT(2) 
PARAMETRIC_REPRESENTATION_CONTEXT() REPRESENTATION_CONTEXT('2D SPACE',''
  ) );
#1965 = ORIENTED_EDGE('',*,*,#1966,.F.);
#1966 = EDGE_CURVE('',#1967,#1943,#1969,.T.);
#1967 = VERTEX_POINT('',#1968);
#1968 = CARTESIAN_POINT('',(-1.25,12.588089608833,9.84782813782));
#1969 = SURFACE_CURVE('',#1970,(#1974,#1980),.PCURVE_S1.);
#1970 = LINE('',#1971,#1972);
#1971 = CARTESIAN_POINT('',(-1.25,12.588089608833,0.));
#1972 = VECTOR('',#1973,1.);
#1973 = DIRECTION('',(-0.,-0.,-1.));
#1974 = PCURVE('',#1498,#1975);
#1975 = DEFINITIONAL_REPRESENTATION('',(#1976),#1979);
#1976 = B_SPLINE_CURVE_WITH_KNOTS('',1,(#1977,#1978),.UNSPECIFIED.,.F.,
  .F.,(2,2),(-24.0000006,6.E-07),.PIECEWISE_BEZIER_KNOTS.);
#1977 = CARTESIAN_POINT('',(-1.669772074591,-24.0000006));
#1978 = CARTESIAN_POINT('',(-1.669772074591,6.E-07));
#1979 = ( GEOMETRIC_REPRESENTATION_CONTEXT(2) 
PARAMETRIC_REPRESENTATION_CONTEXT() REPRESENTATION_CONTEXT('2D SPACE',''
  ) );
#1980 = PCURVE('',#1056,#1981);
#1981 = DEFINITIONAL_REPRESENTATION('',(#1982),#1985);
#1982 = B_SPLINE_CURVE_WITH_KNOTS('',1,(#1983,#1984),.UNSPECIFIED.,.F.,
  .F.,(2,2),(-24.0000006,6.E-07),.PIECEWISE_BEZIER_KNOTS.);
#1983 = CARTESIAN_POINT('',(24.0000006,-29.08808960883));
#1984 = CARTESIAN_POINT('',(-6.E-07,-29.08808960883));
#1985 = ( GEOMETRIC_REPRESENTATION_CONTEXT(2) 
PARAMETRIC_REPRESENTATION_CONTEXT() REPRESENTATION_CONTEXT('2D SPACE',''
  ) );
#1986 = ORIENTED_EDGE('',*,*,#1987,.F.);
#1987 = EDGE_CURVE('',#1988,#1967,#1990,.T.);
#1988 = VERTEX_POINT('',#1989);
#1989 = CARTESIAN_POINT('',(-1.25,12.588089608833,12.15217186218));
#1990 = SURFACE_CURVE('',#1991,(#2043,#2098),.PCURVE_S1.);
#1991 = B_SPLINE_CURVE_WITH_KNOTS('',8,(#1992,#1993,#1994,#1995,#1996,
    #1997,#1998,#1999,#2000,#2001,#2002,#2003,#2004,#2005,#2006,#2007,
    #2008,#2009,#2010,#2011,#2012,#2013,#2014,#2015,#2016,#2017,#2018,
    #2019,#2020,#2021,#2022,#2023,#2024,#2025,#2026,#2027,#2028,#2029,
    #2030,#2031,#2032,#2033,#2034,#2035,#2036,#2037,#2038,#2039,#2040,
    #2041,#2042),.UNSPECIFIED.,.T.,.F.,(9,7,7,7,7,7,7,9),(0.,
    0.152784730344,0.285896576499,0.422144801677,0.588673849763,
    0.714467542784,0.837923283562,1.),.UNSPECIFIED.);
#1992 = CARTESIAN_POINT('',(1.7,12.535250296663,11.));
#1993 = CARTESIAN_POINT('',(1.7,12.535250296663,11.178004471552));
#1994 = CARTESIAN_POINT('',(1.678699633567,12.53813886886,
    11.355941067277));
#1995 = CARTESIAN_POINT('',(1.636122160844,12.54391364718,
    11.532205639315));
#1996 = CARTESIAN_POINT('',(1.571889540843,12.552417461726,
    11.70504159743));
#1997 = CARTESIAN_POINT('',(1.485339492442,12.563331067523,
    11.872349099828));
#1998 = CARTESIAN_POINT('',(1.375632745337,12.576106435023,
    12.031475334842));
#1999 = CARTESIAN_POINT('',(1.24191783336,12.589892107728,
    12.178917803473));
#2000 = CARTESIAN_POINT('',(0.945706393983,12.615359701448,
    12.423965217345));
#2001 = CARTESIAN_POINT('',(0.784783329865,12.627458067011,
    12.529140410934));
#2002 = CARTESIAN_POINT('',(0.603248347375,12.638582840374,
    12.616826674009));
#2003 = CARTESIAN_POINT('',(0.405478017054,12.647291118294,
    12.680633673711));
#2004 = CARTESIAN_POINT('',(0.197351915699,12.652286072402,
    12.716348179265));
#2005 = CARTESIAN_POINT('',(-1.449655243706E-02,12.652984226525,
    12.721974332289));
#2006 = CARTESIAN_POINT('',(-0.223276424452,12.649604379123,
    12.697813339311));
#2007 = CARTESIAN_POINT('',(-0.626969722261,12.636105094999,
    12.594162517461));
#2008 = CARTESIAN_POINT('',(-0.815210439798,12.626036929434,
    12.514983034491));
#2009 = CARTESIAN_POINT('',(-0.985205795103,12.613830099617,
    12.414143297506));
#2010 = CARTESIAN_POINT('',(-1.135702409343,12.600670975566,
    12.296045634997));
#2011 = CARTESIAN_POINT('',(-1.266124490895,12.587612420078,
    12.164604141314));
#2012 = CARTESIAN_POINT('',(-1.376392971168,12.575483432769,
    12.02334843168));
#2013 = CARTESIAN_POINT('',(-1.466848645565,12.564872595427,
    11.875466869818));
#2014 = CARTESIAN_POINT('',(-1.625422321681,12.545446310298,
    11.538480654656));
#2015 = CARTESIAN_POINT('',(-1.685044002625,12.537439579836,
    11.345528695823));
#2016 = CARTESIAN_POINT('',(-1.718183520151,12.532749839854,
    11.148108722883));
#2017 = CARTESIAN_POINT('',(-1.725337298879,12.531704429841,
    10.948638028208));
#2018 = CARTESIAN_POINT('',(-1.70652386821,12.534401866827,
    10.749433526064));
#2019 = CARTESIAN_POINT('',(-1.661399311516,12.540700270409,
    10.553004699875));
#2020 = CARTESIAN_POINT('',(-1.589369842637,12.550158284758,
    10.362278678185));
#2021 = CARTESIAN_POINT('',(-1.414448295472,12.570902184708,
    10.044097565089));
#2022 = CARTESIAN_POINT('',(-1.322628390779,12.581268282683,
    9.911145437737));
#2023 = CARTESIAN_POINT('',(-1.213761226745,12.592732938258,
    9.78468320649));
#2024 = CARTESIAN_POINT('',(-1.08769578915,12.604771609629,
    9.667438074927));
#2025 = CARTESIAN_POINT('',(-0.944649661737,12.616683117179,
    9.562349808564));
#2026 = CARTESIAN_POINT('',(-0.785253566523,12.627617369748,
    9.472595285281));
#2027 = CARTESIAN_POINT('',(-0.610662261305,12.636650407616,
    9.401650438217));
#2028 = CARTESIAN_POINT('',(-0.238375394742,12.649099477775,
    9.306063417346));
#2029 = CARTESIAN_POINT('',(-4.538543390644E-02,12.652475097701,
    9.28166825264));
#2030 = CARTESIAN_POINT('',(0.151051794834,12.652397151586,
    9.282751962692));
#2031 = CARTESIAN_POINT('',(0.345299046914,12.648613866825,
    9.309867139791));
#2032 = CARTESIAN_POINT('',(0.53173945186,12.641519898967,9.361681783693
    ));
#2033 = CARTESIAN_POINT('',(0.705308130844,12.6320448323,9.435034439058)
  );
#2034 = CARTESIAN_POINT('',(0.86199053275,12.621348050514,9.524957219031
    ));
#2035 = CARTESIAN_POINT('',(1.179413841088,12.596195904622,
    9.755578751919));
#2036 = CARTESIAN_POINT('',(1.331693152196,12.581168473525,
    9.907432976049));
#2037 = CARTESIAN_POINT('',(1.456487910367,12.566951539728,
    10.073893168048));
#2038 = CARTESIAN_POINT('',(1.554790663594,12.554677353626,
    10.250461478459));
#2039 = CARTESIAN_POINT('',(1.627635851885,12.545065042019,
    10.433752196726));
#2040 = CARTESIAN_POINT('',(1.675866134746,12.538522959575,
    10.621139988338));
#2041 = CARTESIAN_POINT('',(1.7,12.535250296663,10.810530895228));
#2042 = CARTESIAN_POINT('',(1.7,12.535250296663,11.));
#2043 = PCURVE('',#1498,#2044);
#2044 = DEFINITIONAL_REPRESENTATION('',(#2045),#2097);
#2045 = B_SPLINE_CURVE_WITH_KNOTS('',8,(#2046,#2047,#2048,#2049,#2050,
    #2051,#2052,#2053,#2054,#2055,#2056,#2057,#2058,#2059,#2060,#2061,
    #2062,#2063,#2064,#2065,#2066,#2067,#2068,#2069,#2070,#2071,#2072,
    #2073,#2074,#2075,#2076,#2077,#2078,#2079,#2080,#2081,#2082,#2083,
    #2084,#2085,#2086,#2087,#2088,#2089,#2090,#2091,#2092,#2093,#2094,
    #2095,#2096),.UNSPECIFIED.,.T.,.F.,(9,7,7,7,7,7,7,9),(0.,
    0.152784730344,0.285896576499,0.422144801677,0.588673849763,
    0.714467542784,0.837923283562,1.),.UNSPECIFIED.);
#2046 = CARTESIAN_POINT('',(-1.436001146791,-11.));
#2047 = CARTESIAN_POINT('',(-1.436001146791,-11.17800447155));
#2048 = CARTESIAN_POINT('',(-1.437700383439,-11.35594106727));
#2049 = CARTESIAN_POINT('',(-1.441097006604,-11.53220563931));
#2050 = CARTESIAN_POINT('',(-1.446218963654,-11.70504159743));
#2051 = CARTESIAN_POINT('',(-1.453114752488,-11.87234909982));
#2052 = CARTESIAN_POINT('',(-1.461844880962,-12.03147533484));
#2053 = CARTESIAN_POINT('',(-1.472469727054,-12.17891780347));
#2054 = CARTESIAN_POINT('',(-1.495972039051,-12.42396521734));
#2055 = CARTESIAN_POINT('',(-1.508728393201,-12.52914041093));
#2056 = CARTESIAN_POINT('',(-1.523103584574,-12.61682667401));
#2057 = CARTESIAN_POINT('',(-1.538747826494,-12.68063367371));
#2058 = CARTESIAN_POINT('',(-1.555198275237,-12.71634817926));
#2059 = CARTESIAN_POINT('',(-1.571940003986,-12.72197433228));
#2060 = CARTESIAN_POINT('',(-1.588444046922,-12.69781333931));
#2061 = CARTESIAN_POINT('',(-1.620374397839,-12.59416251746));
#2062 = CARTESIAN_POINT('',(-1.635273367122,-12.51498303449));
#2063 = CARTESIAN_POINT('',(-1.648742927219,-12.4141432975));
#2064 = CARTESIAN_POINT('',(-1.660683035068,-12.29604563499));
#2065 = CARTESIAN_POINT('',(-1.671043616323,-12.16460414131));
#2066 = CARTESIAN_POINT('',(-1.679812648078,-12.02334843168));
#2067 = CARTESIAN_POINT('',(-1.687012236275,-11.87546686981));
#2068 = CARTESIAN_POINT('',(-1.699641419405,-11.53848065465));
#2069 = CARTESIAN_POINT('',(-1.704396590547,-11.34552869582));
#2070 = CARTESIAN_POINT('',(-1.7070424456,-11.14810872288));
#2071 = CARTESIAN_POINT('',(-1.707614035082,-10.9486380282));
#2072 = CARTESIAN_POINT('',(-1.706111502758,-10.74943352606));
#2073 = CARTESIAN_POINT('',(-1.702509785531,-10.55300469987));
#2074 = CARTESIAN_POINT('',(-1.696767325402,-10.36227867818));
#2075 = CARTESIAN_POINT('',(-1.682842640852,-10.04409756508));
#2076 = CARTESIAN_POINT('',(-1.675538151893,-9.911145437737));
#2077 = CARTESIAN_POINT('',(-1.666884894665,-9.78468320649));
#2078 = CARTESIAN_POINT('',(-1.656874906651,-9.667438074927));
#2079 = CARTESIAN_POINT('',(-1.645529732042,-9.562349808565));
#2080 = CARTESIAN_POINT('',(-1.632902385721,-9.472595285281));
#2081 = CARTESIAN_POINT('',(-1.619084549943,-9.401650438217));
#2082 = CARTESIAN_POINT('',(-1.589638308562,-9.306063417346));
#2083 = CARTESIAN_POINT('',(-1.574381770154,-9.28166825264));
#2084 = CARTESIAN_POINT('',(-1.558857363887,-9.282751962692));
#2085 = CARTESIAN_POINT('',(-1.543504299351,-9.309867139791));
#2086 = CARTESIAN_POINT('',(-1.528759629953,-9.361681783693));
#2087 = CARTESIAN_POINT('',(-1.515020447747,-9.435034439058));
#2088 = CARTESIAN_POINT('',(-1.502606413267,-9.524957219031));
#2089 = CARTESIAN_POINT('',(-1.477435009461,-9.755578751919));
#2090 = CARTESIAN_POINT('',(-1.465340900787,-9.907432976049));
#2091 = CARTESIAN_POINT('',(-1.455413289826,-10.07389316804));
#2092 = CARTESIAN_POINT('',(-1.447582403767,-10.25046147845));
#2093 = CARTESIAN_POINT('',(-1.441774002262,-10.43375219672));
#2094 = CARTESIAN_POINT('',(-1.437926425979,-10.62113998833));
#2095 = CARTESIAN_POINT('',(-1.436001146791,-10.81053089522));
#2096 = CARTESIAN_POINT('',(-1.436001146791,-11.));
#2097 = ( GEOMETRIC_REPRESENTATION_CONTEXT(2) 
PARAMETRIC_REPRESENTATION_CONTEXT() REPRESENTATION_CONTEXT('2D SPACE',''
  ) );
#2098 = PCURVE('',#1179,#2099);
#2099 = DEFINITIONAL_REPRESENTATION('',(#2100),#2152);
#2100 = B_SPLINE_CURVE_WITH_KNOTS('',8,(#2101,#2102,#2103,#2104,#2105,
    #2106,#2107,#2108,#2109,#2110,#2111,#2112,#2113,#2114,#2115,#2116,
    #2117,#2118,#2119,#2120,#2121,#2122,#2123,#2124,#2125,#2126,#2127,
    #2128,#2129,#2130,#2131,#2132,#2133,#2134,#2135,#2136,#2137,#2138,
    #2139,#2140,#2141,#2142,#2143,#2144,#2145,#2146,#2147,#2148,#2149,
    #2150,#2151),.UNSPECIFIED.,.F.,.F.,(9,7,7,7,7,7,7,9),(0.,
    0.152784730344,0.285896576499,0.422144801677,0.588673849763,
    0.714467542784,0.837923283562,1.),.UNSPECIFIED.);
#2101 = CARTESIAN_POINT('',(0.,-12.53525029666));
#2102 = CARTESIAN_POINT('',(0.104708512678,-12.53525029666));
#2103 = CARTESIAN_POINT('',(0.209376538842,-12.53813886886));
#2104 = CARTESIAN_POINT('',(0.314812890282,-12.54391364718));
#2105 = CARTESIAN_POINT('',(0.421721467043,-12.55241746172));
#2106 = CARTESIAN_POINT('',(0.530830567946,-12.56333106752));
#2107 = CARTESIAN_POINT('',(0.642906569604,-12.57610643502));
#2108 = CARTESIAN_POINT('',(0.758796738789,-12.58989210772));
#2109 = CARTESIAN_POINT('',(0.984934348748,-12.61535970144));
#2110 = CARTESIAN_POINT('',(1.097307787045,-12.62745806701));
#2111 = CARTESIAN_POINT('',(1.21424306509,-12.63858284037));
#2112 = CARTESIAN_POINT('',(1.334151481405,-12.64729111829));
#2113 = CARTESIAN_POINT('',(1.455891015966,-12.6522860724));
#2114 = CARTESIAN_POINT('',(1.578478531518,-12.65298422652));
#2115 = CARTESIAN_POINT('',(1.700966549212,-12.64960437912));
#2116 = CARTESIAN_POINT('',(1.94613563257,-12.63610509499));
#2117 = CARTESIAN_POINT('',(2.064970320068,-12.62603692943));
#2118 = CARTESIAN_POINT('',(2.179480888734,-12.61383009961));
#2119 = CARTESIAN_POINT('',(2.290209668214,-12.60067097556));
#2120 = CARTESIAN_POINT('',(2.397557600595,-12.58761242007));
#2121 = CARTESIAN_POINT('',(2.501821034729,-12.57548343276));
#2122 = CARTESIAN_POINT('',(2.603185958436,-12.56487259542));
#2123 = CARTESIAN_POINT('',(2.822263388591,-12.54544631029));
#2124 = CARTESIAN_POINT('',(2.939895474452,-12.53743957983));
#2125 = CARTESIAN_POINT('',(3.055936238961,-12.53274983985));
#2126 = CARTESIAN_POINT('',(3.171367341401,-12.53170442984));
#2127 = CARTESIAN_POINT('',(3.287060811742,-12.53440186682));
#2128 = CARTESIAN_POINT('',(3.40384741968,-12.5407002704));
#2129 = CARTESIAN_POINT('',(3.522573768232,-12.55015828475));
#2130 = CARTESIAN_POINT('',(3.736158081701,-12.5709021847));
#2131 = CARTESIAN_POINT('',(3.830711531947,-12.58126828268));
#2132 = CARTESIAN_POINT('',(3.927935200436,-12.59273293825));
#2133 = CARTESIAN_POINT('',(4.02793043608,-12.60477160962));
#2134 = CARTESIAN_POINT('',(4.130891299899,-12.61668311717));
#2135 = CARTESIAN_POINT('',(4.237100491308,-12.62761736974));
#2136 = CARTESIAN_POINT('',(4.346953443823,-12.63665040761));
#2137 = CARTESIAN_POINT('',(4.573048923527,-12.64909947777));
#2138 = CARTESIAN_POINT('',(4.686574138703,-12.6524750977));
#2139 = CARTESIAN_POINT('',(4.800478544337,-12.65239715158));
#2140 = CARTESIAN_POINT('',(4.913849918307,-12.64861386682));
#2141 = CARTESIAN_POINT('',(5.02578799543,-12.64151989896));
#2142 = CARTESIAN_POINT('',(5.135261305798,-12.6320448323));
#2143 = CARTESIAN_POINT('',(5.240917273944,-12.62134805051));
#2144 = CARTESIAN_POINT('',(5.471715383797,-12.59619590462));
#2145 = CARTESIAN_POINT('',(5.596689570243,-12.58116847352));
#2146 = CARTESIAN_POINT('',(5.717054115958,-12.56695153972));
#2147 = CARTESIAN_POINT('',(5.833850503728,-12.55467735362));
#2148 = CARTESIAN_POINT('',(5.947987110081,-12.54506504201));
#2149 = CARTESIAN_POINT('',(6.060327100835,-12.53852295957));
#2150 = CARTESIAN_POINT('',(6.171732892608,-12.53525029666));
#2151 = CARTESIAN_POINT('',(6.28318530718,-12.53525029666));
#2152 = ( GEOMETRIC_REPRESENTATION_CONTEXT(2) 
PARAMETRIC_REPRESENTATION_CONTEXT() REPRESENTATION_CONTEXT('2D SPACE',''
  ) );
#2153 = ORIENTED_EDGE('',*,*,#2154,.F.);
#2154 = EDGE_CURVE('',#2155,#1988,#2157,.T.);
#2155 = VERTEX_POINT('',#2156);
#2156 = CARTESIAN_POINT('',(-1.25,12.588089608833,22.));
#2157 = SURFACE_CURVE('',#2158,(#2162,#2168),.PCURVE_S1.);
#2158 = LINE('',#2159,#2160);
#2159 = CARTESIAN_POINT('',(-1.25,12.588089608833,0.));
#2160 = VECTOR('',#2161,1.);
#2161 = DIRECTION('',(-0.,-0.,-1.));
#2162 = PCURVE('',#1498,#2163);
#2163 = DEFINITIONAL_REPRESENTATION('',(#2164),#2167);
#2164 = B_SPLINE_CURVE_WITH_KNOTS('',1,(#2165,#2166),.UNSPECIFIED.,.F.,
  .F.,(2,2),(-24.0000006,6.E-07),.PIECEWISE_BEZIER_KNOTS.);
#2165 = CARTESIAN_POINT('',(-1.669772074591,-24.0000006));
#2166 = CARTESIAN_POINT('',(-1.669772074591,6.E-07));
#2167 = ( GEOMETRIC_REPRESENTATION_CONTEXT(2) 
PARAMETRIC_REPRESENTATION_CONTEXT() REPRESENTATION_CONTEXT('2D SPACE',''
  ) );
#2168 = PCURVE('',#1254,#2169);
#2169 = DEFINITIONAL_REPRESENTATION('',(#2170),#2173);
#2170 = B_SPLINE_CURVE_WITH_KNOTS('',1,(#2171,#2172),.UNSPECIFIED.,.F.,
  .F.,(2,2),(-24.0000006,6.E-07),.PIECEWISE_BEZIER_KNOTS.);
#2171 = CARTESIAN_POINT('',(24.0000006,-29.08808960883));
#2172 = CARTESIAN_POINT('',(-6.E-07,-29.08808960883));
#2173 = ( GEOMETRIC_REPRESENTATION_CONTEXT(2) 
PARAMETRIC_REPRESENTATION_CONTEXT() REPRESENTATION_CONTEXT('2D SPACE',''
  ) );
#2174 = ORIENTED_EDGE('',*,*,#2175,.T.);
#2175 = EDGE_CURVE('',#2155,#2176,#2178,.T.);
#2176 = VERTEX_POINT('',#2177);
#2177 = CARTESIAN_POINT('',(1.25,12.588089608833,22.));
#2178 = SURFACE_CURVE('',#2179,(#2184,#2191),.PCURVE_S1.);
#2179 = CIRCLE('',#2180,12.65);
#2180 = AXIS2_PLACEMENT_3D('',#2181,#2182,#2183);
#2181 = CARTESIAN_POINT('',(0.,0.,22.));
#2182 = DIRECTION('',(0.,0.,-1.));
#2183 = DIRECTION('',(1.,0.,0.));
#2184 = PCURVE('',#1498,#2185);
#2185 = DEFINITIONAL_REPRESENTATION('',(#2186),#2190);
#2186 = LINE('',#2187,#2188);
#2187 = CARTESIAN_POINT('',(-6.28318530718,-22.));
#2188 = VECTOR('',#2189,1.);
#2189 = DIRECTION('',(1.,-0.));
#2190 = ( GEOMETRIC_REPRESENTATION_CONTEXT(2) 
PARAMETRIC_REPRESENTATION_CONTEXT() REPRESENTATION_CONTEXT('2D SPACE',''
  ) );
#2191 = PCURVE('',#1282,#2192);
#2192 = DEFINITIONAL_REPRESENTATION('',(#2193),#2201);
#2193 = ( BOUNDED_CURVE() B_SPLINE_CURVE(2,(#2194,#2195,#2196,#2197,
#2198,#2199,#2200),.UNSPECIFIED.,.T.,.F.) B_SPLINE_CURVE_WITH_KNOTS((1,2
    ,2,2,2,1),(-2.094395102393,0.,2.094395102393,4.188790204786,
6.28318530718,8.377580409573),.UNSPECIFIED.) CURVE() 
GEOMETRIC_REPRESENTATION_ITEM() RATIONAL_B_SPLINE_CURVE((1.,0.5,1.,0.5,
1.,0.5,1.)) REPRESENTATION_ITEM('') );
#2194 = CARTESIAN_POINT('',(13.9,16.5));
#2195 = CARTESIAN_POINT('',(13.9,-5.410442715746));
#2196 = CARTESIAN_POINT('',(-5.075,5.544778642127));
#2197 = CARTESIAN_POINT('',(-24.05,16.5));
#2198 = CARTESIAN_POINT('',(-5.075,27.455221357873));
#2199 = CARTESIAN_POINT('',(13.9,38.410442715746));
#2200 = CARTESIAN_POINT('',(13.9,16.5));
#2201 = ( GEOMETRIC_REPRESENTATION_CONTEXT(2) 
PARAMETRIC_REPRESENTATION_CONTEXT() REPRESENTATION_CONTEXT('2D SPACE',''
  ) );
#2202 = ORIENTED_EDGE('',*,*,#2203,.T.);
#2203 = EDGE_CURVE('',#2176,#2204,#2206,.T.);
#2204 = VERTEX_POINT('',#2205);
#2205 = CARTESIAN_POINT('',(1.25,12.588089608833,12.15217186218));
#2206 = SURFACE_CURVE('',#2207,(#2211,#2217),.PCURVE_S1.);
#2207 = LINE('',#2208,#2209);
#2208 = CARTESIAN_POINT('',(1.25,12.588089608833,0.));
#2209 = VECTOR('',#2210,1.);
#2210 = DIRECTION('',(-0.,-0.,-1.));
#2211 = PCURVE('',#1498,#2212);
#2212 = DEFINITIONAL_REPRESENTATION('',(#2213),#2216);
#2213 = B_SPLINE_CURVE_WITH_KNOTS('',1,(#2214,#2215),.UNSPECIFIED.,.F.,
  .F.,(2,2),(-24.0000006,6.E-07),.PIECEWISE_BEZIER_KNOTS.);
#2214 = CARTESIAN_POINT('',(-1.471820578998,-24.0000006));
#2215 = CARTESIAN_POINT('',(-1.471820578998,6.E-07));
#2216 = ( GEOMETRIC_REPRESENTATION_CONTEXT(2) 
PARAMETRIC_REPRESENTATION_CONTEXT() REPRESENTATION_CONTEXT('2D SPACE',''
  ) );
#2217 = PCURVE('',#1313,#2218);
#2218 = DEFINITIONAL_REPRESENTATION('',(#2219),#2222);
#2219 = B_SPLINE_CURVE_WITH_KNOTS('',1,(#2220,#2221),.UNSPECIFIED.,.F.,
  .F.,(2,2),(-24.0000006,6.E-07),.PIECEWISE_BEZIER_KNOTS.);
#2220 = CARTESIAN_POINT('',(24.0000006,-29.08808960883));
#2221 = CARTESIAN_POINT('',(-6.E-07,-29.08808960883));
#2222 = ( GEOMETRIC_REPRESENTATION_CONTEXT(2) 
PARAMETRIC_REPRESENTATION_CONTEXT() REPRESENTATION_CONTEXT('2D SPACE',''
  ) );
#2223 = ORIENTED_EDGE('',*,*,#2224,.F.);
#2224 = EDGE_CURVE('',#1463,#2204,#2225,.T.);
#2225 = SURFACE_CURVE('',#2226,(#2243,#2272),.PCURVE_S1.);
#2226 = B_SPLINE_CURVE_WITH_KNOTS('',8,(#2227,#2228,#2229,#2230,#2231,
    #2232,#2233,#2234,#2235,#2236,#2237,#2238,#2239,#2240,#2241,#2242),
  .UNSPECIFIED.,.F.,.F.,(9,7,9),(0.869410040097,1.,1.130599938795),
  .UNSPECIFIED.);
#2227 = CARTESIAN_POINT('',(1.249999996193,12.588089608812,
    9.847828141327));
#2228 = CARTESIAN_POINT('',(1.364969925058,12.576673103987,
    9.972559892001));
#2229 = CARTESIAN_POINT('',(1.462306744399,12.565795670042,
    10.106704752252));
#2230 = CARTESIAN_POINT('',(1.542426076834,12.556062041663,
    10.247751716773));
#2231 = CARTESIAN_POINT('',(1.605837857539,12.547908597516,
    10.393760137887));
#2232 = CARTESIAN_POINT('',(1.653016493038,12.541622435569,
    10.543176752784));
#2233 = CARTESIAN_POINT('',(1.68433230165,12.53737490848,10.694729146272
    ));
#2234 = CARTESIAN_POINT('',(1.7,12.535250296663,10.847339190115));
#2235 = CARTESIAN_POINT('',(1.7,12.535250296663,11.152672475298));
#2236 = CARTESIAN_POINT('',(1.68433080287,12.537375218191,
    11.305295019073));
#2237 = CARTESIAN_POINT('',(1.653007084414,12.54162356839,
    11.456855506913));
#2238 = CARTESIAN_POINT('',(1.605826355489,12.547910081993,
    11.606259319893));
#2239 = CARTESIAN_POINT('',(1.542423294722,12.556062346439,
    11.75224078237));
#2240 = CARTESIAN_POINT('',(1.462320175959,12.565793765344,
    11.893267072274));
#2241 = CARTESIAN_POINT('',(1.364996386972,12.576670446095,
    12.027411355546));
#2242 = CARTESIAN_POINT('',(1.25000003593,12.588089597334,
    12.152171896351));
#2243 = PCURVE('',#1498,#2244);
#2244 = DEFINITIONAL_REPRESENTATION('',(#2245),#2271);
#2245 = B_SPLINE_CURVE_WITH_KNOTS('',3,(#2246,#2247,#2248,#2249,#2250,
    #2251,#2252,#2253,#2254,#2255,#2256,#2257,#2258,#2259,#2260,#2261,
    #2262,#2263,#2264,#2265,#2266,#2267,#2268,#2269,#2270),
  .UNSPECIFIED.,.F.,.F.,(4,1,1,1,1,1,1,1,1,1,1,1,1,1,1,1,1,1,1,1,1,1,4),
  (0.869410040097,0.88128230822,0.893154576343,0.905026844465,
    0.916899112588,0.928771380711,0.940643648833,0.952515916956,
    0.964388185078,0.976260453201,0.988132721324,1.000004989446,
    1.011877257569,1.023749525691,1.035621793814,1.047494061937,
    1.059366330059,1.071238598182,1.083110866305,1.094983134427,
    1.10685540255,1.118727670672,1.130599938795),.QUASI_UNIFORM_KNOTS.);
#2246 = CARTESIAN_POINT('',(-1.471820579298,-9.847828141327));
#2247 = CARTESIAN_POINT('',(-1.469606344563,-9.878072044122));
#2248 = CARTESIAN_POINT('',(-1.465392666012,-9.93999390708));
#2249 = CARTESIAN_POINT('',(-1.459708348714,-10.03663937959));
#2250 = CARTESIAN_POINT('',(-1.454652142667,-10.13648719131));
#2251 = CARTESIAN_POINT('',(-1.45021566826,-10.23904996034));
#2252 = CARTESIAN_POINT('',(-1.446390731762,-10.34388056788));
#2253 = CARTESIAN_POINT('',(-1.443169536917,-10.45057402852));
#2254 = CARTESIAN_POINT('',(-1.44054493883,-10.55876071595));
#2255 = CARTESIAN_POINT('',(-1.43851066602,-10.66810201891));
#2256 = CARTESIAN_POINT('',(-1.437061538956,-10.77828663527));
#2257 = CARTESIAN_POINT('',(-1.436193684333,-10.88902289714));
#2258 = CARTESIAN_POINT('',(-1.435904758084,-11.00004664611));
#2259 = CARTESIAN_POINT('',(-1.436194164386,-11.1110704883));
#2260 = CARTESIAN_POINT('',(-1.437062501789,-11.22180535287));
#2261 = CARTESIAN_POINT('',(-1.438512063211,-11.33198516061));
#2262 = CARTESIAN_POINT('',(-1.440546629587,-11.44131704284));
#2263 = CARTESIAN_POINT('',(-1.443171297,-11.54948957037));
#2264 = CARTESIAN_POINT('',(-1.446392288179,-11.65616520402));
#2265 = CARTESIAN_POINT('',(-1.450216756879,-11.7609764692));
#2266 = CARTESIAN_POINT('',(-1.45465258211,-11.8635213448));
#2267 = CARTESIAN_POINT('',(-1.459708137917,-11.9633561138));
#2268 = CARTESIAN_POINT('',(-1.465392081075,-12.05999690786));
#2269 = CARTESIAN_POINT('',(-1.469606016031,-12.12192328943));
#2270 = CARTESIAN_POINT('',(-1.471820576082,-12.15217189635));
#2271 = ( GEOMETRIC_REPRESENTATION_CONTEXT(2) 
PARAMETRIC_REPRESENTATION_CONTEXT() REPRESENTATION_CONTEXT('2D SPACE',''
  ) );
#2272 = PCURVE('',#1375,#2273);
#2273 = DEFINITIONAL_REPRESENTATION('',(#2274),#2300);
#2274 = B_SPLINE_CURVE_WITH_KNOTS('',3,(#2275,#2276,#2277,#2278,#2279,
    #2280,#2281,#2282,#2283,#2284,#2285,#2286,#2287,#2288,#2289,#2290,
    #2291,#2292,#2293,#2294,#2295,#2296,#2297,#2298,#2299),
  .UNSPECIFIED.,.F.,.F.,(4,1,1,1,1,1,1,1,1,1,1,1,1,1,1,1,1,1,1,1,1,1,4),
  (0.869410040097,0.88128230822,0.893154576343,0.905026844465,
    0.916899112588,0.928771380711,0.940643648833,0.952515916956,
    0.964388185078,0.976260453201,0.988132721324,1.000004989446,
    1.011877257569,1.023749525691,1.035621793814,1.047494061937,
    1.059366330059,1.071238598182,1.083110866305,1.094983134427,
    1.10685540255,1.118727670672,1.130599938795),.QUASI_UNIFORM_KNOTS.);
#2275 = CARTESIAN_POINT('',(5.538489522311,-12.58808960881));
#2276 = CARTESIAN_POINT('',(5.562680174205,-12.58532034504));
#2277 = CARTESIAN_POINT('',(5.61060764836,-12.57987078516));
#2278 = CARTESIAN_POINT('',(5.681273328244,-12.57208641612));
#2279 = CARTESIAN_POINT('',(5.750852168311,-12.5648220153));
#2280 = CARTESIAN_POINT('',(5.819473291165,-12.55818332667));
#2281 = CARTESIAN_POINT('',(5.88726164741,-12.55226154415));
#2282 = CARTESIAN_POINT('',(5.954338438138,-12.54713212675));
#2283 = CARTESIAN_POINT('',(6.020822771159,-12.5428565478));
#2284 = CARTESIAN_POINT('',(6.086832724292,-12.53948322399));
#2285 = CARTESIAN_POINT('',(6.152487109115,-12.53704857904));
#2286 = CARTESIAN_POINT('',(6.217904712182,-12.53557793669));
#2287 = CARTESIAN_POINT('',(6.283212727267,-12.53508626992));
#2288 = CARTESIAN_POINT('',(6.348520910002,-12.53557876409));
#2289 = CARTESIAN_POINT('',(6.413938039047,-12.53705021929));
#2290 = CARTESIAN_POINT('',(6.479590157771,-12.53948555696));
#2291 = CARTESIAN_POINT('',(6.545595219031,-12.54285931577));
#2292 = CARTESIAN_POINT('',(6.612071749305,-12.54713495053));
#2293 = CARTESIAN_POINT('',(6.679138218728,-12.55226398509));
#2294 = CARTESIAN_POINT('',(6.746914811238,-12.55818498562));
#2295 = CARTESIAN_POINT('',(6.815524414679,-12.56482265639));
#2296 = CARTESIAN_POINT('',(6.885094225988,-12.57208610153));
#2297 = CARTESIAN_POINT('',(6.955756043895,-12.57986999442));
#2298 = CARTESIAN_POINT('',(7.00368678824,-12.58531990712));
#2299 = CARTESIAN_POINT('',(7.027881092503,-12.58808959733));
#2300 = ( GEOMETRIC_REPRESENTATION_CONTEXT(2) 
PARAMETRIC_REPRESENTATION_CONTEXT() REPRESENTATION_CONTEXT('2D SPACE',''
  ) );
#2301 = ORIENTED_EDGE('',*,*,#1483,.T.);
#2302 = ORIENTED_EDGE('',*,*,#2303,.F.);
#2303 = EDGE_CURVE('',#1535,#1484,#2304,.T.);
#2304 = SURFACE_CURVE('',#2305,(#2310,#2317),.PCURVE_S1.);
#2305 = CIRCLE('',#2306,12.65);
#2306 = AXIS2_PLACEMENT_3D('',#2307,#2308,#2309);
#2307 = CARTESIAN_POINT('',(0.,0.,0.));
#2308 = DIRECTION('',(0.,0.,1.));
#2309 = DIRECTION('',(1.,0.,0.));
#2310 = PCURVE('',#1498,#2311);
#2311 = DEFINITIONAL_REPRESENTATION('',(#2312),#2316);
#2312 = LINE('',#2313,#2314);
#2313 = CARTESIAN_POINT('',(-0.,0.));
#2314 = VECTOR('',#2315,1.);
#2315 = DIRECTION('',(-1.,0.));
#2316 = ( GEOMETRIC_REPRESENTATION_CONTEXT(2) 
PARAMETRIC_REPRESENTATION_CONTEXT() REPRESENTATION_CONTEXT('2D SPACE',''
  ) );
#2317 = PCURVE('',#606,#2318);
#2318 = DEFINITIONAL_REPRESENTATION('',(#2319),#2323);
#2319 = CIRCLE('',#2320,12.65);
#2320 = AXIS2_PLACEMENT_2D('',#2321,#2322);
#2321 = CARTESIAN_POINT('',(7.057755522784E-16,-7.788169249974E-16));
#2322 = DIRECTION('',(1.,0.));
#2323 = ( GEOMETRIC_REPRESENTATION_CONTEXT(2) 
PARAMETRIC_REPRESENTATION_CONTEXT() REPRESENTATION_CONTEXT('2D SPACE',''
  ) );
#2324 = ORIENTED_EDGE('',*,*,#1534,.T.);
#2325 = ORIENTED_EDGE('',*,*,#2326,.T.);
#2326 = EDGE_CURVE('',#1537,#1537,#2327,.T.);
#2327 = SURFACE_CURVE('',#2328,(#2333,#2340),.PCURVE_S1.);
#2328 = CIRCLE('',#2329,12.65);
#2329 = AXIS2_PLACEMENT_3D('',#2330,#2331,#2332);
#2330 = CARTESIAN_POINT('',(0.,0.,24.));
#2331 = DIRECTION('',(0.,0.,1.));
#2332 = DIRECTION('',(1.,0.,0.));
#2333 = PCURVE('',#1498,#2334);
#2334 = DEFINITIONAL_REPRESENTATION('',(#2335),#2339);
#2335 = LINE('',#2336,#2337);
#2336 = CARTESIAN_POINT('',(-0.,-24.));
#2337 = VECTOR('',#2338,1.);
#2338 = DIRECTION('',(-1.,0.));
#2339 = ( GEOMETRIC_REPRESENTATION_CONTEXT(2) 
PARAMETRIC_REPRESENTATION_CONTEXT() REPRESENTATION_CONTEXT('2D SPACE',''
  ) );
#2340 = PCURVE('',#2341,#2346);
#2341 = PLANE('',#2342);
#2342 = AXIS2_PLACEMENT_3D('',#2343,#2344,#2345);
#2343 = CARTESIAN_POINT('',(-1.297176410314E-15,-8.400059686911E-17,24.)
  );
#2344 = DIRECTION('',(0.,0.,1.));
#2345 = DIRECTION('',(1.,0.,-0.));
#2346 = DEFINITIONAL_REPRESENTATION('',(#2347),#2351);
#2347 = CIRCLE('',#2348,12.65);
#2348 = AXIS2_PLACEMENT_2D('',#2349,#2350);
#2349 = CARTESIAN_POINT('',(1.297176410314E-15,8.400059686911E-17));
#2350 = DIRECTION('',(1.,0.));
#2351 = ( GEOMETRIC_REPRESENTATION_CONTEXT(2) 
PARAMETRIC_REPRESENTATION_CONTEXT() REPRESENTATION_CONTEXT('2D SPACE',''
  ) );
#2352 = ADVANCED_FACE('',(#2353),#2341,.F.);
#2353 = FACE_BOUND('',#2354,.F.);
#2354 = EDGE_LOOP('',(#2355));
#2355 = ORIENTED_EDGE('',*,*,#2326,.T.);
#2356 = ADVANCED_FACE('',(#2357),#1375,.F.);
#2357 = FACE_BOUND('',#2358,.F.);
#2358 = EDGE_LOOP('',(#2359,#2360,#2379,#2380));
#2359 = ORIENTED_EDGE('',*,*,#1324,.T.);
#2360 = ORIENTED_EDGE('',*,*,#2361,.T.);
#2361 = EDGE_CURVE('',#1299,#2204,#2362,.T.);
#2362 = SURFACE_CURVE('',#2363,(#2367,#2373),.PCURVE_S1.);
#2363 = LINE('',#2364,#2365);
#2364 = CARTESIAN_POINT('',(1.25,0.,12.15217186218));
#2365 = VECTOR('',#2366,1.);
#2366 = DIRECTION('',(0.,-1.,0.));
#2367 = PCURVE('',#1375,#2368);
#2368 = DEFINITIONAL_REPRESENTATION('',(#2369),#2372);
#2369 = B_SPLINE_CURVE_WITH_KNOTS('',1,(#2370,#2371),.UNSPECIFIED.,.F.,
  .F.,(2,2),(-15.44951455548,-12.58808960883),.PIECEWISE_BEZIER_KNOTS.);
#2370 = CARTESIAN_POINT('',(7.027881092047,-15.44951455548));
#2371 = CARTESIAN_POINT('',(7.027881092047,-12.58808960883));
#2372 = ( GEOMETRIC_REPRESENTATION_CONTEXT(2) 
PARAMETRIC_REPRESENTATION_CONTEXT() REPRESENTATION_CONTEXT('2D SPACE',''
  ) );
#2373 = PCURVE('',#1313,#2374);
#2374 = DEFINITIONAL_REPRESENTATION('',(#2375),#2378);
#2375 = B_SPLINE_CURVE_WITH_KNOTS('',1,(#2376,#2377),.UNSPECIFIED.,.F.,
  .F.,(2,2),(-15.73565705014,-12.30194711416),.PIECEWISE_BEZIER_KNOTS.);
#2376 = CARTESIAN_POINT('',(12.15217186218,-32.23565705014));
#2377 = CARTESIAN_POINT('',(12.15217186218,-28.80194711416));
#2378 = ( GEOMETRIC_REPRESENTATION_CONTEXT(2) 
PARAMETRIC_REPRESENTATION_CONTEXT() REPRESENTATION_CONTEXT('2D SPACE',''
  ) );
#2379 = ORIENTED_EDGE('',*,*,#2224,.F.);
#2380 = ORIENTED_EDGE('',*,*,#1462,.F.);
#2381 = ADVANCED_FACE('',(#2382),#1313,.F.);
#2382 = FACE_BOUND('',#2383,.F.);
#2383 = EDGE_LOOP('',(#2384,#2405,#2406,#2407));
#2384 = ORIENTED_EDGE('',*,*,#2385,.F.);
#2385 = EDGE_CURVE('',#2176,#1266,#2386,.T.);
#2386 = SURFACE_CURVE('',#2387,(#2391,#2398),.PCURVE_S1.);
#2387 = LINE('',#2388,#2389);
#2388 = CARTESIAN_POINT('',(1.25,-16.5,22.));
#2389 = VECTOR('',#2390,1.);
#2390 = DIRECTION('',(0.,1.,0.));
#2391 = PCURVE('',#1313,#2392);
#2392 = DEFINITIONAL_REPRESENTATION('',(#2393),#2397);
#2393 = LINE('',#2394,#2395);
#2394 = CARTESIAN_POINT('',(22.,0.));
#2395 = VECTOR('',#2396,1.);
#2396 = DIRECTION('',(0.,-1.));
#2397 = ( GEOMETRIC_REPRESENTATION_CONTEXT(2) 
PARAMETRIC_REPRESENTATION_CONTEXT() REPRESENTATION_CONTEXT('2D SPACE',''
  ) );
#2398 = PCURVE('',#1282,#2399);
#2399 = DEFINITIONAL_REPRESENTATION('',(#2400),#2404);
#2400 = LINE('',#2401,#2402);
#2401 = CARTESIAN_POINT('',(2.5,0.));
#2402 = VECTOR('',#2403,1.);
#2403 = DIRECTION('',(0.,1.));
#2404 = ( GEOMETRIC_REPRESENTATION_CONTEXT(2) 
PARAMETRIC_REPRESENTATION_CONTEXT() REPRESENTATION_CONTEXT('2D SPACE',''
  ) );
#2405 = ORIENTED_EDGE('',*,*,#2203,.T.);
#2406 = ORIENTED_EDGE('',*,*,#2361,.F.);
#2407 = ORIENTED_EDGE('',*,*,#1298,.F.);
#2408 = ADVANCED_FACE('',(#2409),#1282,.F.);
#2409 = FACE_BOUND('',#2410,.F.);
#2410 = EDGE_LOOP('',(#2411,#2432,#2433,#2434));
#2411 = ORIENTED_EDGE('',*,*,#2412,.F.);
#2412 = EDGE_CURVE('',#2155,#1240,#2413,.T.);
#2413 = SURFACE_CURVE('',#2414,(#2418,#2425),.PCURVE_S1.);
#2414 = LINE('',#2415,#2416);
#2415 = CARTESIAN_POINT('',(-1.25,-16.5,22.));
#2416 = VECTOR('',#2417,1.);
#2417 = DIRECTION('',(0.,1.,0.));
#2418 = PCURVE('',#1282,#2419);
#2419 = DEFINITIONAL_REPRESENTATION('',(#2420),#2424);
#2420 = LINE('',#2421,#2422);
#2421 = CARTESIAN_POINT('',(0.,0.));
#2422 = VECTOR('',#2423,1.);
#2423 = DIRECTION('',(0.,1.));
#2424 = ( GEOMETRIC_REPRESENTATION_CONTEXT(2) 
PARAMETRIC_REPRESENTATION_CONTEXT() REPRESENTATION_CONTEXT('2D SPACE',''
  ) );
#2425 = PCURVE('',#1254,#2426);
#2426 = DEFINITIONAL_REPRESENTATION('',(#2427),#2431);
#2427 = LINE('',#2428,#2429);
#2428 = CARTESIAN_POINT('',(22.,0.));
#2429 = VECTOR('',#2430,1.);
#2430 = DIRECTION('',(0.,-1.));
#2431 = ( GEOMETRIC_REPRESENTATION_CONTEXT(2) 
PARAMETRIC_REPRESENTATION_CONTEXT() REPRESENTATION_CONTEXT('2D SPACE',''
  ) );
#2432 = ORIENTED_EDGE('',*,*,#2175,.T.);
#2433 = ORIENTED_EDGE('',*,*,#2385,.T.);
#2434 = ORIENTED_EDGE('',*,*,#1265,.F.);
#2435 = ADVANCED_FACE('',(#2436),#1254,.T.);
#2436 = FACE_BOUND('',#2437,.T.);
#2437 = EDGE_LOOP('',(#2438,#2439,#2440,#2459));
#2438 = ORIENTED_EDGE('',*,*,#2412,.F.);
#2439 = ORIENTED_EDGE('',*,*,#2154,.T.);
#2440 = ORIENTED_EDGE('',*,*,#2441,.F.);
#2441 = EDGE_CURVE('',#1068,#1988,#2442,.T.);
#2442 = SURFACE_CURVE('',#2443,(#2447,#2453),.PCURVE_S1.);
#2443 = LINE('',#2444,#2445);
#2444 = CARTESIAN_POINT('',(-1.25,0.,12.15217186218));
#2445 = VECTOR('',#2446,1.);
#2446 = DIRECTION('',(0.,-1.,0.));
#2447 = PCURVE('',#1254,#2448);
#2448 = DEFINITIONAL_REPRESENTATION('',(#2449),#2452);
#2449 = B_SPLINE_CURVE_WITH_KNOTS('',1,(#2450,#2451),.UNSPECIFIED.,.F.,
  .F.,(2,2),(-15.73565705014,-12.30194711416),.PIECEWISE_BEZIER_KNOTS.);
#2450 = CARTESIAN_POINT('',(12.15217186218,-32.23565705014));
#2451 = CARTESIAN_POINT('',(12.15217186218,-28.80194711416));
#2452 = ( GEOMETRIC_REPRESENTATION_CONTEXT(2) 
PARAMETRIC_REPRESENTATION_CONTEXT() REPRESENTATION_CONTEXT('2D SPACE',''
  ) );
#2453 = PCURVE('',#1179,#2454);
#2454 = DEFINITIONAL_REPRESENTATION('',(#2455),#2458);
#2455 = B_SPLINE_CURVE_WITH_KNOTS('',1,(#2456,#2457),.UNSPECIFIED.,.F.,
  .F.,(2,2),(-15.73565705014,-12.30194711416),.PIECEWISE_BEZIER_KNOTS.);
#2456 = CARTESIAN_POINT('',(2.396896868722,-15.73565705014));
#2457 = CARTESIAN_POINT('',(2.396896868722,-12.30194711416));
#2458 = ( GEOMETRIC_REPRESENTATION_CONTEXT(2) 
PARAMETRIC_REPRESENTATION_CONTEXT() REPRESENTATION_CONTEXT('2D SPACE',''
  ) );
#2459 = ORIENTED_EDGE('',*,*,#1239,.F.);
#2460 = ADVANCED_FACE('',(#2461),#1179,.F.);
#2461 = FACE_BOUND('',#2462,.F.);
#2462 = EDGE_LOOP('',(#2463,#2464,#2465,#2484));
#2463 = ORIENTED_EDGE('',*,*,#2441,.F.);
#2464 = ORIENTED_EDGE('',*,*,#1067,.T.);
#2465 = ORIENTED_EDGE('',*,*,#2466,.T.);
#2466 = EDGE_CURVE('',#1042,#1967,#2467,.T.);
#2467 = SURFACE_CURVE('',#2468,(#2472,#2478),.PCURVE_S1.);
#2468 = LINE('',#2469,#2470);
#2469 = CARTESIAN_POINT('',(-1.25,0.,9.84782813782));
#2470 = VECTOR('',#2471,1.);
#2471 = DIRECTION('',(0.,-1.,0.));
#2472 = PCURVE('',#1179,#2473);
#2473 = DEFINITIONAL_REPRESENTATION('',(#2474),#2477);
#2474 = B_SPLINE_CURVE_WITH_KNOTS('',1,(#2475,#2476),.UNSPECIFIED.,.F.,
  .F.,(2,2),(-15.73565705014,-12.30194711416),.PIECEWISE_BEZIER_KNOTS.);
#2475 = CARTESIAN_POINT('',(3.886288438458,-15.73565705014));
#2476 = CARTESIAN_POINT('',(3.886288438458,-12.30194711416));
#2477 = ( GEOMETRIC_REPRESENTATION_CONTEXT(2) 
PARAMETRIC_REPRESENTATION_CONTEXT() REPRESENTATION_CONTEXT('2D SPACE',''
  ) );
#2478 = PCURVE('',#1056,#2479);
#2479 = DEFINITIONAL_REPRESENTATION('',(#2480),#2483);
#2480 = B_SPLINE_CURVE_WITH_KNOTS('',1,(#2481,#2482),.UNSPECIFIED.,.F.,
  .F.,(2,2),(-15.73565705014,-12.30194711416),.PIECEWISE_BEZIER_KNOTS.);
#2481 = CARTESIAN_POINT('',(9.84782813782,-32.23565705014));
#2482 = CARTESIAN_POINT('',(9.84782813782,-28.80194711416));
#2483 = ( GEOMETRIC_REPRESENTATION_CONTEXT(2) 
PARAMETRIC_REPRESENTATION_CONTEXT() REPRESENTATION_CONTEXT('2D SPACE',''
  ) );
#2484 = ORIENTED_EDGE('',*,*,#1987,.F.);
#2485 = ADVANCED_FACE('',(#2486),#1056,.T.);
#2486 = FACE_BOUND('',#2487,.T.);
#2487 = EDGE_LOOP('',(#2488,#2489,#2490,#2511));
#2488 = ORIENTED_EDGE('',*,*,#2466,.T.);
#2489 = ORIENTED_EDGE('',*,*,#1966,.T.);
#2490 = ORIENTED_EDGE('',*,*,#2491,.T.);
#2491 = EDGE_CURVE('',#1943,#1013,#2492,.T.);
#2492 = SURFACE_CURVE('',#2493,(#2497,#2504),.PCURVE_S1.);
#2493 = LINE('',#2494,#2495);
#2494 = CARTESIAN_POINT('',(-1.25,-16.5,0.));
#2495 = VECTOR('',#2496,1.);
#2496 = DIRECTION('',(0.,1.,0.));
#2497 = PCURVE('',#1056,#2498);
#2498 = DEFINITIONAL_REPRESENTATION('',(#2499),#2503);
#2499 = LINE('',#2500,#2501);
#2500 = CARTESIAN_POINT('',(0.,0.));
#2501 = VECTOR('',#2502,1.);
#2502 = DIRECTION('',(0.,-1.));
#2503 = ( GEOMETRIC_REPRESENTATION_CONTEXT(2) 
PARAMETRIC_REPRESENTATION_CONTEXT() REPRESENTATION_CONTEXT('2D SPACE',''
  ) );
#2504 = PCURVE('',#1029,#2505);
#2505 = DEFINITIONAL_REPRESENTATION('',(#2506),#2510);
#2506 = LINE('',#2507,#2508);
#2507 = CARTESIAN_POINT('',(-1.25,-16.5));
#2508 = VECTOR('',#2509,1.);
#2509 = DIRECTION('',(0.,1.));
#2510 = ( GEOMETRIC_REPRESENTATION_CONTEXT(2) 
PARAMETRIC_REPRESENTATION_CONTEXT() REPRESENTATION_CONTEXT('2D SPACE',''
  ) );
#2511 = ORIENTED_EDGE('',*,*,#1041,.F.);
#2512 = ADVANCED_FACE('',(#2513),#1029,.F.);
#2513 = FACE_BOUND('',#2514,.F.);
#2514 = EDGE_LOOP('',(#2515,#2516,#2517,#2538));
#2515 = ORIENTED_EDGE('',*,*,#2491,.T.);
#2516 = ORIENTED_EDGE('',*,*,#1012,.T.);
#2517 = ORIENTED_EDGE('',*,*,#2518,.T.);
#2518 = EDGE_CURVE('',#987,#1922,#2519,.T.);
#2519 = SURFACE_CURVE('',#2520,(#2524,#2531),.PCURVE_S1.);
#2520 = LINE('',#2521,#2522);
#2521 = CARTESIAN_POINT('',(-1.25,-16.5,0.));
#2522 = VECTOR('',#2523,1.);
#2523 = DIRECTION('',(0.,1.,0.));
#2524 = PCURVE('',#1029,#2525);
#2525 = DEFINITIONAL_REPRESENTATION('',(#2526),#2530);
#2526 = LINE('',#2527,#2528);
#2527 = CARTESIAN_POINT('',(-1.25,-16.5));
#2528 = VECTOR('',#2529,1.);
#2529 = DIRECTION('',(0.,1.));
#2530 = ( GEOMETRIC_REPRESENTATION_CONTEXT(2) 
PARAMETRIC_REPRESENTATION_CONTEXT() REPRESENTATION_CONTEXT('2D SPACE',''
  ) );
#2531 = PCURVE('',#1001,#2532);
#2532 = DEFINITIONAL_REPRESENTATION('',(#2533),#2537);
#2533 = LINE('',#2534,#2535);
#2534 = CARTESIAN_POINT('',(0.,0.));
#2535 = VECTOR('',#2536,1.);
#2536 = DIRECTION('',(0.,-1.));
#2537 = ( GEOMETRIC_REPRESENTATION_CONTEXT(2) 
PARAMETRIC_REPRESENTATION_CONTEXT() REPRESENTATION_CONTEXT('2D SPACE',''
  ) );
#2538 = ORIENTED_EDGE('',*,*,#1942,.F.);
#2539 = ADVANCED_FACE('',(#2540),#1001,.T.);
#2540 = FACE_BOUND('',#2541,.T.);
#2541 = EDGE_LOOP('',(#2542,#2561,#2562,#2563));
#2542 = ORIENTED_EDGE('',*,*,#2543,.F.);
#2543 = EDGE_CURVE('',#815,#1755,#2544,.T.);
#2544 = SURFACE_CURVE('',#2545,(#2549,#2555),.PCURVE_S1.);
#2545 = LINE('',#2546,#2547);
#2546 = CARTESIAN_POINT('',(-1.25,0.,9.84782813782));
#2547 = VECTOR('',#2548,1.);
#2548 = DIRECTION('',(-0.,1.,-0.));
#2549 = PCURVE('',#1001,#2550);
#2550 = DEFINITIONAL_REPRESENTATION('',(#2551),#2554);
#2551 = B_SPLINE_CURVE_WITH_KNOTS('',1,(#2552,#2553),.UNSPECIFIED.,.F.,
  .F.,(2,2),(-15.73565705014,-12.30194711416),.PIECEWISE_BEZIER_KNOTS.);
#2552 = CARTESIAN_POINT('',(9.84782813782,-0.764342949855));
#2553 = CARTESIAN_POINT('',(9.84782813782,-4.198052885832));
#2554 = ( GEOMETRIC_REPRESENTATION_CONTEXT(2) 
PARAMETRIC_REPRESENTATION_CONTEXT() REPRESENTATION_CONTEXT('2D SPACE',''
  ) );
#2555 = PCURVE('',#926,#2556);
#2556 = DEFINITIONAL_REPRESENTATION('',(#2557),#2560);
#2557 = B_SPLINE_CURVE_WITH_KNOTS('',1,(#2558,#2559),.UNSPECIFIED.,.F.,
  .F.,(2,2),(-15.73565705014,-12.30194711416),.PIECEWISE_BEZIER_KNOTS.);
#2558 = CARTESIAN_POINT('',(-3.886288438458,-15.73565705014));
#2559 = CARTESIAN_POINT('',(-3.886288438458,-12.30194711416));
#2560 = ( GEOMETRIC_REPRESENTATION_CONTEXT(2) 
PARAMETRIC_REPRESENTATION_CONTEXT() REPRESENTATION_CONTEXT('2D SPACE',''
  ) );
#2561 = ORIENTED_EDGE('',*,*,#986,.T.);
#2562 = ORIENTED_EDGE('',*,*,#2518,.T.);
#2563 = ORIENTED_EDGE('',*,*,#1921,.F.);
#2564 = ADVANCED_FACE('',(#2565),#926,.F.);
#2565 = FACE_BOUND('',#2566,.T.);
#2566 = EDGE_LOOP('',(#2567,#2586,#2587,#2588));
#2567 = ORIENTED_EDGE('',*,*,#2568,.F.);
#2568 = EDGE_CURVE('',#789,#1734,#2569,.T.);
#2569 = SURFACE_CURVE('',#2570,(#2574,#2580),.PCURVE_S1.);
#2570 = LINE('',#2571,#2572);
#2571 = CARTESIAN_POINT('',(-1.25,0.,12.15217186218));
#2572 = VECTOR('',#2573,1.);
#2573 = DIRECTION('',(-0.,1.,-0.));
#2574 = PCURVE('',#926,#2575);
#2575 = DEFINITIONAL_REPRESENTATION('',(#2576),#2579);
#2576 = B_SPLINE_CURVE_WITH_KNOTS('',1,(#2577,#2578),.UNSPECIFIED.,.F.,
  .F.,(2,2),(-15.73565705014,-12.30194711416),.PIECEWISE_BEZIER_KNOTS.);
#2577 = CARTESIAN_POINT('',(-2.396896868722,-15.73565705014));
#2578 = CARTESIAN_POINT('',(-2.396896868722,-12.30194711416));
#2579 = ( GEOMETRIC_REPRESENTATION_CONTEXT(2) 
PARAMETRIC_REPRESENTATION_CONTEXT() REPRESENTATION_CONTEXT('2D SPACE',''
  ) );
#2580 = PCURVE('',#803,#2581);
#2581 = DEFINITIONAL_REPRESENTATION('',(#2582),#2585);
#2582 = B_SPLINE_CURVE_WITH_KNOTS('',1,(#2583,#2584),.UNSPECIFIED.,.F.,
  .F.,(2,2),(-15.73565705014,-12.30194711416),.PIECEWISE_BEZIER_KNOTS.);
#2583 = CARTESIAN_POINT('',(12.15217186218,-0.764342949855));
#2584 = CARTESIAN_POINT('',(12.15217186218,-4.198052885832));
#2585 = ( GEOMETRIC_REPRESENTATION_CONTEXT(2) 
PARAMETRIC_REPRESENTATION_CONTEXT() REPRESENTATION_CONTEXT('2D SPACE',''
  ) );
#2586 = ORIENTED_EDGE('',*,*,#814,.T.);
#2587 = ORIENTED_EDGE('',*,*,#2543,.T.);
#2588 = ORIENTED_EDGE('',*,*,#1754,.F.);
#2589 = ADVANCED_FACE('',(#2590),#803,.T.);
#2590 = FACE_BOUND('',#2591,.T.);
#2591 = EDGE_LOOP('',(#2592,#2613,#2614,#2615));
#2592 = ORIENTED_EDGE('',*,*,#2593,.F.);
#2593 = EDGE_CURVE('',#756,#1706,#2594,.T.);
#2594 = SURFACE_CURVE('',#2595,(#2599,#2606),.PCURVE_S1.);
#2595 = LINE('',#2596,#2597);
#2596 = CARTESIAN_POINT('',(-1.25,-16.5,22.));
#2597 = VECTOR('',#2598,1.);
#2598 = DIRECTION('',(0.,1.,0.));
#2599 = PCURVE('',#803,#2600);
#2600 = DEFINITIONAL_REPRESENTATION('',(#2601),#2605);
#2601 = LINE('',#2602,#2603);
#2602 = CARTESIAN_POINT('',(22.,0.));
#2603 = VECTOR('',#2604,1.);
#2604 = DIRECTION('',(0.,-1.));
#2605 = ( GEOMETRIC_REPRESENTATION_CONTEXT(2) 
PARAMETRIC_REPRESENTATION_CONTEXT() REPRESENTATION_CONTEXT('2D SPACE',''
  ) );
#2606 = PCURVE('',#772,#2607);
#2607 = DEFINITIONAL_REPRESENTATION('',(#2608),#2612);
#2608 = LINE('',#2609,#2610);
#2609 = CARTESIAN_POINT('',(0.,0.));
#2610 = VECTOR('',#2611,1.);
#2611 = DIRECTION('',(0.,1.));
#2612 = ( GEOMETRIC_REPRESENTATION_CONTEXT(2) 
PARAMETRIC_REPRESENTATION_CONTEXT() REPRESENTATION_CONTEXT('2D SPACE',''
  ) );
#2613 = ORIENTED_EDGE('',*,*,#788,.T.);
#2614 = ORIENTED_EDGE('',*,*,#2568,.T.);
#2615 = ORIENTED_EDGE('',*,*,#1733,.F.);
#2616 = ADVANCED_FACE('',(#2617),#772,.F.);
#2617 = FACE_BOUND('',#2618,.F.);
#2618 = EDGE_LOOP('',(#2619,#2620,#2621,#2642));
#2619 = ORIENTED_EDGE('',*,*,#2593,.F.);
#2620 = ORIENTED_EDGE('',*,*,#755,.F.);
#2621 = ORIENTED_EDGE('',*,*,#2622,.T.);
#2622 = EDGE_CURVE('',#730,#1685,#2623,.T.);
#2623 = SURFACE_CURVE('',#2624,(#2628,#2635),.PCURVE_S1.);
#2624 = LINE('',#2625,#2626);
#2625 = CARTESIAN_POINT('',(1.25,-16.5,22.));
#2626 = VECTOR('',#2627,1.);
#2627 = DIRECTION('',(0.,1.,0.));
#2628 = PCURVE('',#772,#2629);
#2629 = DEFINITIONAL_REPRESENTATION('',(#2630),#2634);
#2630 = LINE('',#2631,#2632);
#2631 = CARTESIAN_POINT('',(2.5,0.));
#2632 = VECTOR('',#2633,1.);
#2633 = DIRECTION('',(0.,1.));
#2634 = ( GEOMETRIC_REPRESENTATION_CONTEXT(2) 
PARAMETRIC_REPRESENTATION_CONTEXT() REPRESENTATION_CONTEXT('2D SPACE',''
  ) );
#2635 = PCURVE('',#744,#2636);
#2636 = DEFINITIONAL_REPRESENTATION('',(#2637),#2641);
#2637 = LINE('',#2638,#2639);
#2638 = CARTESIAN_POINT('',(22.,0.));
#2639 = VECTOR('',#2640,1.);
#2640 = DIRECTION('',(0.,-1.));
#2641 = ( GEOMETRIC_REPRESENTATION_CONTEXT(2) 
PARAMETRIC_REPRESENTATION_CONTEXT() REPRESENTATION_CONTEXT('2D SPACE',''
  ) );
#2642 = ORIENTED_EDGE('',*,*,#1705,.T.);
#2643 = ADVANCED_FACE('',(#2644),#744,.F.);
#2644 = FACE_BOUND('',#2645,.F.);
#2645 = EDGE_LOOP('',(#2646,#2647,#2648,#2667));
#2646 = ORIENTED_EDGE('',*,*,#2622,.F.);
#2647 = ORIENTED_EDGE('',*,*,#729,.T.);
#2648 = ORIENTED_EDGE('',*,*,#2649,.T.);
#2649 = EDGE_CURVE('',#645,#1605,#2650,.T.);
#2650 = SURFACE_CURVE('',#2651,(#2655,#2661),.PCURVE_S1.);
#2651 = LINE('',#2652,#2653);
#2652 = CARTESIAN_POINT('',(1.25,0.,12.15217186218));
#2653 = VECTOR('',#2654,1.);
#2654 = DIRECTION('',(-0.,1.,-0.));
#2655 = PCURVE('',#744,#2656);
#2656 = DEFINITIONAL_REPRESENTATION('',(#2657),#2660);
#2657 = B_SPLINE_CURVE_WITH_KNOTS('',1,(#2658,#2659),.UNSPECIFIED.,.F.,
  .F.,(2,2),(-15.73565705014,-12.30194711416),.PIECEWISE_BEZIER_KNOTS.);
#2658 = CARTESIAN_POINT('',(12.15217186218,-0.764342949855));
#2659 = CARTESIAN_POINT('',(12.15217186218,-4.198052885832));
#2660 = ( GEOMETRIC_REPRESENTATION_CONTEXT(2) 
PARAMETRIC_REPRESENTATION_CONTEXT() REPRESENTATION_CONTEXT('2D SPACE',''
  ) );
#2661 = PCURVE('',#695,#2662);
#2662 = DEFINITIONAL_REPRESENTATION('',(#2663),#2666);
#2663 = B_SPLINE_CURVE_WITH_KNOTS('',1,(#2664,#2665),.UNSPECIFIED.,.F.,
  .F.,(2,2),(-15.44951455548,-12.58808960883),.PIECEWISE_BEZIER_KNOTS.);
#2664 = CARTESIAN_POINT('',(-7.027881092047,-15.44951455548));
#2665 = CARTESIAN_POINT('',(-7.027881092047,-12.58808960883));
#2666 = ( GEOMETRIC_REPRESENTATION_CONTEXT(2) 
PARAMETRIC_REPRESENTATION_CONTEXT() REPRESENTATION_CONTEXT('2D SPACE',''
  ) );
#2667 = ORIENTED_EDGE('',*,*,#1684,.F.);
#2668 = ADVANCED_FACE('',(#2669),#695,.F.);
#2669 = FACE_BOUND('',#2670,.T.);
#2670 = EDGE_LOOP('',(#2671,#2672,#2691,#2692));
#2671 = ORIENTED_EDGE('',*,*,#1604,.T.);
#2672 = ORIENTED_EDGE('',*,*,#2673,.F.);
#2673 = EDGE_CURVE('',#619,#1584,#2674,.T.);
#2674 = SURFACE_CURVE('',#2675,(#2679,#2685),.PCURVE_S1.);
#2675 = LINE('',#2676,#2677);
#2676 = CARTESIAN_POINT('',(1.25,0.,9.84782813782));
#2677 = VECTOR('',#2678,1.);
#2678 = DIRECTION('',(-0.,1.,-0.));
#2679 = PCURVE('',#695,#2680);
#2680 = DEFINITIONAL_REPRESENTATION('',(#2681),#2684);
#2681 = B_SPLINE_CURVE_WITH_KNOTS('',1,(#2682,#2683),.UNSPECIFIED.,.F.,
  .F.,(2,2),(-15.44951455548,-12.58808960883),.PIECEWISE_BEZIER_KNOTS.);
#2682 = CARTESIAN_POINT('',(-5.538489522312,-15.44951455548));
#2683 = CARTESIAN_POINT('',(-5.538489522312,-12.58808960883));
#2684 = ( GEOMETRIC_REPRESENTATION_CONTEXT(2) 
PARAMETRIC_REPRESENTATION_CONTEXT() REPRESENTATION_CONTEXT('2D SPACE',''
  ) );
#2685 = PCURVE('',#633,#2686);
#2686 = DEFINITIONAL_REPRESENTATION('',(#2687),#2690);
#2687 = B_SPLINE_CURVE_WITH_KNOTS('',1,(#2688,#2689),.UNSPECIFIED.,.F.,
  .F.,(2,2),(-15.73565705014,-12.30194711416),.PIECEWISE_BEZIER_KNOTS.);
#2688 = CARTESIAN_POINT('',(9.84782813782,-0.764342949855));
#2689 = CARTESIAN_POINT('',(9.84782813782,-4.198052885832));
#2690 = ( GEOMETRIC_REPRESENTATION_CONTEXT(2) 
PARAMETRIC_REPRESENTATION_CONTEXT() REPRESENTATION_CONTEXT('2D SPACE',''
  ) );
#2691 = ORIENTED_EDGE('',*,*,#644,.F.);
#2692 = ORIENTED_EDGE('',*,*,#2649,.T.);
#2693 = ADVANCED_FACE('',(#2694),#633,.F.);
#2694 = FACE_BOUND('',#2695,.F.);
#2695 = EDGE_LOOP('',(#2696,#2697,#2698,#2719));
#2696 = ORIENTED_EDGE('',*,*,#2673,.F.);
#2697 = ORIENTED_EDGE('',*,*,#618,.T.);
#2698 = ORIENTED_EDGE('',*,*,#2699,.T.);
#2699 = EDGE_CURVE('',#590,#1560,#2700,.T.);
#2700 = SURFACE_CURVE('',#2701,(#2705,#2712),.PCURVE_S1.);
#2701 = LINE('',#2702,#2703);
#2702 = CARTESIAN_POINT('',(1.25,-16.5,0.));
#2703 = VECTOR('',#2704,1.);
#2704 = DIRECTION('',(0.,1.,0.));
#2705 = PCURVE('',#633,#2706);
#2706 = DEFINITIONAL_REPRESENTATION('',(#2707),#2711);
#2707 = LINE('',#2708,#2709);
#2708 = CARTESIAN_POINT('',(0.,0.));
#2709 = VECTOR('',#2710,1.);
#2710 = DIRECTION('',(0.,-1.));
#2711 = ( GEOMETRIC_REPRESENTATION_CONTEXT(2) 
PARAMETRIC_REPRESENTATION_CONTEXT() REPRESENTATION_CONTEXT('2D SPACE',''
  ) );
#2712 = PCURVE('',#606,#2713);
#2713 = DEFINITIONAL_REPRESENTATION('',(#2714),#2718);
#2714 = LINE('',#2715,#2716);
#2715 = CARTESIAN_POINT('',(1.25,-16.5));
#2716 = VECTOR('',#2717,1.);
#2717 = DIRECTION('',(0.,1.));
#2718 = ( GEOMETRIC_REPRESENTATION_CONTEXT(2) 
PARAMETRIC_REPRESENTATION_CONTEXT() REPRESENTATION_CONTEXT('2D SPACE',''
  ) );
#2719 = ORIENTED_EDGE('',*,*,#1583,.F.);
#2720 = ADVANCED_FACE('',(#2721),#606,.F.);
#2721 = FACE_BOUND('',#2722,.F.);
#2722 = EDGE_LOOP('',(#2723,#2724,#2725,#2726,#2727,#2728));
#2723 = ORIENTED_EDGE('',*,*,#589,.T.);
#2724 = ORIENTED_EDGE('',*,*,#1435,.T.);
#2725 = ORIENTED_EDGE('',*,*,#1509,.F.);
#2726 = ORIENTED_EDGE('',*,*,#2303,.F.);
#2727 = ORIENTED_EDGE('',*,*,#1559,.F.);
#2728 = ORIENTED_EDGE('',*,*,#2699,.F.);
#2729 = ADVANCED_FACE('',(#2730),#431,.F.);
#2730 = FACE_BOUND('',#2731,.T.);
#2731 = EDGE_LOOP('',(#2732,#2733,#2756,#2782));
#2732 = ORIENTED_EDGE('',*,*,#410,.T.);
#2733 = ORIENTED_EDGE('',*,*,#2734,.T.);
#2734 = EDGE_CURVE('',#411,#2735,#2737,.T.);
#2735 = VERTEX_POINT('',#2736);
#2736 = CARTESIAN_POINT('',(-10.8,12.5,35.));
#2737 = SEAM_CURVE('',#2738,(#2742,#2749),.PCURVE_S1.);
#2738 = LINE('',#2739,#2740);
#2739 = CARTESIAN_POINT('',(-10.8,12.5,28.));
#2740 = VECTOR('',#2741,1.);
#2741 = DIRECTION('',(0.,0.,1.));
#2742 = PCURVE('',#431,#2743);
#2743 = DEFINITIONAL_REPRESENTATION('',(#2744),#2748);
#2744 = LINE('',#2745,#2746);
#2745 = CARTESIAN_POINT('',(-6.28318530718,0.));
#2746 = VECTOR('',#2747,1.);
#2747 = DIRECTION('',(-0.,-1.));
#2748 = ( GEOMETRIC_REPRESENTATION_CONTEXT(2) 
PARAMETRIC_REPRESENTATION_CONTEXT() REPRESENTATION_CONTEXT('2D SPACE',''
  ) );
#2749 = PCURVE('',#431,#2750);
#2750 = DEFINITIONAL_REPRESENTATION('',(#2751),#2755);
#2751 = LINE('',#2752,#2753);
#2752 = CARTESIAN_POINT('',(-0.,0.));
#2753 = VECTOR('',#2754,1.);
#2754 = DIRECTION('',(-0.,-1.));
#2755 = ( GEOMETRIC_REPRESENTATION_CONTEXT(2) 
PARAMETRIC_REPRESENTATION_CONTEXT() REPRESENTATION_CONTEXT('2D SPACE',''
  ) );
#2756 = ORIENTED_EDGE('',*,*,#2757,.F.);
#2757 = EDGE_CURVE('',#2735,#2735,#2758,.T.);
#2758 = SURFACE_CURVE('',#2759,(#2764,#2771),.PCURVE_S1.);
#2759 = CIRCLE('',#2760,1.7);
#2760 = AXIS2_PLACEMENT_3D('',#2761,#2762,#2763);
#2761 = CARTESIAN_POINT('',(-12.5,12.5,35.));
#2762 = DIRECTION('',(0.,0.,-1.));
#2763 = DIRECTION('',(1.,0.,0.));
#2764 = PCURVE('',#431,#2765);
#2765 = DEFINITIONAL_REPRESENTATION('',(#2766),#2770);
#2766 = LINE('',#2767,#2768);
#2767 = CARTESIAN_POINT('',(-6.28318530718,-7.));
#2768 = VECTOR('',#2769,1.);
#2769 = DIRECTION('',(1.,-0.));
#2770 = ( GEOMETRIC_REPRESENTATION_CONTEXT(2) 
PARAMETRIC_REPRESENTATION_CONTEXT() REPRESENTATION_CONTEXT('2D SPACE',''
  ) );
#2771 = PCURVE('',#44,#2772);
#2772 = DEFINITIONAL_REPRESENTATION('',(#2773),#2781);
#2773 = ( BOUNDED_CURVE() B_SPLINE_CURVE(2,(#2774,#2775,#2776,#2777,
#2778,#2779,#2780),.UNSPECIFIED.,.T.,.F.) B_SPLINE_CURVE_WITH_KNOTS((1,2
    ,2,2,2,1),(-2.094395102393,0.,2.094395102393,4.188790204786,
6.28318530718,8.377580409573),.UNSPECIFIED.) CURVE() 
GEOMETRIC_REPRESENTATION_ITEM() RATIONAL_B_SPLINE_CURVE((1.,0.5,1.,0.5,
1.,0.5,1.)) REPRESENTATION_ITEM('') );
#2774 = CARTESIAN_POINT('',(9.2,32.5));
#2775 = CARTESIAN_POINT('',(9.2,29.555513627133));
#2776 = CARTESIAN_POINT('',(6.65,31.027756813566));
#2777 = CARTESIAN_POINT('',(4.1,32.5));
#2778 = CARTESIAN_POINT('',(6.65,33.972243186434));
#2779 = CARTESIAN_POINT('',(9.2,35.444486372867));
#2780 = CARTESIAN_POINT('',(9.2,32.5));
#2781 = ( GEOMETRIC_REPRESENTATION_CONTEXT(2) 
PARAMETRIC_REPRESENTATION_CONTEXT() REPRESENTATION_CONTEXT('2D SPACE',''
  ) );
#2782 = ORIENTED_EDGE('',*,*,#2734,.F.);
#2783 = ADVANCED_FACE('',(#2784),#396,.F.);
#2784 = FACE_BOUND('',#2785,.T.);
#2785 = EDGE_LOOP('',(#2786,#2787,#2810,#2836));
#2786 = ORIENTED_EDGE('',*,*,#375,.T.);
#2787 = ORIENTED_EDGE('',*,*,#2788,.T.);
#2788 = EDGE_CURVE('',#376,#2789,#2791,.T.);
#2789 = VERTEX_POINT('',#2790);
#2790 = CARTESIAN_POINT('',(14.2,-12.5,35.));
#2791 = SEAM_CURVE('',#2792,(#2796,#2803),.PCURVE_S1.);
#2792 = LINE('',#2793,#2794);
#2793 = CARTESIAN_POINT('',(14.2,-12.5,28.));
#2794 = VECTOR('',#2795,1.);
#2795 = DIRECTION('',(0.,0.,1.));
#2796 = PCURVE('',#396,#2797);
#2797 = DEFINITIONAL_REPRESENTATION('',(#2798),#2802);
#2798 = LINE('',#2799,#2800);
#2799 = CARTESIAN_POINT('',(-6.28318530718,0.));
#2800 = VECTOR('',#2801,1.);
#2801 = DIRECTION('',(-0.,-1.));
#2802 = ( GEOMETRIC_REPRESENTATION_CONTEXT(2) 
PARAMETRIC_REPRESENTATION_CONTEXT() REPRESENTATION_CONTEXT('2D SPACE',''
  ) );
#2803 = PCURVE('',#396,#2804);
#2804 = DEFINITIONAL_REPRESENTATION('',(#2805),#2809);
#2805 = LINE('',#2806,#2807);
#2806 = CARTESIAN_POINT('',(-0.,0.));
#2807 = VECTOR('',#2808,1.);
#2808 = DIRECTION('',(-0.,-1.));
#2809 = ( GEOMETRIC_REPRESENTATION_CONTEXT(2) 
PARAMETRIC_REPRESENTATION_CONTEXT() REPRESENTATION_CONTEXT('2D SPACE',''
  ) );
#2810 = ORIENTED_EDGE('',*,*,#2811,.F.);
#2811 = EDGE_CURVE('',#2789,#2789,#2812,.T.);
#2812 = SURFACE_CURVE('',#2813,(#2818,#2825),.PCURVE_S1.);
#2813 = CIRCLE('',#2814,1.7);
#2814 = AXIS2_PLACEMENT_3D('',#2815,#2816,#2817);
#2815 = CARTESIAN_POINT('',(12.5,-12.5,35.));
#2816 = DIRECTION('',(0.,0.,-1.));
#2817 = DIRECTION('',(1.,0.,0.));
#2818 = PCURVE('',#396,#2819);
#2819 = DEFINITIONAL_REPRESENTATION('',(#2820),#2824);
#2820 = LINE('',#2821,#2822);
#2821 = CARTESIAN_POINT('',(-6.28318530718,-7.));
#2822 = VECTOR('',#2823,1.);
#2823 = DIRECTION('',(1.,-0.));
#2824 = ( GEOMETRIC_REPRESENTATION_CONTEXT(2) 
PARAMETRIC_REPRESENTATION_CONTEXT() REPRESENTATION_CONTEXT('2D SPACE',''
  ) );
#2825 = PCURVE('',#44,#2826);
#2826 = DEFINITIONAL_REPRESENTATION('',(#2827),#2835);
#2827 = ( BOUNDED_CURVE() B_SPLINE_CURVE(2,(#2828,#2829,#2830,#2831,
#2832,#2833,#2834),.UNSPECIFIED.,.T.,.F.) B_SPLINE_CURVE_WITH_KNOTS((1,2
    ,2,2,2,1),(-2.094395102393,0.,2.094395102393,4.188790204786,
6.28318530718,8.377580409573),.UNSPECIFIED.) CURVE() 
GEOMETRIC_REPRESENTATION_ITEM() RATIONAL_B_SPLINE_CURVE((1.,0.5,1.,0.5,
1.,0.5,1.)) REPRESENTATION_ITEM('') );
#2828 = CARTESIAN_POINT('',(34.2,7.5));
#2829 = CARTESIAN_POINT('',(34.2,4.555513627133));
#2830 = CARTESIAN_POINT('',(31.65,6.027756813566));
#2831 = CARTESIAN_POINT('',(29.1,7.5));
#2832 = CARTESIAN_POINT('',(31.65,8.972243186434));
#2833 = CARTESIAN_POINT('',(34.2,10.444486372867));
#2834 = CARTESIAN_POINT('',(34.2,7.5));
#2835 = ( GEOMETRIC_REPRESENTATION_CONTEXT(2) 
PARAMETRIC_REPRESENTATION_CONTEXT() REPRESENTATION_CONTEXT('2D SPACE',''
  ) );
#2836 = ORIENTED_EDGE('',*,*,#2788,.F.);
#2837 = ADVANCED_FACE('',(#2838),#361,.F.);
#2838 = FACE_BOUND('',#2839,.T.);
#2839 = EDGE_LOOP('',(#2840,#2841,#2864,#2890));
#2840 = ORIENTED_EDGE('',*,*,#340,.T.);
#2841 = ORIENTED_EDGE('',*,*,#2842,.T.);
#2842 = EDGE_CURVE('',#341,#2843,#2845,.T.);
#2843 = VERTEX_POINT('',#2844);
#2844 = CARTESIAN_POINT('',(-10.8,-12.5,35.));
#2845 = SEAM_CURVE('',#2846,(#2850,#2857),.PCURVE_S1.);
#2846 = LINE('',#2847,#2848);
#2847 = CARTESIAN_POINT('',(-10.8,-12.5,28.));
#2848 = VECTOR('',#2849,1.);
#2849 = DIRECTION('',(0.,0.,1.));
#2850 = PCURVE('',#361,#2851);
#2851 = DEFINITIONAL_REPRESENTATION('',(#2852),#2856);
#2852 = LINE('',#2853,#2854);
#2853 = CARTESIAN_POINT('',(-6.28318530718,0.));
#2854 = VECTOR('',#2855,1.);
#2855 = DIRECTION('',(-0.,-1.));
#2856 = ( GEOMETRIC_REPRESENTATION_CONTEXT(2) 
PARAMETRIC_REPRESENTATION_CONTEXT() REPRESENTATION_CONTEXT('2D SPACE',''
  ) );
#2857 = PCURVE('',#361,#2858);
#2858 = DEFINITIONAL_REPRESENTATION('',(#2859),#2863);
#2859 = LINE('',#2860,#2861);
#2860 = CARTESIAN_POINT('',(-0.,0.));
#2861 = VECTOR('',#2862,1.);
#2862 = DIRECTION('',(-0.,-1.));
#2863 = ( GEOMETRIC_REPRESENTATION_CONTEXT(2) 
PARAMETRIC_REPRESENTATION_CONTEXT() REPRESENTATION_CONTEXT('2D SPACE',''
  ) );
#2864 = ORIENTED_EDGE('',*,*,#2865,.F.);
#2865 = EDGE_CURVE('',#2843,#2843,#2866,.T.);
#2866 = SURFACE_CURVE('',#2867,(#2872,#2879),.PCURVE_S1.);
#2867 = CIRCLE('',#2868,1.7);
#2868 = AXIS2_PLACEMENT_3D('',#2869,#2870,#2871);
#2869 = CARTESIAN_POINT('',(-12.5,-12.5,35.));
#2870 = DIRECTION('',(0.,0.,-1.));
#2871 = DIRECTION('',(1.,0.,0.));
#2872 = PCURVE('',#361,#2873);
#2873 = DEFINITIONAL_REPRESENTATION('',(#2874),#2878);
#2874 = LINE('',#2875,#2876);
#2875 = CARTESIAN_POINT('',(-6.28318530718,-7.));
#2876 = VECTOR('',#2877,1.);
#2877 = DIRECTION('',(1.,-0.));
#2878 = ( GEOMETRIC_REPRESENTATION_CONTEXT(2) 
PARAMETRIC_REPRESENTATION_CONTEXT() REPRESENTATION_CONTEXT('2D SPACE',''
  ) );
#2879 = PCURVE('',#44,#2880);
#2880 = DEFINITIONAL_REPRESENTATION('',(#2881),#2889);
#2881 = ( BOUNDED_CURVE() B_SPLINE_CURVE(2,(#2882,#2883,#2884,#2885,
#2886,#2887,#2888),.UNSPECIFIED.,.T.,.F.) B_SPLINE_CURVE_WITH_KNOTS((1,2
    ,2,2,2,1),(-2.094395102393,0.,2.094395102393,4.188790204786,
6.28318530718,8.377580409573),.UNSPECIFIED.) CURVE() 
GEOMETRIC_REPRESENTATION_ITEM() RATIONAL_B_SPLINE_CURVE((1.,0.5,1.,0.5,
1.,0.5,1.)) REPRESENTATION_ITEM('') );
#2882 = CARTESIAN_POINT('',(9.2,7.5));
#2883 = CARTESIAN_POINT('',(9.2,4.555513627133));
#2884 = CARTESIAN_POINT('',(6.65,6.027756813566));
#2885 = CARTESIAN_POINT('',(4.1,7.5));
#2886 = CARTESIAN_POINT('',(6.65,8.972243186434));
#2887 = CARTESIAN_POINT('',(9.2,10.444486372867));
#2888 = CARTESIAN_POINT('',(9.2,7.5));
#2889 = ( GEOMETRIC_REPRESENTATION_CONTEXT(2) 
PARAMETRIC_REPRESENTATION_CONTEXT() REPRESENTATION_CONTEXT('2D SPACE',''
  ) );
#2890 = ORIENTED_EDGE('',*,*,#2842,.F.);
#2891 = ADVANCED_FACE('',(#2892),#243,.T.);
#2892 = FACE_BOUND('',#2893,.T.);
#2893 = EDGE_LOOP('',(#2894,#2919,#2940,#2941));
#2894 = ORIENTED_EDGE('',*,*,#2895,.F.);
#2895 = EDGE_CURVE('',#2896,#2898,#2900,.T.);
#2896 = VERTEX_POINT('',#2897);
#2897 = CARTESIAN_POINT('',(20.,-15.,35.));
#2898 = VERTEX_POINT('',#2899);
#2899 = CARTESIAN_POINT('',(20.,15.,35.));
#2900 = SURFACE_CURVE('',#2901,(#2905,#2912),.PCURVE_S1.);
#2901 = LINE('',#2902,#2903);
#2902 = CARTESIAN_POINT('',(20.,-20.,35.));
#2903 = VECTOR('',#2904,1.);
#2904 = DIRECTION('',(0.,1.,0.));
#2905 = PCURVE('',#243,#2906);
#2906 = DEFINITIONAL_REPRESENTATION('',(#2907),#2911);
#2907 = LINE('',#2908,#2909);
#2908 = CARTESIAN_POINT('',(5.,0.));
#2909 = VECTOR('',#2910,1.);
#2910 = DIRECTION('',(0.,-1.));
#2911 = ( GEOMETRIC_REPRESENTATION_CONTEXT(2) 
PARAMETRIC_REPRESENTATION_CONTEXT() REPRESENTATION_CONTEXT('2D SPACE',''
  ) );
#2912 = PCURVE('',#44,#2913);
#2913 = DEFINITIONAL_REPRESENTATION('',(#2914),#2918);
#2914 = LINE('',#2915,#2916);
#2915 = CARTESIAN_POINT('',(40.,0.));
#2916 = VECTOR('',#2917,1.);
#2917 = DIRECTION('',(0.,1.));
#2918 = ( GEOMETRIC_REPRESENTATION_CONTEXT(2) 
PARAMETRIC_REPRESENTATION_CONTEXT() REPRESENTATION_CONTEXT('2D SPACE',''
  ) );
#2919 = ORIENTED_EDGE('',*,*,#2920,.F.);
#2920 = EDGE_CURVE('',#195,#2896,#2921,.T.);
#2921 = SURFACE_CURVE('',#2922,(#2926,#2933),.PCURVE_S1.);
#2922 = LINE('',#2923,#2924);
#2923 = CARTESIAN_POINT('',(20.,-15.,30.));
#2924 = VECTOR('',#2925,1.);
#2925 = DIRECTION('',(0.,0.,1.));
#2926 = PCURVE('',#243,#2927);
#2927 = DEFINITIONAL_REPRESENTATION('',(#2928),#2932);
#2928 = LINE('',#2929,#2930);
#2929 = CARTESIAN_POINT('',(0.,-5.));
#2930 = VECTOR('',#2931,1.);
#2931 = DIRECTION('',(1.,0.));
#2932 = ( GEOMETRIC_REPRESENTATION_CONTEXT(2) 
PARAMETRIC_REPRESENTATION_CONTEXT() REPRESENTATION_CONTEXT('2D SPACE',''
  ) );
#2933 = PCURVE('',#215,#2934);
#2934 = DEFINITIONAL_REPRESENTATION('',(#2935),#2939);
#2935 = LINE('',#2936,#2937);
#2936 = CARTESIAN_POINT('',(-0.,0.));
#2937 = VECTOR('',#2938,1.);
#2938 = DIRECTION('',(-0.,1.));
#2939 = ( GEOMETRIC_REPRESENTATION_CONTEXT(2) 
PARAMETRIC_REPRESENTATION_CONTEXT() REPRESENTATION_CONTEXT('2D SPACE',''
  ) );
#2940 = ORIENTED_EDGE('',*,*,#227,.T.);
#2941 = ORIENTED_EDGE('',*,*,#2942,.T.);
#2942 = EDGE_CURVE('',#228,#2898,#2943,.T.);
#2943 = SURFACE_CURVE('',#2944,(#2948,#2955),.PCURVE_S1.);
#2944 = LINE('',#2945,#2946);
#2945 = CARTESIAN_POINT('',(20.,15.,30.));
#2946 = VECTOR('',#2947,1.);
#2947 = DIRECTION('',(0.,0.,1.));
#2948 = PCURVE('',#243,#2949);
#2949 = DEFINITIONAL_REPRESENTATION('',(#2950),#2954);
#2950 = LINE('',#2951,#2952);
#2951 = CARTESIAN_POINT('',(0.,-35.));
#2952 = VECTOR('',#2953,1.);
#2953 = DIRECTION('',(1.,0.));
#2954 = ( GEOMETRIC_REPRESENTATION_CONTEXT(2) 
PARAMETRIC_REPRESENTATION_CONTEXT() REPRESENTATION_CONTEXT('2D SPACE',''
  ) );
#2955 = PCURVE('',#272,#2956);
#2956 = DEFINITIONAL_REPRESENTATION('',(#2957),#2961);
#2957 = LINE('',#2958,#2959);
#2958 = CARTESIAN_POINT('',(0.,0.));
#2959 = VECTOR('',#2960,1.);
#2960 = DIRECTION('',(0.,1.));
#2961 = ( GEOMETRIC_REPRESENTATION_CONTEXT(2) 
PARAMETRIC_REPRESENTATION_CONTEXT() REPRESENTATION_CONTEXT('2D SPACE',''
  ) );
#2962 = ADVANCED_FACE('',(#2963),#272,.T.);
#2963 = FACE_BOUND('',#2964,.T.);
#2964 = EDGE_LOOP('',(#2965,#2966,#2989,#3011));
#2965 = ORIENTED_EDGE('',*,*,#255,.T.);
#2966 = ORIENTED_EDGE('',*,*,#2967,.T.);
#2967 = EDGE_CURVE('',#256,#2968,#2970,.T.);
#2968 = VERTEX_POINT('',#2969);
#2969 = CARTESIAN_POINT('',(15.,20.,35.));
#2970 = SURFACE_CURVE('',#2971,(#2975,#2982),.PCURVE_S1.);
#2971 = LINE('',#2972,#2973);
#2972 = CARTESIAN_POINT('',(15.,20.,30.));
#2973 = VECTOR('',#2974,1.);
#2974 = DIRECTION('',(0.,0.,1.));
#2975 = PCURVE('',#272,#2976);
#2976 = DEFINITIONAL_REPRESENTATION('',(#2977),#2981);
#2977 = LINE('',#2978,#2979);
#2978 = CARTESIAN_POINT('',(1.570796326795,0.));
#2979 = VECTOR('',#2980,1.);
#2980 = DIRECTION('',(0.,1.));
#2981 = ( GEOMETRIC_REPRESENTATION_CONTEXT(2) 
PARAMETRIC_REPRESENTATION_CONTEXT() REPRESENTATION_CONTEXT('2D SPACE',''
  ) );
#2982 = PCURVE('',#300,#2983);
#2983 = DEFINITIONAL_REPRESENTATION('',(#2984),#2988);
#2984 = LINE('',#2985,#2986);
#2985 = CARTESIAN_POINT('',(0.,35.));
#2986 = VECTOR('',#2987,1.);
#2987 = DIRECTION('',(1.,0.));
#2988 = ( GEOMETRIC_REPRESENTATION_CONTEXT(2) 
PARAMETRIC_REPRESENTATION_CONTEXT() REPRESENTATION_CONTEXT('2D SPACE',''
  ) );
#2989 = ORIENTED_EDGE('',*,*,#2990,.F.);
#2990 = EDGE_CURVE('',#2898,#2968,#2991,.T.);
#2991 = SURFACE_CURVE('',#2992,(#2997,#3004),.PCURVE_S1.);
#2992 = CIRCLE('',#2993,5.);
#2993 = AXIS2_PLACEMENT_3D('',#2994,#2995,#2996);
#2994 = CARTESIAN_POINT('',(15.,15.,35.));
#2995 = DIRECTION('',(0.,0.,1.));
#2996 = DIRECTION('',(0.,-1.,0.));
#2997 = PCURVE('',#272,#2998);
#2998 = DEFINITIONAL_REPRESENTATION('',(#2999),#3003);
#2999 = LINE('',#3000,#3001);
#3000 = CARTESIAN_POINT('',(-1.570796326795,5.));
#3001 = VECTOR('',#3002,1.);
#3002 = DIRECTION('',(1.,0.));
#3003 = ( GEOMETRIC_REPRESENTATION_CONTEXT(2) 
PARAMETRIC_REPRESENTATION_CONTEXT() REPRESENTATION_CONTEXT('2D SPACE',''
  ) );
#3004 = PCURVE('',#44,#3005);
#3005 = DEFINITIONAL_REPRESENTATION('',(#3006),#3010);
#3006 = CIRCLE('',#3007,5.);
#3007 = AXIS2_PLACEMENT_2D('',#3008,#3009);
#3008 = CARTESIAN_POINT('',(35.,35.));
#3009 = DIRECTION('',(0.,-1.));
#3010 = ( GEOMETRIC_REPRESENTATION_CONTEXT(2) 
PARAMETRIC_REPRESENTATION_CONTEXT() REPRESENTATION_CONTEXT('2D SPACE',''
  ) );
#3011 = ORIENTED_EDGE('',*,*,#2942,.F.);
#3012 = ADVANCED_FACE('',(#3013),#215,.T.);
#3013 = FACE_BOUND('',#3014,.F.);
#3014 = EDGE_LOOP('',(#3015,#3016,#3039,#3065));
#3015 = ORIENTED_EDGE('',*,*,#194,.T.);
#3016 = ORIENTED_EDGE('',*,*,#3017,.T.);
#3017 = EDGE_CURVE('',#167,#3018,#3020,.T.);
#3018 = VERTEX_POINT('',#3019);
#3019 = CARTESIAN_POINT('',(15.,-20.,35.));
#3020 = SURFACE_CURVE('',#3021,(#3025,#3032),.PCURVE_S1.);
#3021 = LINE('',#3022,#3023);
#3022 = CARTESIAN_POINT('',(15.,-20.,30.));
#3023 = VECTOR('',#3024,1.);
#3024 = DIRECTION('',(0.,0.,1.));
#3025 = PCURVE('',#215,#3026);
#3026 = DEFINITIONAL_REPRESENTATION('',(#3027),#3031);
#3027 = LINE('',#3028,#3029);
#3028 = CARTESIAN_POINT('',(-1.570796326795,0.));
#3029 = VECTOR('',#3030,1.);
#3030 = DIRECTION('',(-0.,1.));
#3031 = ( GEOMETRIC_REPRESENTATION_CONTEXT(2) 
PARAMETRIC_REPRESENTATION_CONTEXT() REPRESENTATION_CONTEXT('2D SPACE',''
  ) );
#3032 = PCURVE('',#182,#3033);
#3033 = DEFINITIONAL_REPRESENTATION('',(#3034),#3038);
#3034 = LINE('',#3035,#3036);
#3035 = CARTESIAN_POINT('',(0.,35.));
#3036 = VECTOR('',#3037,1.);
#3037 = DIRECTION('',(1.,0.));
#3038 = ( GEOMETRIC_REPRESENTATION_CONTEXT(2) 
PARAMETRIC_REPRESENTATION_CONTEXT() REPRESENTATION_CONTEXT('2D SPACE',''
  ) );
#3039 = ORIENTED_EDGE('',*,*,#3040,.F.);
#3040 = EDGE_CURVE('',#2896,#3018,#3041,.T.);
#3041 = SURFACE_CURVE('',#3042,(#3047,#3054),.PCURVE_S1.);
#3042 = CIRCLE('',#3043,5.);
#3043 = AXIS2_PLACEMENT_3D('',#3044,#3045,#3046);
#3044 = CARTESIAN_POINT('',(15.,-15.,35.));
#3045 = DIRECTION('',(-0.,-0.,-1.));
#3046 = DIRECTION('',(0.,-1.,0.));
#3047 = PCURVE('',#215,#3048);
#3048 = DEFINITIONAL_REPRESENTATION('',(#3049),#3053);
#3049 = LINE('',#3050,#3051);
#3050 = CARTESIAN_POINT('',(4.712388980385,5.));
#3051 = VECTOR('',#3052,1.);
#3052 = DIRECTION('',(-1.,0.));
#3053 = ( GEOMETRIC_REPRESENTATION_CONTEXT(2) 
PARAMETRIC_REPRESENTATION_CONTEXT() REPRESENTATION_CONTEXT('2D SPACE',''
  ) );
#3054 = PCURVE('',#44,#3055);
#3055 = DEFINITIONAL_REPRESENTATION('',(#3056),#3064);
#3056 = ( BOUNDED_CURVE() B_SPLINE_CURVE(2,(#3057,#3058,#3059,#3060,
#3061,#3062,#3063),.UNSPECIFIED.,.T.,.F.) B_SPLINE_CURVE_WITH_KNOTS((1,2
    ,2,2,2,1),(-2.094395102393,0.,2.094395102393,4.188790204786,
6.28318530718,8.377580409573),.UNSPECIFIED.) CURVE() 
GEOMETRIC_REPRESENTATION_ITEM() RATIONAL_B_SPLINE_CURVE((1.,0.5,1.,0.5,
1.,0.5,1.)) REPRESENTATION_ITEM('') );
#3057 = CARTESIAN_POINT('',(35.,0.));
#3058 = CARTESIAN_POINT('',(26.339745962156,0.));
#3059 = CARTESIAN_POINT('',(30.669872981078,7.5));
#3060 = CARTESIAN_POINT('',(35.,15.));
#3061 = CARTESIAN_POINT('',(39.330127018922,7.5));
#3062 = CARTESIAN_POINT('',(43.660254037844,7.993605777301E-15));
#3063 = CARTESIAN_POINT('',(35.,0.));
#3064 = ( GEOMETRIC_REPRESENTATION_CONTEXT(2) 
PARAMETRIC_REPRESENTATION_CONTEXT() REPRESENTATION_CONTEXT('2D SPACE',''
  ) );
#3065 = ORIENTED_EDGE('',*,*,#2920,.F.);
#3066 = ADVANCED_FACE('',(#3067),#300,.T.);
#3067 = FACE_BOUND('',#3068,.T.);
#3068 = EDGE_LOOP('',(#3069,#3070,#3093,#3114));
#3069 = ORIENTED_EDGE('',*,*,#284,.F.);
#3070 = ORIENTED_EDGE('',*,*,#3071,.T.);
#3071 = EDGE_CURVE('',#285,#3072,#3074,.T.);
#3072 = VERTEX_POINT('',#3073);
#3073 = CARTESIAN_POINT('',(-15.,20.,35.));
#3074 = SURFACE_CURVE('',#3075,(#3079,#3086),.PCURVE_S1.);
#3075 = LINE('',#3076,#3077);
#3076 = CARTESIAN_POINT('',(-15.,20.,30.));
#3077 = VECTOR('',#3078,1.);
#3078 = DIRECTION('',(0.,0.,1.));
#3079 = PCURVE('',#300,#3080);
#3080 = DEFINITIONAL_REPRESENTATION('',(#3081),#3085);
#3081 = LINE('',#3082,#3083);
#3082 = CARTESIAN_POINT('',(0.,5.));
#3083 = VECTOR('',#3084,1.);
#3084 = DIRECTION('',(1.,0.));
#3085 = ( GEOMETRIC_REPRESENTATION_CONTEXT(2) 
PARAMETRIC_REPRESENTATION_CONTEXT() REPRESENTATION_CONTEXT('2D SPACE',''
  ) );
#3086 = PCURVE('',#126,#3087);
#3087 = DEFINITIONAL_REPRESENTATION('',(#3088),#3092);
#3088 = LINE('',#3089,#3090);
#3089 = CARTESIAN_POINT('',(-1.570796326795,0.));
#3090 = VECTOR('',#3091,1.);
#3091 = DIRECTION('',(-0.,1.));
#3092 = ( GEOMETRIC_REPRESENTATION_CONTEXT(2) 
PARAMETRIC_REPRESENTATION_CONTEXT() REPRESENTATION_CONTEXT('2D SPACE',''
  ) );
#3093 = ORIENTED_EDGE('',*,*,#3094,.T.);
#3094 = EDGE_CURVE('',#3072,#2968,#3095,.T.);
#3095 = SURFACE_CURVE('',#3096,(#3100,#3107),.PCURVE_S1.);
#3096 = LINE('',#3097,#3098);
#3097 = CARTESIAN_POINT('',(-20.,20.,35.));
#3098 = VECTOR('',#3099,1.);
#3099 = DIRECTION('',(1.,0.,0.));
#3100 = PCURVE('',#300,#3101);
#3101 = DEFINITIONAL_REPRESENTATION('',(#3102),#3106);
#3102 = LINE('',#3103,#3104);
#3103 = CARTESIAN_POINT('',(5.,0.));
#3104 = VECTOR('',#3105,1.);
#3105 = DIRECTION('',(0.,1.));
#3106 = ( GEOMETRIC_REPRESENTATION_CONTEXT(2) 
PARAMETRIC_REPRESENTATION_CONTEXT() REPRESENTATION_CONTEXT('2D SPACE',''
  ) );
#3107 = PCURVE('',#44,#3108);
#3108 = DEFINITIONAL_REPRESENTATION('',(#3109),#3113);
#3109 = LINE('',#3110,#3111);
#3110 = CARTESIAN_POINT('',(0.,40.));
#3111 = VECTOR('',#3112,1.);
#3112 = DIRECTION('',(1.,0.));
#3113 = ( GEOMETRIC_REPRESENTATION_CONTEXT(2) 
PARAMETRIC_REPRESENTATION_CONTEXT() REPRESENTATION_CONTEXT('2D SPACE',''
  ) );
#3114 = ORIENTED_EDGE('',*,*,#2967,.F.);
#3115 = ADVANCED_FACE('',(#3116),#182,.F.);
#3116 = FACE_BOUND('',#3117,.F.);
#3117 = EDGE_LOOP('',(#3118,#3119,#3142,#3163));
#3118 = ORIENTED_EDGE('',*,*,#166,.F.);
#3119 = ORIENTED_EDGE('',*,*,#3120,.T.);
#3120 = EDGE_CURVE('',#143,#3121,#3123,.T.);
#3121 = VERTEX_POINT('',#3122);
#3122 = CARTESIAN_POINT('',(-15.,-20.,35.));
#3123 = SURFACE_CURVE('',#3124,(#3128,#3135),.PCURVE_S1.);
#3124 = LINE('',#3125,#3126);
#3125 = CARTESIAN_POINT('',(-15.,-20.,30.));
#3126 = VECTOR('',#3127,1.);
#3127 = DIRECTION('',(0.,0.,1.));
#3128 = PCURVE('',#182,#3129);
#3129 = DEFINITIONAL_REPRESENTATION('',(#3130),#3134);
#3130 = LINE('',#3131,#3132);
#3131 = CARTESIAN_POINT('',(0.,5.));
#3132 = VECTOR('',#3133,1.);
#3133 = DIRECTION('',(1.,0.));
#3134 = ( GEOMETRIC_REPRESENTATION_CONTEXT(2) 
PARAMETRIC_REPRESENTATION_CONTEXT() REPRESENTATION_CONTEXT('2D SPACE',''
  ) );
#3135 = PCURVE('',#72,#3136);
#3136 = DEFINITIONAL_REPRESENTATION('',(#3137),#3141);
#3137 = LINE('',#3138,#3139);
#3138 = CARTESIAN_POINT('',(1.570796326795,0.));
#3139 = VECTOR('',#3140,1.);
#3140 = DIRECTION('',(0.,1.));
#3141 = ( GEOMETRIC_REPRESENTATION_CONTEXT(2) 
PARAMETRIC_REPRESENTATION_CONTEXT() REPRESENTATION_CONTEXT('2D SPACE',''
  ) );
#3142 = ORIENTED_EDGE('',*,*,#3143,.T.);
#3143 = EDGE_CURVE('',#3121,#3018,#3144,.T.);
#3144 = SURFACE_CURVE('',#3145,(#3149,#3156),.PCURVE_S1.);
#3145 = LINE('',#3146,#3147);
#3146 = CARTESIAN_POINT('',(-20.,-20.,35.));
#3147 = VECTOR('',#3148,1.);
#3148 = DIRECTION('',(1.,0.,0.));
#3149 = PCURVE('',#182,#3150);
#3150 = DEFINITIONAL_REPRESENTATION('',(#3151),#3155);
#3151 = LINE('',#3152,#3153);
#3152 = CARTESIAN_POINT('',(5.,0.));
#3153 = VECTOR('',#3154,1.);
#3154 = DIRECTION('',(0.,1.));
#3155 = ( GEOMETRIC_REPRESENTATION_CONTEXT(2) 
PARAMETRIC_REPRESENTATION_CONTEXT() REPRESENTATION_CONTEXT('2D SPACE',''
  ) );
#3156 = PCURVE('',#44,#3157);
#3157 = DEFINITIONAL_REPRESENTATION('',(#3158),#3162);
#3158 = LINE('',#3159,#3160);
#3159 = CARTESIAN_POINT('',(0.,0.));
#3160 = VECTOR('',#3161,1.);
#3161 = DIRECTION('',(1.,0.));
#3162 = ( GEOMETRIC_REPRESENTATION_CONTEXT(2) 
PARAMETRIC_REPRESENTATION_CONTEXT() REPRESENTATION_CONTEXT('2D SPACE',''
  ) );
#3163 = ORIENTED_EDGE('',*,*,#3017,.F.);
#3164 = ADVANCED_FACE('',(#3165),#126,.T.);
#3165 = FACE_BOUND('',#3166,.F.);
#3166 = EDGE_LOOP('',(#3167,#3168,#3169,#3195));
#3167 = ORIENTED_EDGE('',*,*,#312,.T.);
#3168 = ORIENTED_EDGE('',*,*,#3071,.T.);
#3169 = ORIENTED_EDGE('',*,*,#3170,.F.);
#3170 = EDGE_CURVE('',#24,#3072,#3171,.T.);
#3171 = SURFACE_CURVE('',#3172,(#3177,#3184),.PCURVE_S1.);
#3172 = CIRCLE('',#3173,5.);
#3173 = AXIS2_PLACEMENT_3D('',#3174,#3175,#3176);
#3174 = CARTESIAN_POINT('',(-15.,15.,35.));
#3175 = DIRECTION('',(-0.,-0.,-1.));
#3176 = DIRECTION('',(0.,-1.,0.));
#3177 = PCURVE('',#126,#3178);
#3178 = DEFINITIONAL_REPRESENTATION('',(#3179),#3183);
#3179 = LINE('',#3180,#3181);
#3180 = CARTESIAN_POINT('',(1.570796326795,5.));
#3181 = VECTOR('',#3182,1.);
#3182 = DIRECTION('',(-1.,0.));
#3183 = ( GEOMETRIC_REPRESENTATION_CONTEXT(2) 
PARAMETRIC_REPRESENTATION_CONTEXT() REPRESENTATION_CONTEXT('2D SPACE',''
  ) );
#3184 = PCURVE('',#44,#3185);
#3185 = DEFINITIONAL_REPRESENTATION('',(#3186),#3194);
#3186 = ( BOUNDED_CURVE() B_SPLINE_CURVE(2,(#3187,#3188,#3189,#3190,
#3191,#3192,#3193),.UNSPECIFIED.,.T.,.F.) B_SPLINE_CURVE_WITH_KNOTS((1,2
    ,2,2,2,1),(-2.094395102393,0.,2.094395102393,4.188790204786,
6.28318530718,8.377580409573),.UNSPECIFIED.) CURVE() 
GEOMETRIC_REPRESENTATION_ITEM() RATIONAL_B_SPLINE_CURVE((1.,0.5,1.,0.5,
1.,0.5,1.)) REPRESENTATION_ITEM('') );
#3187 = CARTESIAN_POINT('',(5.,30.));
#3188 = CARTESIAN_POINT('',(-3.660254037844,30.));
#3189 = CARTESIAN_POINT('',(0.669872981078,37.5));
#3190 = CARTESIAN_POINT('',(5.,45.));
#3191 = CARTESIAN_POINT('',(9.330127018922,37.5));
#3192 = CARTESIAN_POINT('',(13.660254037844,30.));
#3193 = CARTESIAN_POINT('',(5.,30.));
#3194 = ( GEOMETRIC_REPRESENTATION_CONTEXT(2) 
PARAMETRIC_REPRESENTATION_CONTEXT() REPRESENTATION_CONTEXT('2D SPACE',''
  ) );
#3195 = ORIENTED_EDGE('',*,*,#112,.F.);
#3196 = ADVANCED_FACE('',(#3197),#72,.T.);
#3197 = FACE_BOUND('',#3198,.T.);
#3198 = EDGE_LOOP('',(#3199,#3200,#3201,#3223));
#3199 = ORIENTED_EDGE('',*,*,#142,.T.);
#3200 = ORIENTED_EDGE('',*,*,#3120,.T.);
#3201 = ORIENTED_EDGE('',*,*,#3202,.F.);
#3202 = EDGE_CURVE('',#22,#3121,#3203,.T.);
#3203 = SURFACE_CURVE('',#3204,(#3209,#3216),.PCURVE_S1.);
#3204 = CIRCLE('',#3205,5.);
#3205 = AXIS2_PLACEMENT_3D('',#3206,#3207,#3208);
#3206 = CARTESIAN_POINT('',(-15.,-15.,35.));
#3207 = DIRECTION('',(0.,0.,1.));
#3208 = DIRECTION('',(0.,-1.,0.));
#3209 = PCURVE('',#72,#3210);
#3210 = DEFINITIONAL_REPRESENTATION('',(#3211),#3215);
#3211 = LINE('',#3212,#3213);
#3212 = CARTESIAN_POINT('',(-4.712388980385,5.));
#3213 = VECTOR('',#3214,1.);
#3214 = DIRECTION('',(1.,0.));
#3215 = ( GEOMETRIC_REPRESENTATION_CONTEXT(2) 
PARAMETRIC_REPRESENTATION_CONTEXT() REPRESENTATION_CONTEXT('2D SPACE',''
  ) );
#3216 = PCURVE('',#44,#3217);
#3217 = DEFINITIONAL_REPRESENTATION('',(#3218),#3222);
#3218 = CIRCLE('',#3219,5.);
#3219 = AXIS2_PLACEMENT_2D('',#3220,#3221);
#3220 = CARTESIAN_POINT('',(5.,5.));
#3221 = DIRECTION('',(0.,-1.));
#3222 = ( GEOMETRIC_REPRESENTATION_CONTEXT(2) 
PARAMETRIC_REPRESENTATION_CONTEXT() REPRESENTATION_CONTEXT('2D SPACE',''
  ) );
#3223 = ORIENTED_EDGE('',*,*,#56,.F.);
#3224 = ADVANCED_FACE('',(#3225,#3235,#3238,#3241,#3244),#44,.T.);
#3225 = FACE_BOUND('',#3226,.T.);
#3226 = EDGE_LOOP('',(#3227,#3228,#3229,#3230,#3231,#3232,#3233,#3234));
#3227 = ORIENTED_EDGE('',*,*,#21,.F.);
#3228 = ORIENTED_EDGE('',*,*,#3202,.T.);
#3229 = ORIENTED_EDGE('',*,*,#3143,.T.);
#3230 = ORIENTED_EDGE('',*,*,#3040,.F.);
#3231 = ORIENTED_EDGE('',*,*,#2895,.T.);
#3232 = ORIENTED_EDGE('',*,*,#2990,.T.);
#3233 = ORIENTED_EDGE('',*,*,#3094,.F.);
#3234 = ORIENTED_EDGE('',*,*,#3170,.F.);
#3235 = FACE_BOUND('',#3236,.T.);
#3236 = EDGE_LOOP('',(#3237));
#3237 = ORIENTED_EDGE('',*,*,#2865,.T.);
#3238 = FACE_BOUND('',#3239,.T.);
#3239 = EDGE_LOOP('',(#3240));
#3240 = ORIENTED_EDGE('',*,*,#2811,.T.);
#3241 = FACE_BOUND('',#3242,.T.);
#3242 = EDGE_LOOP('',(#3243));
#3243 = ORIENTED_EDGE('',*,*,#2757,.T.);
#3244 = FACE_BOUND('',#3245,.T.);
#3245 = EDGE_LOOP('',(#3246));
#3246 = ORIENTED_EDGE('',*,*,#536,.T.);
#3247 = ( GEOMETRIC_REPRESENTATION_CONTEXT(3) 
GLOBAL_UNCERTAINTY_ASSIGNED_CONTEXT((#3251)) 
GLOBAL_UNIT_ASSIGNED_CONTEXT((#3248,#3249,#3250)) REPRESENTATION_CONTEXT
('Context #1','3D Context with UNIT and UNCERTAINTY') );
#3248 = ( LENGTH_UNIT() NAMED_UNIT(*) SI_UNIT(.MILLI.,.METRE.) );
#3249 = ( NAMED_UNIT(*) PLANE_ANGLE_UNIT() SI_UNIT($,.RADIAN.) );
#3250 = ( NAMED_UNIT(*) SI_UNIT($,.STERADIAN.) SOLID_ANGLE_UNIT() );
#3251 = UNCERTAINTY_MEASURE_WITH_UNIT(LENGTH_MEASURE(1.E-07),#3248,
  'distance_accuracy_value','confusion accuracy');
#3252 = PRODUCT_RELATED_PRODUCT_CATEGORY('part',$,(#7));
ENDSEC;
END-ISO-10303-21;
