ISO-10303-21;
HEADER;
FILE_DESCRIPTION(('Open CASCADE Model'),'2;1');
FILE_NAME('Open CASCADE Shape Model','2026-09-07T01:43:25',('Author'),(
    'Open CASCADE'),'Open CASCADE STEP processor 7.9','Open CASCADE 7.9'
  ,'Unknown');
FILE_SCHEMA(('AUTOMOTIVE_DESIGN { 1 0 10303 214 1 1 1 1 }'));
ENDSEC;
DATA;
#1 = APPLICATION_PROTOCOL_DEFINITION('international standard',
  'automotive_design',2000,#2);
#2 = APPLICATION_CONTEXT(
  'core data for automotive mechanical design processes');
#3 = SHAPE_DEFINITION_REPRESENTATION(#4,#10);
#4 = PRODUCT_DEFINITION_SHAPE('','',#5);
#5 = PRODUCT_DEFINITION('design','',#6,#9);
#6 = PRODUCT_DEFINITION_FORMATION('','',#7);
#7 = PRODUCT('Open CASCADE STEP translator 7.9 1',
  'Open CASCADE STEP translator 7.9 1','',(#8));
#8 = PRODUCT_CONTEXT('',#2,'mechanical');
#9 = PRODUCT_DEFINITION_CONTEXT('part definition',#2,'design');
#10 = ADVANCED_BREP_SHAPE_REPRESENTATION('',(#11,#15),#1643);
#11 = AXIS2_PLACEMENT_3D('',#12,#13,#14);
#12 = CARTESIAN_POINT('',(0.,0.,0.));
#13 = DIRECTION('',(0.,0.,1.));
#14 = DIRECTION('',(1.,0.,-0.));
#15 = MANIFOLD_SOLID_BREP('',#16);
#16 = CLOSED_SHELL('',(#17,#219,#274,#346,#393,#440,#487,#532,#1098,
    #1137,#1177,#1349,#1521,#1586,#1636));
#17 = ADVANCED_FACE('',(#18,#54),#31,.F.);
#18 = FACE_BOUND('',#19,.F.);
#19 = EDGE_LOOP('',(#20));
#20 = ORIENTED_EDGE('',*,*,#21,.T.);
#21 = EDGE_CURVE('',#22,#22,#24,.T.);
#22 = VERTEX_POINT('',#23);
#23 = CARTESIAN_POINT('',(37.,0.,0.));
#24 = SURFACE_CURVE('',#25,(#30,#42),.PCURVE_S1.);
#25 = CIRCLE('',#26,37.);
#26 = AXIS2_PLACEMENT_3D('',#27,#28,#29);
#27 = CARTESIAN_POINT('',(0.,0.,0.));
#28 = DIRECTION('',(0.,0.,1.));
#29 = DIRECTION('',(1.,0.,0.));
#30 = PCURVE('',#31,#36);
#31 = PLANE('',#32);
#32 = AXIS2_PLACEMENT_3D('',#33,#34,#35);
#33 = CARTESIAN_POINT('',(-1.426894051345E-15,1.914892223345E-15,0.));
#34 = DIRECTION('',(0.,0.,1.));
#35 = DIRECTION('',(1.,0.,-0.));
#36 = DEFINITIONAL_REPRESENTATION('',(#37),#41);
#37 = CIRCLE('',#38,37.);
#38 = AXIS2_PLACEMENT_2D('',#39,#40);
#39 = CARTESIAN_POINT('',(1.426894051345E-15,-1.914892223345E-15));
#40 = DIRECTION('',(1.,0.));
#41 = ( GEOMETRIC_REPRESENTATION_CONTEXT(2) 
PARAMETRIC_REPRESENTATION_CONTEXT() REPRESENTATION_CONTEXT('2D SPACE',''
  ) );
#42 = PCURVE('',#43,#48);
#43 = CYLINDRICAL_SURFACE('',#44,37.);
#44 = AXIS2_PLACEMENT_3D('',#45,#46,#47);
#45 = CARTESIAN_POINT('',(0.,0.,0.));
#46 = DIRECTION('',(-0.,-0.,-1.));
#47 = DIRECTION('',(1.,0.,0.));
#48 = DEFINITIONAL_REPRESENTATION('',(#49),#53);
#49 = LINE('',#50,#51);
#50 = CARTESIAN_POINT('',(-0.,0.));
#51 = VECTOR('',#52,1.);
#52 = DIRECTION('',(-1.,0.));
#53 = ( GEOMETRIC_REPRESENTATION_CONTEXT(2) 
PARAMETRIC_REPRESENTATION_CONTEXT() REPRESENTATION_CONTEXT('2D SPACE',''
  ) );
#54 = FACE_BOUND('',#55,.F.);
#55 = EDGE_LOOP('',(#56,#84,#117,#143,#169,#195));
#56 = ORIENTED_EDGE('',*,*,#57,.T.);
#57 = EDGE_CURVE('',#58,#60,#62,.T.);
#58 = VERTEX_POINT('',#59);
#59 = CARTESIAN_POINT('',(1.7,-3.1,0.));
#60 = VERTEX_POINT('',#61);
#61 = CARTESIAN_POINT('',(1.7,-2.592296279363,0.));
#62 = SURFACE_CURVE('',#63,(#67,#73),.PCURVE_S1.);
#63 = LINE('',#64,#65);
#64 = CARTESIAN_POINT('',(1.7,-1.55,0.));
#65 = VECTOR('',#66,1.);
#66 = DIRECTION('',(0.,1.,0.));
#67 = PCURVE('',#31,#68);
#68 = DEFINITIONAL_REPRESENTATION('',(#69),#72);
#69 = B_SPLINE_CURVE_WITH_KNOTS('',1,(#70,#71),.UNSPECIFIED.,.F.,.F.,(2,
    2),(-1.55,4.65),.PIECEWISE_BEZIER_KNOTS.);
#70 = CARTESIAN_POINT('',(1.7,-3.1));
#71 = CARTESIAN_POINT('',(1.7,3.1));
#72 = ( GEOMETRIC_REPRESENTATION_CONTEXT(2) 
PARAMETRIC_REPRESENTATION_CONTEXT() REPRESENTATION_CONTEXT('2D SPACE',''
  ) );
#73 = PCURVE('',#74,#79);
#74 = PLANE('',#75);
#75 = AXIS2_PLACEMENT_3D('',#76,#77,#78);
#76 = CARTESIAN_POINT('',(1.7,-3.1,-1.));
#77 = DIRECTION('',(1.,0.,0.));
#78 = DIRECTION('',(0.,0.,1.));
#79 = DEFINITIONAL_REPRESENTATION('',(#80),#83);
#80 = B_SPLINE_CURVE_WITH_KNOTS('',1,(#81,#82),.UNSPECIFIED.,.F.,.F.,(2,
    2),(-1.55,4.65),.PIECEWISE_BEZIER_KNOTS.);
#81 = CARTESIAN_POINT('',(1.,0.));
#82 = CARTESIAN_POINT('',(1.,-6.2));
#83 = ( GEOMETRIC_REPRESENTATION_CONTEXT(2) 
PARAMETRIC_REPRESENTATION_CONTEXT() REPRESENTATION_CONTEXT('2D SPACE',''
  ) );
#84 = ORIENTED_EDGE('',*,*,#85,.T.);
#85 = EDGE_CURVE('',#60,#86,#88,.T.);
#86 = VERTEX_POINT('',#87);
#87 = CARTESIAN_POINT('',(1.7,2.592296279363,0.));
#88 = SURFACE_CURVE('',#89,(#94,#105),.PCURVE_S1.);
#89 = CIRCLE('',#90,3.1);
#90 = AXIS2_PLACEMENT_3D('',#91,#92,#93);
#91 = CARTESIAN_POINT('',(0.,0.,0.));
#92 = DIRECTION('',(0.,0.,-1.));
#93 = DIRECTION('',(1.,0.,0.));
#94 = PCURVE('',#31,#95);
#95 = DEFINITIONAL_REPRESENTATION('',(#96),#104);
#96 = ( BOUNDED_CURVE() B_SPLINE_CURVE(2,(#97,#98,#99,#100,#101,#102,
#103),.UNSPECIFIED.,.T.,.F.) B_SPLINE_CURVE_WITH_KNOTS((1,2,2,2,2,1),(
    -2.094395102393,0.,2.094395102393,4.188790204786,6.28318530718,
8.377580409573),.UNSPECIFIED.) CURVE() GEOMETRIC_REPRESENTATION_ITEM() 
RATIONAL_B_SPLINE_CURVE((1.,0.5,1.,0.5,1.,0.5,1.)) REPRESENTATION_ITEM(
  '') );
#97 = CARTESIAN_POINT('',(3.1,-1.914892223345E-15));
#98 = CARTESIAN_POINT('',(3.1,-5.369357503464));
#99 = CARTESIAN_POINT('',(-1.55,-2.684678751732));
#100 = CARTESIAN_POINT('',(-6.2,-2.674173238816E-15));
#101 = CARTESIAN_POINT('',(-1.55,2.684678751732));
#102 = CARTESIAN_POINT('',(3.1,5.369357503464));
#103 = CARTESIAN_POINT('',(3.1,-1.914892223345E-15));
#104 = ( GEOMETRIC_REPRESENTATION_CONTEXT(2) 
PARAMETRIC_REPRESENTATION_CONTEXT() REPRESENTATION_CONTEXT('2D SPACE',''
  ) );
#105 = PCURVE('',#106,#111);
#106 = CYLINDRICAL_SURFACE('',#107,3.1);
#107 = AXIS2_PLACEMENT_3D('',#108,#109,#110);
#108 = CARTESIAN_POINT('',(0.,0.,-1.));
#109 = DIRECTION('',(-0.,-0.,-1.));
#110 = DIRECTION('',(1.,0.,0.));
#111 = DEFINITIONAL_REPRESENTATION('',(#112),#116);
#112 = LINE('',#113,#114);
#113 = CARTESIAN_POINT('',(-6.28318530718,-1.));
#114 = VECTOR('',#115,1.);
#115 = DIRECTION('',(1.,-0.));
#116 = ( GEOMETRIC_REPRESENTATION_CONTEXT(2) 
PARAMETRIC_REPRESENTATION_CONTEXT() REPRESENTATION_CONTEXT('2D SPACE',''
  ) );
#117 = ORIENTED_EDGE('',*,*,#118,.T.);
#118 = EDGE_CURVE('',#86,#119,#121,.T.);
#119 = VERTEX_POINT('',#120);
#120 = CARTESIAN_POINT('',(1.7,3.1,0.));
#121 = SURFACE_CURVE('',#122,(#126,#132),.PCURVE_S1.);
#122 = LINE('',#123,#124);
#123 = CARTESIAN_POINT('',(1.7,-1.55,0.));
#124 = VECTOR('',#125,1.);
#125 = DIRECTION('',(0.,1.,0.));
#126 = PCURVE('',#31,#127);
#127 = DEFINITIONAL_REPRESENTATION('',(#128),#131);
#128 = B_SPLINE_CURVE_WITH_KNOTS('',1,(#129,#130),.UNSPECIFIED.,.F.,.F.,
  (2,2),(-1.55,4.65),.PIECEWISE_BEZIER_KNOTS.);
#129 = CARTESIAN_POINT('',(1.7,-3.1));
#130 = CARTESIAN_POINT('',(1.7,3.1));
#131 = ( GEOMETRIC_REPRESENTATION_CONTEXT(2) 
PARAMETRIC_REPRESENTATION_CONTEXT() REPRESENTATION_CONTEXT('2D SPACE',''
  ) );
#132 = PCURVE('',#133,#138);
#133 = PLANE('',#134);
#134 = AXIS2_PLACEMENT_3D('',#135,#136,#137);
#135 = CARTESIAN_POINT('',(1.7,-3.1,-1.));
#136 = DIRECTION('',(1.,0.,0.));
#137 = DIRECTION('',(0.,0.,1.));
#138 = DEFINITIONAL_REPRESENTATION('',(#139),#142);
#139 = B_SPLINE_CURVE_WITH_KNOTS('',1,(#140,#141),.UNSPECIFIED.,.F.,.F.,
  (2,2),(-1.55,4.65),.PIECEWISE_BEZIER_KNOTS.);
#140 = CARTESIAN_POINT('',(1.,0.));
#141 = CARTESIAN_POINT('',(1.,-6.2));
#142 = ( GEOMETRIC_REPRESENTATION_CONTEXT(2) 
PARAMETRIC_REPRESENTATION_CONTEXT() REPRESENTATION_CONTEXT('2D SPACE',''
  ) );
#143 = ORIENTED_EDGE('',*,*,#144,.F.);
#144 = EDGE_CURVE('',#145,#119,#147,.T.);
#145 = VERTEX_POINT('',#146);
#146 = CARTESIAN_POINT('',(3.3,3.1,0.));
#147 = SURFACE_CURVE('',#148,(#152,#158),.PCURVE_S1.);
#148 = LINE('',#149,#150);
#149 = CARTESIAN_POINT('',(0.85,3.1,0.));
#150 = VECTOR('',#151,1.);
#151 = DIRECTION('',(-1.,0.,0.));
#152 = PCURVE('',#31,#153);
#153 = DEFINITIONAL_REPRESENTATION('',(#154),#157);
#154 = B_SPLINE_CURVE_WITH_KNOTS('',1,(#155,#156),.UNSPECIFIED.,.F.,.F.,
  (2,2),(-2.45,-0.85),.PIECEWISE_BEZIER_KNOTS.);
#155 = CARTESIAN_POINT('',(3.3,3.1));
#156 = CARTESIAN_POINT('',(1.7,3.1));
#157 = ( GEOMETRIC_REPRESENTATION_CONTEXT(2) 
PARAMETRIC_REPRESENTATION_CONTEXT() REPRESENTATION_CONTEXT('2D SPACE',''
  ) );
#158 = PCURVE('',#159,#164);
#159 = PLANE('',#160);
#160 = AXIS2_PLACEMENT_3D('',#161,#162,#163);
#161 = CARTESIAN_POINT('',(1.7,3.1,-1.));
#162 = DIRECTION('',(0.,1.,0.));
#163 = DIRECTION('',(0.,0.,1.));
#164 = DEFINITIONAL_REPRESENTATION('',(#165),#168);
#165 = B_SPLINE_CURVE_WITH_KNOTS('',1,(#166,#167),.UNSPECIFIED.,.F.,.F.,
  (2,2),(-2.45,-0.85),.PIECEWISE_BEZIER_KNOTS.);
#166 = CARTESIAN_POINT('',(1.,1.6));
#167 = CARTESIAN_POINT('',(1.,0.));
#168 = ( GEOMETRIC_REPRESENTATION_CONTEXT(2) 
PARAMETRIC_REPRESENTATION_CONTEXT() REPRESENTATION_CONTEXT('2D SPACE',''
  ) );
#169 = ORIENTED_EDGE('',*,*,#170,.F.);
#170 = EDGE_CURVE('',#171,#145,#173,.T.);
#171 = VERTEX_POINT('',#172);
#172 = CARTESIAN_POINT('',(3.3,-3.1,0.));
#173 = SURFACE_CURVE('',#174,(#178,#184),.PCURVE_S1.);
#174 = LINE('',#175,#176);
#175 = CARTESIAN_POINT('',(3.3,-1.55,0.));
#176 = VECTOR('',#177,1.);
#177 = DIRECTION('',(0.,1.,0.));
#178 = PCURVE('',#31,#179);
#179 = DEFINITIONAL_REPRESENTATION('',(#180),#183);
#180 = B_SPLINE_CURVE_WITH_KNOTS('',1,(#181,#182),.UNSPECIFIED.,.F.,.F.,
  (2,2),(-1.55,4.65),.PIECEWISE_BEZIER_KNOTS.);
#181 = CARTESIAN_POINT('',(3.3,-3.1));
#182 = CARTESIAN_POINT('',(3.3,3.1));
#183 = ( GEOMETRIC_REPRESENTATION_CONTEXT(2) 
PARAMETRIC_REPRESENTATION_CONTEXT() REPRESENTATION_CONTEXT('2D SPACE',''
  ) );
#184 = PCURVE('',#185,#190);
#185 = PLANE('',#186);
#186 = AXIS2_PLACEMENT_3D('',#187,#188,#189);
#187 = CARTESIAN_POINT('',(3.3,-3.1,-1.));
#188 = DIRECTION('',(1.,0.,0.));
#189 = DIRECTION('',(0.,0.,1.));
#190 = DEFINITIONAL_REPRESENTATION('',(#191),#194);
#191 = B_SPLINE_CURVE_WITH_KNOTS('',1,(#192,#193),.UNSPECIFIED.,.F.,.F.,
  (2,2),(-1.55,4.65),.PIECEWISE_BEZIER_KNOTS.);
#192 = CARTESIAN_POINT('',(1.,0.));
#193 = CARTESIAN_POINT('',(1.,-6.2));
#194 = ( GEOMETRIC_REPRESENTATION_CONTEXT(2) 
PARAMETRIC_REPRESENTATION_CONTEXT() REPRESENTATION_CONTEXT('2D SPACE',''
  ) );
#195 = ORIENTED_EDGE('',*,*,#196,.T.);
#196 = EDGE_CURVE('',#171,#58,#197,.T.);
#197 = SURFACE_CURVE('',#198,(#202,#208),.PCURVE_S1.);
#198 = LINE('',#199,#200);
#199 = CARTESIAN_POINT('',(0.85,-3.1,0.));
#200 = VECTOR('',#201,1.);
#201 = DIRECTION('',(-1.,0.,0.));
#202 = PCURVE('',#31,#203);
#203 = DEFINITIONAL_REPRESENTATION('',(#204),#207);
#204 = B_SPLINE_CURVE_WITH_KNOTS('',1,(#205,#206),.UNSPECIFIED.,.F.,.F.,
  (2,2),(-2.45,-0.85),.PIECEWISE_BEZIER_KNOTS.);
#205 = CARTESIAN_POINT('',(3.3,-3.1));
#206 = CARTESIAN_POINT('',(1.7,-3.1));
#207 = ( GEOMETRIC_REPRESENTATION_CONTEXT(2) 
PARAMETRIC_REPRESENTATION_CONTEXT() REPRESENTATION_CONTEXT('2D SPACE',''
  ) );
#208 = PCURVE('',#209,#214);
#209 = PLANE('',#210);
#210 = AXIS2_PLACEMENT_3D('',#211,#212,#213);
#211 = CARTESIAN_POINT('',(1.7,-3.1,-1.));
#212 = DIRECTION('',(0.,1.,0.));
#213 = DIRECTION('',(0.,0.,1.));
#214 = DEFINITIONAL_REPRESENTATION('',(#215),#218);
#215 = B_SPLINE_CURVE_WITH_KNOTS('',1,(#216,#217),.UNSPECIFIED.,.F.,.F.,
  (2,2),(-2.45,-0.85),.PIECEWISE_BEZIER_KNOTS.);
#216 = CARTESIAN_POINT('',(1.,1.6));
#217 = CARTESIAN_POINT('',(1.,0.));
#218 = ( GEOMETRIC_REPRESENTATION_CONTEXT(2) 
PARAMETRIC_REPRESENTATION_CONTEXT() REPRESENTATION_CONTEXT('2D SPACE',''
  ) );
#219 = ADVANCED_FACE('',(#220),#43,.T.);
#220 = FACE_BOUND('',#221,.F.);
#221 = EDGE_LOOP('',(#222,#245,#272,#273));
#222 = ORIENTED_EDGE('',*,*,#223,.T.);
#223 = EDGE_CURVE('',#22,#224,#226,.T.);
#224 = VERTEX_POINT('',#225);
#225 = CARTESIAN_POINT('',(37.,0.,3.));
#226 = SEAM_CURVE('',#227,(#231,#238),.PCURVE_S1.);
#227 = LINE('',#228,#229);
#228 = CARTESIAN_POINT('',(37.,0.,0.));
#229 = VECTOR('',#230,1.);
#230 = DIRECTION('',(0.,0.,1.));
#231 = PCURVE('',#43,#232);
#232 = DEFINITIONAL_REPRESENTATION('',(#233),#237);
#233 = LINE('',#234,#235);
#234 = CARTESIAN_POINT('',(-0.,0.));
#235 = VECTOR('',#236,1.);
#236 = DIRECTION('',(-0.,-1.));
#237 = ( GEOMETRIC_REPRESENTATION_CONTEXT(2) 
PARAMETRIC_REPRESENTATION_CONTEXT() REPRESENTATION_CONTEXT('2D SPACE',''
  ) );
#238 = PCURVE('',#43,#239);
#239 = DEFINITIONAL_REPRESENTATION('',(#240),#244);
#240 = LINE('',#241,#242);
#241 = CARTESIAN_POINT('',(-6.28318530718,0.));
#242 = VECTOR('',#243,1.);
#243 = DIRECTION('',(-0.,-1.));
#244 = ( GEOMETRIC_REPRESENTATION_CONTEXT(2) 
PARAMETRIC_REPRESENTATION_CONTEXT() REPRESENTATION_CONTEXT('2D SPACE',''
  ) );
#245 = ORIENTED_EDGE('',*,*,#246,.T.);
#246 = EDGE_CURVE('',#224,#224,#247,.T.);
#247 = SURFACE_CURVE('',#248,(#253,#260),.PCURVE_S1.);
#248 = CIRCLE('',#249,37.);
#249 = AXIS2_PLACEMENT_3D('',#250,#251,#252);
#250 = CARTESIAN_POINT('',(0.,0.,3.));
#251 = DIRECTION('',(0.,0.,1.));
#252 = DIRECTION('',(1.,0.,0.));
#253 = PCURVE('',#43,#254);
#254 = DEFINITIONAL_REPRESENTATION('',(#255),#259);
#255 = LINE('',#256,#257);
#256 = CARTESIAN_POINT('',(-0.,-3.));
#257 = VECTOR('',#258,1.);
#258 = DIRECTION('',(-1.,0.));
#259 = ( GEOMETRIC_REPRESENTATION_CONTEXT(2) 
PARAMETRIC_REPRESENTATION_CONTEXT() REPRESENTATION_CONTEXT('2D SPACE',''
  ) );
#260 = PCURVE('',#261,#266);
#261 = PLANE('',#262);
#262 = AXIS2_PLACEMENT_3D('',#263,#264,#265);
#263 = CARTESIAN_POINT('',(-2.365301850879E-15,3.22020598281E-15,3.));
#264 = DIRECTION('',(0.,0.,1.));
#265 = DIRECTION('',(1.,0.,-0.));
#266 = DEFINITIONAL_REPRESENTATION('',(#267),#271);
#267 = CIRCLE('',#268,37.);
#268 = AXIS2_PLACEMENT_2D('',#269,#270);
#269 = CARTESIAN_POINT('',(2.365301850879E-15,-3.22020598281E-15));
#270 = DIRECTION('',(1.,0.));
#271 = ( GEOMETRIC_REPRESENTATION_CONTEXT(2) 
PARAMETRIC_REPRESENTATION_CONTEXT() REPRESENTATION_CONTEXT('2D SPACE',''
  ) );
#272 = ORIENTED_EDGE('',*,*,#223,.F.);
#273 = ORIENTED_EDGE('',*,*,#21,.F.);
#274 = ADVANCED_FACE('',(#275),#74,.T.);
#275 = FACE_BOUND('',#276,.T.);
#276 = EDGE_LOOP('',(#277,#300,#301,#322));
#277 = ORIENTED_EDGE('',*,*,#278,.F.);
#278 = EDGE_CURVE('',#58,#279,#281,.T.);
#279 = VERTEX_POINT('',#280);
#280 = CARTESIAN_POINT('',(1.7,-3.1,34.));
#281 = SURFACE_CURVE('',#282,(#286,#293),.PCURVE_S1.);
#282 = LINE('',#283,#284);
#283 = CARTESIAN_POINT('',(1.7,-3.1,-1.));
#284 = VECTOR('',#285,1.);
#285 = DIRECTION('',(0.,0.,1.));
#286 = PCURVE('',#74,#287);
#287 = DEFINITIONAL_REPRESENTATION('',(#288),#292);
#288 = LINE('',#289,#290);
#289 = CARTESIAN_POINT('',(0.,0.));
#290 = VECTOR('',#291,1.);
#291 = DIRECTION('',(1.,0.));
#292 = ( GEOMETRIC_REPRESENTATION_CONTEXT(2) 
PARAMETRIC_REPRESENTATION_CONTEXT() REPRESENTATION_CONTEXT('2D SPACE',''
  ) );
#293 = PCURVE('',#209,#294);
#294 = DEFINITIONAL_REPRESENTATION('',(#295),#299);
#295 = LINE('',#296,#297);
#296 = CARTESIAN_POINT('',(0.,0.));
#297 = VECTOR('',#298,1.);
#298 = DIRECTION('',(1.,0.));
#299 = ( GEOMETRIC_REPRESENTATION_CONTEXT(2) 
PARAMETRIC_REPRESENTATION_CONTEXT() REPRESENTATION_CONTEXT('2D SPACE',''
  ) );
#300 = ORIENTED_EDGE('',*,*,#57,.T.);
#301 = ORIENTED_EDGE('',*,*,#302,.F.);
#302 = EDGE_CURVE('',#303,#60,#305,.T.);
#303 = VERTEX_POINT('',#304);
#304 = CARTESIAN_POINT('',(1.7,-2.592296279363,34.));
#305 = SURFACE_CURVE('',#306,(#310,#316),.PCURVE_S1.);
#306 = LINE('',#307,#308);
#307 = CARTESIAN_POINT('',(1.7,-2.592296279363,-1.));
#308 = VECTOR('',#309,1.);
#309 = DIRECTION('',(-0.,-0.,-1.));
#310 = PCURVE('',#74,#311);
#311 = DEFINITIONAL_REPRESENTATION('',(#312),#315);
#312 = B_SPLINE_CURVE_WITH_KNOTS('',1,(#313,#314),.UNSPECIFIED.,.F.,.F.,
  (2,2),(-35.0000006,-0.9999994),.PIECEWISE_BEZIER_KNOTS.);
#313 = CARTESIAN_POINT('',(35.0000006,-0.507703720637));
#314 = CARTESIAN_POINT('',(0.9999994,-0.507703720637));
#315 = ( GEOMETRIC_REPRESENTATION_CONTEXT(2) 
PARAMETRIC_REPRESENTATION_CONTEXT() REPRESENTATION_CONTEXT('2D SPACE',''
  ) );
#316 = PCURVE('',#106,#317);
#317 = DEFINITIONAL_REPRESENTATION('',(#318),#321);
#318 = B_SPLINE_CURVE_WITH_KNOTS('',1,(#319,#320),.UNSPECIFIED.,.F.,.F.,
  (2,2),(-35.0000006,-0.9999994),.PIECEWISE_BEZIER_KNOTS.);
#319 = CARTESIAN_POINT('',(-5.292823203788,-35.0000006));
#320 = CARTESIAN_POINT('',(-5.292823203788,-0.9999994));
#321 = ( GEOMETRIC_REPRESENTATION_CONTEXT(2) 
PARAMETRIC_REPRESENTATION_CONTEXT() REPRESENTATION_CONTEXT('2D SPACE',''
  ) );
#322 = ORIENTED_EDGE('',*,*,#323,.F.);
#323 = EDGE_CURVE('',#279,#303,#324,.T.);
#324 = SURFACE_CURVE('',#325,(#329,#335),.PCURVE_S1.);
#325 = LINE('',#326,#327);
#326 = CARTESIAN_POINT('',(1.7,-1.55,34.));
#327 = VECTOR('',#328,1.);
#328 = DIRECTION('',(0.,1.,0.));
#329 = PCURVE('',#74,#330);
#330 = DEFINITIONAL_REPRESENTATION('',(#331),#334);
#331 = B_SPLINE_CURVE_WITH_KNOTS('',1,(#332,#333),.UNSPECIFIED.,.F.,.F.,
  (2,2),(-1.55,4.65),.PIECEWISE_BEZIER_KNOTS.);
#332 = CARTESIAN_POINT('',(35.,0.));
#333 = CARTESIAN_POINT('',(35.,-6.2));
#334 = ( GEOMETRIC_REPRESENTATION_CONTEXT(2) 
PARAMETRIC_REPRESENTATION_CONTEXT() REPRESENTATION_CONTEXT('2D SPACE',''
  ) );
#335 = PCURVE('',#336,#341);
#336 = PLANE('',#337);
#337 = AXIS2_PLACEMENT_3D('',#338,#339,#340);
#338 = CARTESIAN_POINT('',(-2.365301850879E-15,3.22020598281E-15,34.));
#339 = DIRECTION('',(0.,0.,1.));
#340 = DIRECTION('',(1.,0.,-0.));
#341 = DEFINITIONAL_REPRESENTATION('',(#342),#345);
#342 = B_SPLINE_CURVE_WITH_KNOTS('',1,(#343,#344),.UNSPECIFIED.,.F.,.F.,
  (2,2),(-1.55,4.65),.PIECEWISE_BEZIER_KNOTS.);
#343 = CARTESIAN_POINT('',(1.7,-3.1));
#344 = CARTESIAN_POINT('',(1.7,3.1));
#345 = ( GEOMETRIC_REPRESENTATION_CONTEXT(2) 
PARAMETRIC_REPRESENTATION_CONTEXT() REPRESENTATION_CONTEXT('2D SPACE',''
  ) );
#346 = ADVANCED_FACE('',(#347),#209,.T.);
#347 = FACE_BOUND('',#348,.T.);
#348 = EDGE_LOOP('',(#349,#372,#373,#374));
#349 = ORIENTED_EDGE('',*,*,#350,.F.);
#350 = EDGE_CURVE('',#171,#351,#353,.T.);
#351 = VERTEX_POINT('',#352);
#352 = CARTESIAN_POINT('',(3.3,-3.1,34.));
#353 = SURFACE_CURVE('',#354,(#358,#365),.PCURVE_S1.);
#354 = LINE('',#355,#356);
#355 = CARTESIAN_POINT('',(3.3,-3.1,-1.));
#356 = VECTOR('',#357,1.);
#357 = DIRECTION('',(0.,0.,1.));
#358 = PCURVE('',#209,#359);
#359 = DEFINITIONAL_REPRESENTATION('',(#360),#364);
#360 = LINE('',#361,#362);
#361 = CARTESIAN_POINT('',(0.,1.6));
#362 = VECTOR('',#363,1.);
#363 = DIRECTION('',(1.,0.));
#364 = ( GEOMETRIC_REPRESENTATION_CONTEXT(2) 
PARAMETRIC_REPRESENTATION_CONTEXT() REPRESENTATION_CONTEXT('2D SPACE',''
  ) );
#365 = PCURVE('',#185,#366);
#366 = DEFINITIONAL_REPRESENTATION('',(#367),#371);
#367 = LINE('',#368,#369);
#368 = CARTESIAN_POINT('',(0.,0.));
#369 = VECTOR('',#370,1.);
#370 = DIRECTION('',(1.,0.));
#371 = ( GEOMETRIC_REPRESENTATION_CONTEXT(2) 
PARAMETRIC_REPRESENTATION_CONTEXT() REPRESENTATION_CONTEXT('2D SPACE',''
  ) );
#372 = ORIENTED_EDGE('',*,*,#196,.T.);
#373 = ORIENTED_EDGE('',*,*,#278,.T.);
#374 = ORIENTED_EDGE('',*,*,#375,.F.);
#375 = EDGE_CURVE('',#351,#279,#376,.T.);
#376 = SURFACE_CURVE('',#377,(#381,#387),.PCURVE_S1.);
#377 = LINE('',#378,#379);
#378 = CARTESIAN_POINT('',(0.85,-3.1,34.));
#379 = VECTOR('',#380,1.);
#380 = DIRECTION('',(-1.,0.,0.));
#381 = PCURVE('',#209,#382);
#382 = DEFINITIONAL_REPRESENTATION('',(#383),#386);
#383 = B_SPLINE_CURVE_WITH_KNOTS('',1,(#384,#385),.UNSPECIFIED.,.F.,.F.,
  (2,2),(-2.45,-0.85),.PIECEWISE_BEZIER_KNOTS.);
#384 = CARTESIAN_POINT('',(35.,1.6));
#385 = CARTESIAN_POINT('',(35.,0.));
#386 = ( GEOMETRIC_REPRESENTATION_CONTEXT(2) 
PARAMETRIC_REPRESENTATION_CONTEXT() REPRESENTATION_CONTEXT('2D SPACE',''
  ) );
#387 = PCURVE('',#336,#388);
#388 = DEFINITIONAL_REPRESENTATION('',(#389),#392);
#389 = B_SPLINE_CURVE_WITH_KNOTS('',1,(#390,#391),.UNSPECIFIED.,.F.,.F.,
  (2,2),(-2.45,-0.85),.PIECEWISE_BEZIER_KNOTS.);
#390 = CARTESIAN_POINT('',(3.3,-3.1));
#391 = CARTESIAN_POINT('',(1.7,-3.1));
#392 = ( GEOMETRIC_REPRESENTATION_CONTEXT(2) 
PARAMETRIC_REPRESENTATION_CONTEXT() REPRESENTATION_CONTEXT('2D SPACE',''
  ) );
#393 = ADVANCED_FACE('',(#394),#185,.F.);
#394 = FACE_BOUND('',#395,.F.);
#395 = EDGE_LOOP('',(#396,#397,#398,#421));
#396 = ORIENTED_EDGE('',*,*,#350,.F.);
#397 = ORIENTED_EDGE('',*,*,#170,.T.);
#398 = ORIENTED_EDGE('',*,*,#399,.T.);
#399 = EDGE_CURVE('',#145,#400,#402,.T.);
#400 = VERTEX_POINT('',#401);
#401 = CARTESIAN_POINT('',(3.3,3.1,34.));
#402 = SURFACE_CURVE('',#403,(#407,#414),.PCURVE_S1.);
#403 = LINE('',#404,#405);
#404 = CARTESIAN_POINT('',(3.3,3.1,-1.));
#405 = VECTOR('',#406,1.);
#406 = DIRECTION('',(0.,0.,1.));
#407 = PCURVE('',#185,#408);
#408 = DEFINITIONAL_REPRESENTATION('',(#409),#413);
#409 = LINE('',#410,#411);
#410 = CARTESIAN_POINT('',(0.,-6.2));
#411 = VECTOR('',#412,1.);
#412 = DIRECTION('',(1.,0.));
#413 = ( GEOMETRIC_REPRESENTATION_CONTEXT(2) 
PARAMETRIC_REPRESENTATION_CONTEXT() REPRESENTATION_CONTEXT('2D SPACE',''
  ) );
#414 = PCURVE('',#159,#415);
#415 = DEFINITIONAL_REPRESENTATION('',(#416),#420);
#416 = LINE('',#417,#418);
#417 = CARTESIAN_POINT('',(0.,1.6));
#418 = VECTOR('',#419,1.);
#419 = DIRECTION('',(1.,0.));
#420 = ( GEOMETRIC_REPRESENTATION_CONTEXT(2) 
PARAMETRIC_REPRESENTATION_CONTEXT() REPRESENTATION_CONTEXT('2D SPACE',''
  ) );
#421 = ORIENTED_EDGE('',*,*,#422,.F.);
#422 = EDGE_CURVE('',#351,#400,#423,.T.);
#423 = SURFACE_CURVE('',#424,(#428,#434),.PCURVE_S1.);
#424 = LINE('',#425,#426);
#425 = CARTESIAN_POINT('',(3.3,-1.55,34.));
#426 = VECTOR('',#427,1.);
#427 = DIRECTION('',(0.,1.,0.));
#428 = PCURVE('',#185,#429);
#429 = DEFINITIONAL_REPRESENTATION('',(#430),#433);
#430 = B_SPLINE_CURVE_WITH_KNOTS('',1,(#431,#432),.UNSPECIFIED.,.F.,.F.,
  (2,2),(-1.55,4.65),.PIECEWISE_BEZIER_KNOTS.);
#431 = CARTESIAN_POINT('',(35.,0.));
#432 = CARTESIAN_POINT('',(35.,-6.2));
#433 = ( GEOMETRIC_REPRESENTATION_CONTEXT(2) 
PARAMETRIC_REPRESENTATION_CONTEXT() REPRESENTATION_CONTEXT('2D SPACE',''
  ) );
#434 = PCURVE('',#336,#435);
#435 = DEFINITIONAL_REPRESENTATION('',(#436),#439);
#436 = B_SPLINE_CURVE_WITH_KNOTS('',1,(#437,#438),.UNSPECIFIED.,.F.,.F.,
  (2,2),(-1.55,4.65),.PIECEWISE_BEZIER_KNOTS.);
#437 = CARTESIAN_POINT('',(3.3,-3.1));
#438 = CARTESIAN_POINT('',(3.3,3.1));
#439 = ( GEOMETRIC_REPRESENTATION_CONTEXT(2) 
PARAMETRIC_REPRESENTATION_CONTEXT() REPRESENTATION_CONTEXT('2D SPACE',''
  ) );
#440 = ADVANCED_FACE('',(#441),#159,.F.);
#441 = FACE_BOUND('',#442,.F.);
#442 = EDGE_LOOP('',(#443,#444,#445,#468));
#443 = ORIENTED_EDGE('',*,*,#399,.F.);
#444 = ORIENTED_EDGE('',*,*,#144,.T.);
#445 = ORIENTED_EDGE('',*,*,#446,.T.);
#446 = EDGE_CURVE('',#119,#447,#449,.T.);
#447 = VERTEX_POINT('',#448);
#448 = CARTESIAN_POINT('',(1.7,3.1,34.));
#449 = SURFACE_CURVE('',#450,(#454,#461),.PCURVE_S1.);
#450 = LINE('',#451,#452);
#451 = CARTESIAN_POINT('',(1.7,3.1,-1.));
#452 = VECTOR('',#453,1.);
#453 = DIRECTION('',(0.,0.,1.));
#454 = PCURVE('',#159,#455);
#455 = DEFINITIONAL_REPRESENTATION('',(#456),#460);
#456 = LINE('',#457,#458);
#457 = CARTESIAN_POINT('',(0.,0.));
#458 = VECTOR('',#459,1.);
#459 = DIRECTION('',(1.,0.));
#460 = ( GEOMETRIC_REPRESENTATION_CONTEXT(2) 
PARAMETRIC_REPRESENTATION_CONTEXT() REPRESENTATION_CONTEXT('2D SPACE',''
  ) );
#461 = PCURVE('',#133,#462);
#462 = DEFINITIONAL_REPRESENTATION('',(#463),#467);
#463 = LINE('',#464,#465);
#464 = CARTESIAN_POINT('',(0.,-6.2));
#465 = VECTOR('',#466,1.);
#466 = DIRECTION('',(1.,0.));
#467 = ( GEOMETRIC_REPRESENTATION_CONTEXT(2) 
PARAMETRIC_REPRESENTATION_CONTEXT() REPRESENTATION_CONTEXT('2D SPACE',''
  ) );
#468 = ORIENTED_EDGE('',*,*,#469,.F.);
#469 = EDGE_CURVE('',#400,#447,#470,.T.);
#470 = SURFACE_CURVE('',#471,(#475,#481),.PCURVE_S1.);
#471 = LINE('',#472,#473);
#472 = CARTESIAN_POINT('',(0.85,3.1,34.));
#473 = VECTOR('',#474,1.);
#474 = DIRECTION('',(-1.,0.,0.));
#475 = PCURVE('',#159,#476);
#476 = DEFINITIONAL_REPRESENTATION('',(#477),#480);
#477 = B_SPLINE_CURVE_WITH_KNOTS('',1,(#478,#479),.UNSPECIFIED.,.F.,.F.,
  (2,2),(-2.45,-0.85),.PIECEWISE_BEZIER_KNOTS.);
#478 = CARTESIAN_POINT('',(35.,1.6));
#479 = CARTESIAN_POINT('',(35.,0.));
#480 = ( GEOMETRIC_REPRESENTATION_CONTEXT(2) 
PARAMETRIC_REPRESENTATION_CONTEXT() REPRESENTATION_CONTEXT('2D SPACE',''
  ) );
#481 = PCURVE('',#336,#482);
#482 = DEFINITIONAL_REPRESENTATION('',(#483),#486);
#483 = B_SPLINE_CURVE_WITH_KNOTS('',1,(#484,#485),.UNSPECIFIED.,.F.,.F.,
  (2,2),(-2.45,-0.85),.PIECEWISE_BEZIER_KNOTS.);
#484 = CARTESIAN_POINT('',(3.3,3.1));
#485 = CARTESIAN_POINT('',(1.7,3.1));
#486 = ( GEOMETRIC_REPRESENTATION_CONTEXT(2) 
PARAMETRIC_REPRESENTATION_CONTEXT() REPRESENTATION_CONTEXT('2D SPACE',''
  ) );
#487 = ADVANCED_FACE('',(#488),#133,.T.);
#488 = FACE_BOUND('',#489,.T.);
#489 = EDGE_LOOP('',(#490,#491,#492,#513));
#490 = ORIENTED_EDGE('',*,*,#118,.T.);
#491 = ORIENTED_EDGE('',*,*,#446,.T.);
#492 = ORIENTED_EDGE('',*,*,#493,.F.);
#493 = EDGE_CURVE('',#494,#447,#496,.T.);
#494 = VERTEX_POINT('',#495);
#495 = CARTESIAN_POINT('',(1.7,2.592296279363,34.));
#496 = SURFACE_CURVE('',#497,(#501,#507),.PCURVE_S1.);
#497 = LINE('',#498,#499);
#498 = CARTESIAN_POINT('',(1.7,-1.55,34.));
#499 = VECTOR('',#500,1.);
#500 = DIRECTION('',(0.,1.,0.));
#501 = PCURVE('',#133,#502);
#502 = DEFINITIONAL_REPRESENTATION('',(#503),#506);
#503 = B_SPLINE_CURVE_WITH_KNOTS('',1,(#504,#505),.UNSPECIFIED.,.F.,.F.,
  (2,2),(-1.55,4.65),.PIECEWISE_BEZIER_KNOTS.);
#504 = CARTESIAN_POINT('',(35.,0.));
#505 = CARTESIAN_POINT('',(35.,-6.2));
#506 = ( GEOMETRIC_REPRESENTATION_CONTEXT(2) 
PARAMETRIC_REPRESENTATION_CONTEXT() REPRESENTATION_CONTEXT('2D SPACE',''
  ) );
#507 = PCURVE('',#336,#508);
#508 = DEFINITIONAL_REPRESENTATION('',(#509),#512);
#509 = B_SPLINE_CURVE_WITH_KNOTS('',1,(#510,#511),.UNSPECIFIED.,.F.,.F.,
  (2,2),(-1.55,4.65),.PIECEWISE_BEZIER_KNOTS.);
#510 = CARTESIAN_POINT('',(1.7,-3.1));
#511 = CARTESIAN_POINT('',(1.7,3.1));
#512 = ( GEOMETRIC_REPRESENTATION_CONTEXT(2) 
PARAMETRIC_REPRESENTATION_CONTEXT() REPRESENTATION_CONTEXT('2D SPACE',''
  ) );
#513 = ORIENTED_EDGE('',*,*,#514,.T.);
#514 = EDGE_CURVE('',#494,#86,#515,.T.);
#515 = SURFACE_CURVE('',#516,(#520,#526),.PCURVE_S1.);
#516 = LINE('',#517,#518);
#517 = CARTESIAN_POINT('',(1.7,2.592296279363,-1.));
#518 = VECTOR('',#519,1.);
#519 = DIRECTION('',(-0.,-0.,-1.));
#520 = PCURVE('',#133,#521);
#521 = DEFINITIONAL_REPRESENTATION('',(#522),#525);
#522 = B_SPLINE_CURVE_WITH_KNOTS('',1,(#523,#524),.UNSPECIFIED.,.F.,.F.,
  (2,2),(-35.0000006,-0.9999994),.PIECEWISE_BEZIER_KNOTS.);
#523 = CARTESIAN_POINT('',(35.0000006,-5.692296279363));
#524 = CARTESIAN_POINT('',(0.9999994,-5.692296279363));
#525 = ( GEOMETRIC_REPRESENTATION_CONTEXT(2) 
PARAMETRIC_REPRESENTATION_CONTEXT() REPRESENTATION_CONTEXT('2D SPACE',''
  ) );
#526 = PCURVE('',#106,#527);
#527 = DEFINITIONAL_REPRESENTATION('',(#528),#531);
#528 = B_SPLINE_CURVE_WITH_KNOTS('',1,(#529,#530),.UNSPECIFIED.,.F.,.F.,
  (2,2),(-35.0000006,-0.9999994),.PIECEWISE_BEZIER_KNOTS.);
#529 = CARTESIAN_POINT('',(-0.990362103391,-35.0000006));
#530 = CARTESIAN_POINT('',(-0.990362103391,-0.9999994));
#531 = ( GEOMETRIC_REPRESENTATION_CONTEXT(2) 
PARAMETRIC_REPRESENTATION_CONTEXT() REPRESENTATION_CONTEXT('2D SPACE',''
  ) );
#532 = ADVANCED_FACE('',(#533,#564,#831),#106,.F.);
#533 = FACE_BOUND('',#534,.T.);
#534 = EDGE_LOOP('',(#535,#536,#537,#538));
#535 = ORIENTED_EDGE('',*,*,#302,.T.);
#536 = ORIENTED_EDGE('',*,*,#85,.T.);
#537 = ORIENTED_EDGE('',*,*,#514,.F.);
#538 = ORIENTED_EDGE('',*,*,#539,.F.);
#539 = EDGE_CURVE('',#303,#494,#540,.T.);
#540 = SURFACE_CURVE('',#541,(#546,#553),.PCURVE_S1.);
#541 = CIRCLE('',#542,3.1);
#542 = AXIS2_PLACEMENT_3D('',#543,#544,#545);
#543 = CARTESIAN_POINT('',(0.,0.,34.));
#544 = DIRECTION('',(0.,0.,-1.));
#545 = DIRECTION('',(1.,0.,0.));
#546 = PCURVE('',#106,#547);
#547 = DEFINITIONAL_REPRESENTATION('',(#548),#552);
#548 = LINE('',#549,#550);
#549 = CARTESIAN_POINT('',(-6.28318530718,-35.));
#550 = VECTOR('',#551,1.);
#551 = DIRECTION('',(1.,-0.));
#552 = ( GEOMETRIC_REPRESENTATION_CONTEXT(2) 
PARAMETRIC_REPRESENTATION_CONTEXT() REPRESENTATION_CONTEXT('2D SPACE',''
  ) );
#553 = PCURVE('',#336,#554);
#554 = DEFINITIONAL_REPRESENTATION('',(#555),#563);
#555 = ( BOUNDED_CURVE() B_SPLINE_CURVE(2,(#556,#557,#558,#559,#560,#561
,#562),.UNSPECIFIED.,.T.,.F.) B_SPLINE_CURVE_WITH_KNOTS((1,2,2,2,2,1),(
    -2.094395102393,0.,2.094395102393,4.188790204786,6.28318530718,
8.377580409573),.UNSPECIFIED.) CURVE() GEOMETRIC_REPRESENTATION_ITEM() 
RATIONAL_B_SPLINE_CURVE((1.,0.5,1.,0.5,1.,0.5,1.)) REPRESENTATION_ITEM(
  '') );
#556 = CARTESIAN_POINT('',(3.1,-3.22020598281E-15));
#557 = CARTESIAN_POINT('',(3.1,-5.369357503464));
#558 = CARTESIAN_POINT('',(-1.55,-2.684678751732));
#559 = CARTESIAN_POINT('',(-6.2,-3.979486998281E-15));
#560 = CARTESIAN_POINT('',(-1.55,2.684678751732));
#561 = CARTESIAN_POINT('',(3.1,5.369357503464));
#562 = CARTESIAN_POINT('',(3.1,-3.22020598281E-15));
#563 = ( GEOMETRIC_REPRESENTATION_CONTEXT(2) 
PARAMETRIC_REPRESENTATION_CONTEXT() REPRESENTATION_CONTEXT('2D SPACE',''
  ) );
#564 = FACE_BOUND('',#565,.T.);
#565 = EDGE_LOOP('',(#566));
#566 = ORIENTED_EDGE('',*,*,#567,.F.);
#567 = EDGE_CURVE('',#568,#568,#570,.T.);
#568 = VERTEX_POINT('',#569);
#569 = CARTESIAN_POINT('',(1.3,2.814249455894,17.));
#570 = SURFACE_CURVE('',#571,(#654,#740),.PCURVE_S1.);
#571 = B_SPLINE_CURVE_WITH_KNOTS('',6,(#572,#573,#574,#575,#576,#577,
    #578,#579,#580,#581,#582,#583,#584,#585,#586,#587,#588,#589,#590,
    #591,#592,#593,#594,#595,#596,#597,#598,#599,#600,#601,#602,#603,
    #604,#605,#606,#607,#608,#609,#610,#611,#612,#613,#614,#615,#616,
    #617,#618,#619,#620,#621,#622,#623,#624,#625,#626,#627,#628,#629,
    #630,#631,#632,#633,#634,#635,#636,#637,#638,#639,#640,#641,#642,
    #643,#644,#645,#646,#647,#648,#649,#650,#651,#652,#653),
  .UNSPECIFIED.,.T.,.F.,(7,5,5,5,5,5,5,5,5,5,5,5,5,5,5,5,7),(0.,
    6.342250921313E-02,0.128827385903,0.179539393689,0.218568634692,
    0.293967336742,0.34916924228,0.43609755229,0.499460922855,
    0.563020338051,0.628566399929,0.679387876378,0.718501367284,
    0.79406282777,0.849383894195,0.9364998509,1.),.UNSPECIFIED.);
#572 = CARTESIAN_POINT('',(1.3,2.814249455894,17.));
#573 = CARTESIAN_POINT('',(1.3,2.814249455894,17.079395295397));
#574 = CARTESIAN_POINT('',(1.294181379447,2.816936872145,17.158758309054
    ));
#575 = CARTESIAN_POINT('',(1.282552505561,2.822309807212,17.237684150271
    ));
#576 = CARTESIAN_POINT('',(1.265125880894,2.830249120147,17.315753597856
    ));
#577 = CARTESIAN_POINT('',(1.24192809917,2.840528481599,17.392529723095)
  );
#578 = CARTESIAN_POINT('',(1.183187617477,2.865504704914,17.544924316831
    ));
#579 = CARTESIAN_POINT('',(1.14728317774,2.880329381641,17.620428933306)
  );
#580 = CARTESIAN_POINT('',(1.105307379537,2.896964930776,17.693676872941
    ));
#581 = CARTESIAN_POINT('',(1.057255101384,2.914987647233,17.764211298967
    ));
#582 = CARTESIAN_POINT('',(1.003122089606,2.933894957073,17.83150065074)
  );
#583 = CARTESIAN_POINT('',(0.896245275946,2.968020422378,17.944108971886
    ));
#584 = CARTESIAN_POINT('',(0.845883402051,2.983125204377,17.991007183285
    ));
#585 = CARTESIAN_POINT('',(0.791864699332,2.998155512194,18.035292730277
    ));
#586 = CARTESIAN_POINT('',(0.734242261146,3.012807402975,18.076609505458
    ));
#587 = CARTESIAN_POINT('',(0.673099440605,3.026758999456,18.114572634651
    ));
#588 = CARTESIAN_POINT('',(0.558880841577,3.049625990171,18.175079681107
    ));
#589 = CARTESIAN_POINT('',(0.507172117237,3.058965117995,18.19917120728)
  );
#590 = CARTESIAN_POINT('',(0.453592647485,3.067524780238,18.22078641392)
  );
#591 = CARTESIAN_POINT('',(0.398328321237,3.075142238534,18.239703127372
    ));
#592 = CARTESIAN_POINT('',(0.341585047415,3.081673556381,18.255727515234
    ));
#593 = CARTESIAN_POINT('',(0.171541073777,3.097294580586,18.293736846599
    ));
#594 = CARTESIAN_POINT('',(5.495580160714E-02,3.103083319506,
    18.307329011794));
#595 = CARTESIAN_POINT('',(-6.350452791935E-02,3.103449122346,
    18.308085990127));
#596 = CARTESIAN_POINT('',(-0.180941672261,3.098150642781,
    18.295775738234));
#597 = CARTESIAN_POINT('',(-0.294511763559,3.087871952022,
    18.271208218757));
#598 = CARTESIAN_POINT('',(-0.480214351841,3.063602526495,
    18.210869790183));
#599 = CARTESIAN_POINT('',(-0.555400252194,3.051330235186,
    18.179829246798));
#600 = CARTESIAN_POINT('',(-0.626909476955,3.037441810064,
    18.143803086658));
#601 = CARTESIAN_POINT('',(-0.694440610298,3.02237611727,18.103346482897
    ));
#602 = CARTESIAN_POINT('',(-0.757759933695,3.006581603751,
    18.059027322716));
#603 = CARTESIAN_POINT('',(-0.909515490578,2.965137224138,
    17.936489742175));
#604 = CARTESIAN_POINT('',(-0.991726431195,2.938970714184,
    17.853222562774));
#605 = CARTESIAN_POINT('',(-1.063208759661,2.913469839806,
    17.763337087915));
#606 = CARTESIAN_POINT('',(-1.123989895981,2.889922768408,
    17.668172968167));
#607 = CARTESIAN_POINT('',(-1.174113892385,2.869371475478,
    17.568812303375));
#608 = CARTESIAN_POINT('',(-1.242284982043,2.840370323306,
    17.391346537989));
#609 = CARTESIAN_POINT('',(-1.265340341905,2.83015140473,17.314791279617
    ));
#610 = CARTESIAN_POINT('',(-1.28265986804,2.822260200228,17.236954466987
    ));
#611 = CARTESIAN_POINT('',(-1.294217216958,2.816920324471,
    17.158269015684));
#612 = CARTESIAN_POINT('',(-1.3,2.814249455894,17.079150406085));
#613 = CARTESIAN_POINT('',(-1.3,2.814249455894,16.920604704603));
#614 = CARTESIAN_POINT('',(-1.294181379447,2.816936872145,
    16.841241690946));
#615 = CARTESIAN_POINT('',(-1.282552505561,2.822309807212,
    16.762315849729));
#616 = CARTESIAN_POINT('',(-1.265125880894,2.830249120147,
    16.684246402144));
#617 = CARTESIAN_POINT('',(-1.24192809917,2.840528481599,16.607470276905
    ));
#618 = CARTESIAN_POINT('',(-1.183187617477,2.865504704914,
    16.455075683169));
#619 = CARTESIAN_POINT('',(-1.14728317774,2.880329381641,16.379571066694
    ));
#620 = CARTESIAN_POINT('',(-1.105307379537,2.896964930776,
    16.306323127059));
#621 = CARTESIAN_POINT('',(-1.057255101384,2.914987647233,
    16.235788701033));
#622 = CARTESIAN_POINT('',(-1.003122089606,2.933894957073,16.16849934926
    ));
#623 = CARTESIAN_POINT('',(-0.896245275946,2.968020422378,
    16.055891028114));
#624 = CARTESIAN_POINT('',(-0.845883402051,2.983125204377,
    16.008992816715));
#625 = CARTESIAN_POINT('',(-0.791864699332,2.998155512194,
    15.964707269723));
#626 = CARTESIAN_POINT('',(-0.734242261146,3.012807402975,
    15.923390494542));
#627 = CARTESIAN_POINT('',(-0.673099440605,3.026758999456,
    15.885427365349));
#628 = CARTESIAN_POINT('',(-0.558880841504,3.049625990185,
    15.824920318854));
#629 = CARTESIAN_POINT('',(-0.50717211726,3.058965117986,15.800828792743
    ));
#630 = CARTESIAN_POINT('',(-0.453592647575,3.067524780225,
    15.779213586112));
#631 = CARTESIAN_POINT('',(-0.398328321265,3.075142238535,
    15.760296872624));
#632 = CARTESIAN_POINT('',(-0.341585047318,3.08167355639,15.744272484745
    ));
#633 = CARTESIAN_POINT('',(-0.171541073777,3.097294580586,
    15.706263153401));
#634 = CARTESIAN_POINT('',(-5.495580160694E-02,3.103083319506,
    15.692670988205));
#635 = CARTESIAN_POINT('',(6.350452791902E-02,3.103449122346,
    15.691914009873));
#636 = CARTESIAN_POINT('',(0.180941672261,3.098150642781,15.704224261766
    ));
#637 = CARTESIAN_POINT('',(0.294511763559,3.087871952022,15.728791781243
    ));
#638 = CARTESIAN_POINT('',(0.480214351849,3.063602526494,15.78913020982)
  );
#639 = CARTESIAN_POINT('',(0.555400252192,3.051330235186,15.820170753203
    ));
#640 = CARTESIAN_POINT('',(0.626909476948,3.037441810066,15.856196913338
    ));
#641 = CARTESIAN_POINT('',(0.694440610297,3.022376117271,15.896653517101
    ));
#642 = CARTESIAN_POINT('',(0.7577599337,3.006581603749,15.940972677289)
  );
#643 = CARTESIAN_POINT('',(0.909515490578,2.965137224138,16.063510257825
    ));
#644 = CARTESIAN_POINT('',(0.991726431195,2.938970714184,16.146777437226
    ));
#645 = CARTESIAN_POINT('',(1.063208759661,2.913469839806,16.236662912085
    ));
#646 = CARTESIAN_POINT('',(1.123989895981,2.889922768408,16.331827031833
    ));
#647 = CARTESIAN_POINT('',(1.174113892385,2.869371475478,16.431187696625
    ));
#648 = CARTESIAN_POINT('',(1.242284982043,2.840370323306,16.608653462011
    ));
#649 = CARTESIAN_POINT('',(1.265340341905,2.83015140473,16.685208720383)
  );
#650 = CARTESIAN_POINT('',(1.28265986804,2.822260200228,16.763045533013)
  );
#651 = CARTESIAN_POINT('',(1.294217216958,2.816920324471,16.841730984316
    ));
#652 = CARTESIAN_POINT('',(1.3,2.814249455894,16.920849593915));
#653 = CARTESIAN_POINT('',(1.3,2.814249455894,17.));
#654 = PCURVE('',#106,#655);
#655 = DEFINITIONAL_REPRESENTATION('',(#656),#739);
#656 = B_SPLINE_CURVE_WITH_KNOTS('',6,(#657,#658,#659,#660,#661,#662,
    #663,#664,#665,#666,#667,#668,#669,#670,#671,#672,#673,#674,#675,
    #676,#677,#678,#679,#680,#681,#682,#683,#684,#685,#686,#687,#688,
    #689,#690,#691,#692,#693,#694,#695,#696,#697,#698,#699,#700,#701,
    #702,#703,#704,#705,#706,#707,#708,#709,#710,#711,#712,#713,#714,
    #715,#716,#717,#718,#719,#720,#721,#722,#723,#724,#725,#726,#727,
    #728,#729,#730,#731,#732,#733,#734,#735,#736,#737,#738),
  .UNSPECIFIED.,.T.,.F.,(7,5,5,5,5,5,5,5,5,5,5,5,5,5,5,5,7),(0.,
    6.342250921313E-02,0.128827385903,0.179539393689,0.218568634692,
    0.293967336742,0.34916924228,0.43609755229,0.499460922855,
    0.563020338051,0.628566399929,0.679387876378,0.718501367284,
    0.79406282777,0.849383894195,0.9364998509,1.),.UNSPECIFIED.);
#657 = CARTESIAN_POINT('',(-1.138061792528,-18.));
#658 = CARTESIAN_POINT('',(-1.138061792528,-18.07939529539));
#659 = CARTESIAN_POINT('',(-1.140129231575,-18.15875830905));
#660 = CARTESIAN_POINT('',(-1.14426170905,-18.23768415027));
#661 = CARTESIAN_POINT('',(-1.150438820669,-18.31575359785));
#662 = CARTESIAN_POINT('',(-1.158622873099,-18.39252972309));
#663 = CARTESIAN_POINT('',(-1.179213162882,-18.54492431683));
#664 = CARTESIAN_POINT('',(-1.19174295133,-18.6204289333));
#665 = CARTESIAN_POINT('',(-1.206305828742,-18.69367687294));
#666 = CARTESIAN_POINT('',(-1.222855664801,-18.76421129896));
#667 = CARTESIAN_POINT('',(-1.241345722686,-18.83150065074));
#668 = CARTESIAN_POINT('',(-1.277536914433,-18.94410897188));
#669 = CARTESIAN_POINT('',(-1.29449500849,-18.99100718328));
#670 = CARTESIAN_POINT('',(-1.312576573264,-19.03529273027));
#671 = CARTESIAN_POINT('',(-1.33174789253,-19.07660950545));
#672 = CARTESIAN_POINT('',(-1.351971080308,-19.11457263465));
#673 = CARTESIAN_POINT('',(-1.389546931627,-19.1750796811));
#674 = CARTESIAN_POINT('',(-1.406494023295,-19.19917120728));
#675 = CARTESIAN_POINT('',(-1.423991273294,-19.22078641392));
#676 = CARTESIAN_POINT('',(-1.441980500085,-19.23970312737));
#677 = CARTESIAN_POINT('',(-1.460400749189,-19.25572751523));
#678 = CARTESIAN_POINT('',(-1.515484612382,-19.29373684659));
#679 = CARTESIAN_POINT('',(-1.553106117099,-19.30732901179));
#680 = CARTESIAN_POINT('',(-1.591254674334,-19.30808599012));
#681 = CARTESIAN_POINT('',(-1.629114997099,-19.29577573823));
#682 = CARTESIAN_POINT('',(-1.665871490943,-19.27120821875));
#683 = CARTESIAN_POINT('',(-1.726284960775,-19.21086979018));
#684 = CARTESIAN_POINT('',(-1.750846897496,-19.17982924679));
#685 = CARTESIAN_POINT('',(-1.774330657725,-19.14380308665));
#686 = CARTESIAN_POINT('',(-1.796639243476,-19.10334648289));
#687 = CARTESIAN_POINT('',(-1.817685606167,-19.05902732271));
#688 = CARTESIAN_POINT('',(-1.86843174102,-18.93648974217));
#689 = CARTESIAN_POINT('',(-1.896238251742,-18.85322256277));
#690 = CARTESIAN_POINT('',(-1.920703561152,-18.76333708791));
#691 = CARTESIAN_POINT('',(-1.941723982616,-18.66817296816));
#692 = CARTESIAN_POINT('',(-1.959197786492,-18.56881230337));
#693 = CARTESIAN_POINT('',(-1.983095688238,-18.39134653798));
#694 = CARTESIAN_POINT('',(-1.991229853952,-18.31479127961));
#695 = CARTESIAN_POINT('',(-1.997369097916,-18.23695446698));
#696 = CARTESIAN_POINT('',(-2.00147615428,-18.15826901568));
#697 = CARTESIAN_POINT('',(-2.003530861062,-18.07915040608));
#698 = CARTESIAN_POINT('',(-2.003530861062,-17.9206047046));
#699 = CARTESIAN_POINT('',(-2.001463422014,-17.84124169094));
#700 = CARTESIAN_POINT('',(-1.997330944539,-17.76231584972));
#701 = CARTESIAN_POINT('',(-1.99115383292,-17.68424640214));
#702 = CARTESIAN_POINT('',(-1.982969780491,-17.6074702769));
#703 = CARTESIAN_POINT('',(-1.962379490708,-17.45507568316));
#704 = CARTESIAN_POINT('',(-1.94984970226,-17.37957106669));
#705 = CARTESIAN_POINT('',(-1.935286824848,-17.30632312705));
#706 = CARTESIAN_POINT('',(-1.918736988789,-17.23578870103));
#707 = CARTESIAN_POINT('',(-1.900246930904,-17.16849934926));
#708 = CARTESIAN_POINT('',(-1.864055739157,-17.05589102811));
#709 = CARTESIAN_POINT('',(-1.8470976451,-17.00899281671));
#710 = CARTESIAN_POINT('',(-1.829016080326,-16.96470726972));
#711 = CARTESIAN_POINT('',(-1.809844761059,-16.92339049454));
#712 = CARTESIAN_POINT('',(-1.789621573282,-16.88542736534));
#713 = CARTESIAN_POINT('',(-1.752045721939,-16.82492031885));
#714 = CARTESIAN_POINT('',(-1.735098630303,-16.80082879274));
#715 = CARTESIAN_POINT('',(-1.717601380325,-16.77921358611));
#716 = CARTESIAN_POINT('',(-1.699612153514,-16.76029687262));
#717 = CARTESIAN_POINT('',(-1.681191904369,-16.74427248474));
#718 = CARTESIAN_POINT('',(-1.626108041208,-16.7062631534));
#719 = CARTESIAN_POINT('',(-1.58848653649,-16.6926709882));
#720 = CARTESIAN_POINT('',(-1.550337979255,-16.69191400987));
#721 = CARTESIAN_POINT('',(-1.51247765649,-16.70422426176));
#722 = CARTESIAN_POINT('',(-1.475721162647,-16.72879178124));
#723 = CARTESIAN_POINT('',(-1.415307692812,-16.78913020982));
#724 = CARTESIAN_POINT('',(-1.390745756095,-16.8201707532));
#725 = CARTESIAN_POINT('',(-1.367261995867,-16.85619691333));
#726 = CARTESIAN_POINT('',(-1.344953410114,-16.8966535171));
#727 = CARTESIAN_POINT('',(-1.323907047421,-16.94097267728));
#728 = CARTESIAN_POINT('',(-1.27316091257,-17.06351025782));
#729 = CARTESIAN_POINT('',(-1.245354401848,-17.14677743722));
#730 = CARTESIAN_POINT('',(-1.220889092438,-17.23666291208));
#731 = CARTESIAN_POINT('',(-1.199868670974,-17.33182703183));
#732 = CARTESIAN_POINT('',(-1.182394867098,-17.43118769662));
#733 = CARTESIAN_POINT('',(-1.158496965352,-17.60865346201));
#734 = CARTESIAN_POINT('',(-1.150362799638,-17.68520872038));
#735 = CARTESIAN_POINT('',(-1.144223555674,-17.76304553301));
#736 = CARTESIAN_POINT('',(-1.140116499309,-17.84173098431));
#737 = CARTESIAN_POINT('',(-1.138061792528,-17.92084959391));
#738 = CARTESIAN_POINT('',(-1.138061792528,-18.));
#739 = ( GEOMETRIC_REPRESENTATION_CONTEXT(2) 
PARAMETRIC_REPRESENTATION_CONTEXT() REPRESENTATION_CONTEXT('2D SPACE',''
  ) );
#740 = PCURVE('',#741,#746);
#741 = CYLINDRICAL_SURFACE('',#742,1.3);
#742 = AXIS2_PLACEMENT_3D('',#743,#744,#745);
#743 = CARTESIAN_POINT('',(0.,0.,17.));
#744 = DIRECTION('',(0.,-1.,0.));
#745 = DIRECTION('',(1.,0.,0.));
#746 = DEFINITIONAL_REPRESENTATION('',(#747),#830);
#747 = B_SPLINE_CURVE_WITH_KNOTS('',6,(#748,#749,#750,#751,#752,#753,
    #754,#755,#756,#757,#758,#759,#760,#761,#762,#763,#764,#765,#766,
    #767,#768,#769,#770,#771,#772,#773,#774,#775,#776,#777,#778,#779,
    #780,#781,#782,#783,#784,#785,#786,#787,#788,#789,#790,#791,#792,
    #793,#794,#795,#796,#797,#798,#799,#800,#801,#802,#803,#804,#805,
    #806,#807,#808,#809,#810,#811,#812,#813,#814,#815,#816,#817,#818,
    #819,#820,#821,#822,#823,#824,#825,#826,#827,#828,#829),
  .UNSPECIFIED.,.F.,.F.,(7,5,5,5,5,5,5,5,5,5,5,5,5,5,5,5,7),(0.,
    6.342250921313E-02,0.128827385903,0.179539393689,0.218568634692,
    0.293967336742,0.34916924228,0.43609755229,0.499460922855,
    0.563020338051,0.628566399929,0.679387876378,0.718501367284,
    0.79406282777,0.849383894195,0.9364998509,1.),.UNSPECIFIED.);
#748 = CARTESIAN_POINT('',(0.,-2.814249455894));
#749 = CARTESIAN_POINT('',(6.107330415126E-02,-2.814249455894));
#750 = CARTESIAN_POINT('',(0.122121855239,-2.816936872145));
#751 = CARTESIAN_POINT('',(0.183243833288,-2.822309807212));
#752 = CARTESIAN_POINT('',(0.244526070025,-2.830249120147));
#753 = CARTESIAN_POINT('',(0.306050499661,-2.840528481599));
#754 = CARTESIAN_POINT('',(0.431683939386,-2.865504704914));
#755 = CARTESIAN_POINT('',(0.495811079527,-2.880329381641));
#756 = CARTESIAN_POINT('',(0.560465711805,-2.896964930776));
#757 = CARTESIAN_POINT('',(0.625813033265,-2.914987647233));
#758 = CARTESIAN_POINT('',(0.692022517646,-2.933894957073));
#759 = CARTESIAN_POINT('',(0.811447390145,-2.968020422378));
#760 = CARTESIAN_POINT('',(0.864282561636,-2.983125204377));
#761 = CARTESIAN_POINT('',(0.91785231682,-2.998155512194));
#762 = CARTESIAN_POINT('',(0.972217459145,-3.012807402975));
#763 = CARTESIAN_POINT('',(1.027449167786,-3.026758999456));
#764 = CARTESIAN_POINT('',(1.126876495577,-3.049625990171));
#765 = CARTESIAN_POINT('',(1.17070023786,-3.058965117995));
#766 = CARTESIAN_POINT('',(1.21504958898,-3.067524780238));
#767 = CARTESIAN_POINT('',(1.259882927479,-3.075142238534));
#768 = CARTESIAN_POINT('',(1.305169377262,-3.081673556381));
#769 = CARTESIAN_POINT('',(1.439200333329,-3.097294580586));
#770 = CARTESIAN_POINT('',(1.52900182689,-3.103083319506));
#771 = CARTESIAN_POINT('',(1.619299866274,-3.103449122346));
#772 = CARTESIAN_POINT('',(1.709316855017,-3.098150642781));
#773 = CARTESIAN_POINT('',(1.798242045134,-3.087871952022));
#774 = CARTESIAN_POINT('',(1.948441473227,-3.063602526495));
#775 = CARTESIAN_POINT('',(2.010824951841,-3.051330235186));
#776 = CARTESIAN_POINT('',(2.072163111447,-3.037441810064));
#777 = CARTESIAN_POINT('',(2.132487065312,-3.02237611727));
#778 = CARTESIAN_POINT('',(2.191799741543,-3.006581603751));
#779 = CARTESIAN_POINT('',(2.341839593625,-2.965137224138));
#780 = CARTESIAN_POINT('',(2.431280856691,-2.938970714184));
#781 = CARTESIAN_POINT('',(2.518889135409,-2.913469839806));
#782 = CARTESIAN_POINT('',(2.605077996747,-2.889922768408));
#783 = CARTESIAN_POINT('',(2.690252550871,-2.869371475478));
#784 = CARTESIAN_POINT('',(2.836490169271,-2.840370323306));
#785 = CARTESIAN_POINT('',(2.897821927425,-2.83015140473));
#786 = CARTESIAN_POINT('',(2.958913894358,-2.822260200228));
#787 = CARTESIAN_POINT('',(3.019847179384,-2.816920324471));
#788 = CARTESIAN_POINT('',(3.080707725832,-2.814249455894));
#789 = CARTESIAN_POINT('',(3.202665957741,-2.814249455894));
#790 = CARTESIAN_POINT('',(3.263714508829,-2.816936872145));
#791 = CARTESIAN_POINT('',(3.324836486878,-2.822309807212));
#792 = CARTESIAN_POINT('',(3.386118723615,-2.830249120147));
#793 = CARTESIAN_POINT('',(3.44764315325,-2.840528481599));
#794 = CARTESIAN_POINT('',(3.573276592976,-2.865504704914));
#795 = CARTESIAN_POINT('',(3.637403733117,-2.880329381641));
#796 = CARTESIAN_POINT('',(3.702058365395,-2.896964930776));
#797 = CARTESIAN_POINT('',(3.767405686855,-2.914987647233));
#798 = CARTESIAN_POINT('',(3.833615171236,-2.933894957073));
#799 = CARTESIAN_POINT('',(3.953040043734,-2.968020422378));
#800 = CARTESIAN_POINT('',(4.005875215226,-2.983125204377));
#801 = CARTESIAN_POINT('',(4.059444970409,-2.998155512194));
#802 = CARTESIAN_POINT('',(4.113810112735,-3.012807402975));
#803 = CARTESIAN_POINT('',(4.169041821376,-3.026758999456));
#804 = CARTESIAN_POINT('',(4.26846914923,-3.049625990185));
#805 = CARTESIAN_POINT('',(4.312292891427,-3.058965117986));
#806 = CARTESIAN_POINT('',(4.356642242496,-3.067524780225));
#807 = CARTESIAN_POINT('',(4.401475581049,-3.075142238535));
#808 = CARTESIAN_POINT('',(4.446762030928,-3.08167355639));
#809 = CARTESIAN_POINT('',(4.580792986919,-3.097294580586));
#810 = CARTESIAN_POINT('',(4.67059448048,-3.103083319506));
#811 = CARTESIAN_POINT('',(4.760892519863,-3.103449122346));
#812 = CARTESIAN_POINT('',(4.850909508607,-3.098150642781));
#813 = CARTESIAN_POINT('',(4.939834698724,-3.087871952022));
#814 = CARTESIAN_POINT('',(5.090034126824,-3.063602526494));
#815 = CARTESIAN_POINT('',(5.15241760543,-3.051330235186));
#816 = CARTESIAN_POINT('',(5.21375576503,-3.037441810066));
#817 = CARTESIAN_POINT('',(5.2740797189,-3.022376117271));
#818 = CARTESIAN_POINT('',(5.333392395138,-3.006581603749));
#819 = CARTESIAN_POINT('',(5.483432247215,-2.965137224138));
#820 = CARTESIAN_POINT('',(5.572873510281,-2.938970714184));
#821 = CARTESIAN_POINT('',(5.660481788999,-2.913469839806));
#822 = CARTESIAN_POINT('',(5.746670650337,-2.889922768408));
#823 = CARTESIAN_POINT('',(5.831845204461,-2.869371475478));
#824 = CARTESIAN_POINT('',(5.97808282286,-2.840370323306));
#825 = CARTESIAN_POINT('',(6.039414581015,-2.83015140473));
#826 = CARTESIAN_POINT('',(6.100506547948,-2.822260200228));
#827 = CARTESIAN_POINT('',(6.161439832973,-2.816920324471));
#828 = CARTESIAN_POINT('',(6.222300379422,-2.814249455894));
#829 = CARTESIAN_POINT('',(6.28318530718,-2.814249455894));
#830 = ( GEOMETRIC_REPRESENTATION_CONTEXT(2) 
PARAMETRIC_REPRESENTATION_CONTEXT() REPRESENTATION_CONTEXT('2D SPACE',''
  ) );
#831 = FACE_BOUND('',#832,.T.);
#832 = EDGE_LOOP('',(#833));
#833 = ORIENTED_EDGE('',*,*,#834,.T.);
#834 = EDGE_CURVE('',#835,#835,#837,.T.);
#835 = VERTEX_POINT('',#836);
#836 = CARTESIAN_POINT('',(1.3,-2.814249455894,17.));
#837 = SURFACE_CURVE('',#838,(#921,#1007),.PCURVE_S1.);
#838 = B_SPLINE_CURVE_WITH_KNOTS('',6,(#839,#840,#841,#842,#843,#844,
    #845,#846,#847,#848,#849,#850,#851,#852,#853,#854,#855,#856,#857,
    #858,#859,#860,#861,#862,#863,#864,#865,#866,#867,#868,#869,#870,
    #871,#872,#873,#874,#875,#876,#877,#878,#879,#880,#881,#882,#883,
    #884,#885,#886,#887,#888,#889,#890,#891,#892,#893,#894,#895,#896,
    #897,#898,#899,#900,#901,#902,#903,#904,#905,#906,#907,#908,#909,
    #910,#911,#912,#913,#914,#915,#916,#917,#918,#919,#920),
  .UNSPECIFIED.,.T.,.F.,(7,5,5,5,5,5,5,5,5,5,5,5,5,5,5,5,7),(0.,
    6.342250933298E-02,0.128827386147,0.179539394028,0.218568635078,
    0.29396733716,0.349169242729,0.436097552803,0.499460923413,
    0.563020338655,0.628566400581,0.679387877066,0.718501367943,
    0.794062828247,0.849383894542,0.936499851046,1.),.UNSPECIFIED.);
#839 = CARTESIAN_POINT('',(1.3,-2.814249455894,17.));
#840 = CARTESIAN_POINT('',(1.3,-2.814249455894,17.079395295397));
#841 = CARTESIAN_POINT('',(1.294181379447,-2.816936872145,
    17.158758309054));
#842 = CARTESIAN_POINT('',(1.282552505561,-2.822309807212,
    17.237684150271));
#843 = CARTESIAN_POINT('',(1.265125880894,-2.830249120147,
    17.315753597856));
#844 = CARTESIAN_POINT('',(1.24192809917,-2.840528481599,17.392529723095
    ));
#845 = CARTESIAN_POINT('',(1.183187617477,-2.865504704914,
    17.544924316831));
#846 = CARTESIAN_POINT('',(1.14728317774,-2.880329381641,17.620428933306
    ));
#847 = CARTESIAN_POINT('',(1.105307379537,-2.896964930776,
    17.693676872941));
#848 = CARTESIAN_POINT('',(1.057255101384,-2.914987647233,
    17.764211298967));
#849 = CARTESIAN_POINT('',(1.003122089606,-2.933894957073,17.83150065074
    ));
#850 = CARTESIAN_POINT('',(0.896245275946,-2.968020422378,
    17.944108971886));
#851 = CARTESIAN_POINT('',(0.845883402051,-2.983125204377,
    17.991007183285));
#852 = CARTESIAN_POINT('',(0.791864699332,-2.998155512194,
    18.035292730277));
#853 = CARTESIAN_POINT('',(0.734242261146,-3.012807402975,
    18.076609505458));
#854 = CARTESIAN_POINT('',(0.673099440605,-3.026758999456,
    18.114572634651));
#855 = CARTESIAN_POINT('',(0.558880841611,-3.049625990164,
    18.175079681089));
#856 = CARTESIAN_POINT('',(0.507172117225,-3.058965117999,
    18.199171207291));
#857 = CARTESIAN_POINT('',(0.453592647443,-3.067524780244,
    18.220786413936));
#858 = CARTESIAN_POINT('',(0.398328321223,-3.075142238533,18.23970312737
    ));
#859 = CARTESIAN_POINT('',(0.341585047461,-3.081673556377,
    18.255727515224));
#860 = CARTESIAN_POINT('',(0.171541073777,-3.097294580586,
    18.293736846599));
#861 = CARTESIAN_POINT('',(5.495580160707E-02,-3.103083319506,
    18.307329011794));
#862 = CARTESIAN_POINT('',(-6.350452791924E-02,-3.103449122346,
    18.308085990127));
#863 = CARTESIAN_POINT('',(-0.180941672261,-3.098150642781,
    18.295775738234));
#864 = CARTESIAN_POINT('',(-0.294511763559,-3.087871952022,
    18.271208218757));
#865 = CARTESIAN_POINT('',(-0.480214351854,-3.063602526493,
    18.210869790179));
#866 = CARTESIAN_POINT('',(-0.555400252191,-3.051330235186,
    18.179829246797));
#867 = CARTESIAN_POINT('',(-0.626909476944,-3.037441810066,
    18.143803086663));
#868 = CARTESIAN_POINT('',(-0.694440610296,-3.022376117272,18.1033464829
    ));
#869 = CARTESIAN_POINT('',(-0.757759933703,-3.006581603749,
    18.059027322709));
#870 = CARTESIAN_POINT('',(-0.909515490578,-2.965137224138,
    17.936489742175));
#871 = CARTESIAN_POINT('',(-0.991726431195,-2.938970714184,
    17.853222562773));
#872 = CARTESIAN_POINT('',(-1.063208759661,-2.913469839806,
    17.763337087915));
#873 = CARTESIAN_POINT('',(-1.123989895981,-2.889922768408,
    17.668172968167));
#874 = CARTESIAN_POINT('',(-1.174113892385,-2.869371475478,
    17.568812303375));
#875 = CARTESIAN_POINT('',(-1.242284982043,-2.840370323306,
    17.391346537989));
#876 = CARTESIAN_POINT('',(-1.265340341905,-2.83015140473,
    17.314791279617));
#877 = CARTESIAN_POINT('',(-1.28265986804,-2.822260200228,
    17.236954466987));
#878 = CARTESIAN_POINT('',(-1.294217216958,-2.816920324471,
    17.158269015684));
#879 = CARTESIAN_POINT('',(-1.3,-2.814249455894,17.079150406085));
#880 = CARTESIAN_POINT('',(-1.3,-2.814249455894,16.920604704603));
#881 = CARTESIAN_POINT('',(-1.294181379447,-2.816936872145,
    16.841241690946));
#882 = CARTESIAN_POINT('',(-1.282552505561,-2.822309807212,
    16.762315849729));
#883 = CARTESIAN_POINT('',(-1.265125880894,-2.830249120147,
    16.684246402144));
#884 = CARTESIAN_POINT('',(-1.24192809917,-2.840528481599,
    16.607470276905));
#885 = CARTESIAN_POINT('',(-1.183187617477,-2.865504704914,
    16.455075683169));
#886 = CARTESIAN_POINT('',(-1.14728317774,-2.880329381641,
    16.379571066694));
#887 = CARTESIAN_POINT('',(-1.105307379537,-2.896964930776,
    16.306323127059));
#888 = CARTESIAN_POINT('',(-1.057255101384,-2.914987647233,
    16.235788701033));
#889 = CARTESIAN_POINT('',(-1.003122089606,-2.933894957073,
    16.16849934926));
#890 = CARTESIAN_POINT('',(-0.896245275946,-2.968020422378,
    16.055891028114));
#891 = CARTESIAN_POINT('',(-0.845883402051,-2.983125204377,
    16.008992816715));
#892 = CARTESIAN_POINT('',(-0.791864699332,-2.998155512194,
    15.964707269723));
#893 = CARTESIAN_POINT('',(-0.734242261146,-3.012807402975,
    15.923390494542));
#894 = CARTESIAN_POINT('',(-0.673099440605,-3.026758999456,
    15.885427365349));
#895 = CARTESIAN_POINT('',(-0.558880841577,-3.049625990171,
    15.824920318893));
#896 = CARTESIAN_POINT('',(-0.507172117237,-3.058965117995,
    15.80082879272));
#897 = CARTESIAN_POINT('',(-0.453592647485,-3.067524780238,
    15.77921358608));
#898 = CARTESIAN_POINT('',(-0.398328321237,-3.075142238534,
    15.760296872628));
#899 = CARTESIAN_POINT('',(-0.341585047415,-3.081673556381,
    15.744272484766));
#900 = CARTESIAN_POINT('',(-0.171541073777,-3.097294580586,
    15.706263153401));
#901 = CARTESIAN_POINT('',(-5.495580160729E-02,-3.103083319506,
    15.692670988206));
#902 = CARTESIAN_POINT('',(6.350452791953E-02,-3.103449122346,
    15.691914009873));
#903 = CARTESIAN_POINT('',(0.180941672261,-3.098150642781,
    15.704224261766));
#904 = CARTESIAN_POINT('',(0.294511763559,-3.087871952022,
    15.728791781243));
#905 = CARTESIAN_POINT('',(0.480214351854,-3.063602526493,
    15.789130209821));
#906 = CARTESIAN_POINT('',(0.55540025219,-3.051330235186,15.820170753203
    ));
#907 = CARTESIAN_POINT('',(0.626909476944,-3.037441810066,
    15.856196913337));
#908 = CARTESIAN_POINT('',(0.694440610296,-3.022376117272,15.8966535171)
  );
#909 = CARTESIAN_POINT('',(0.757759933703,-3.006581603749,
    15.940972677291));
#910 = CARTESIAN_POINT('',(0.909515490578,-2.965137224138,
    16.063510257825));
#911 = CARTESIAN_POINT('',(0.991726431195,-2.938970714184,
    16.146777437226));
#912 = CARTESIAN_POINT('',(1.063208759661,-2.913469839806,
    16.236662912085));
#913 = CARTESIAN_POINT('',(1.123989895981,-2.889922768408,
    16.331827031833));
#914 = CARTESIAN_POINT('',(1.174113892385,-2.869371475478,
    16.431187696625));
#915 = CARTESIAN_POINT('',(1.242284982043,-2.840370323306,
    16.608653462011));
#916 = CARTESIAN_POINT('',(1.265340341905,-2.83015140473,16.685208720383
    ));
#917 = CARTESIAN_POINT('',(1.28265986804,-2.822260200228,16.763045533013
    ));
#918 = CARTESIAN_POINT('',(1.294217216958,-2.816920324471,
    16.841730984316));
#919 = CARTESIAN_POINT('',(1.3,-2.814249455894,16.920849593915));
#920 = CARTESIAN_POINT('',(1.3,-2.814249455894,17.));
#921 = PCURVE('',#106,#922);
#922 = DEFINITIONAL_REPRESENTATION('',(#923),#1006);
#923 = B_SPLINE_CURVE_WITH_KNOTS('',6,(#924,#925,#926,#927,#928,#929,
    #930,#931,#932,#933,#934,#935,#936,#937,#938,#939,#940,#941,#942,
    #943,#944,#945,#946,#947,#948,#949,#950,#951,#952,#953,#954,#955,
    #956,#957,#958,#959,#960,#961,#962,#963,#964,#965,#966,#967,#968,
    #969,#970,#971,#972,#973,#974,#975,#976,#977,#978,#979,#980,#981,
    #982,#983,#984,#985,#986,#987,#988,#989,#990,#991,#992,#993,#994,
    #995,#996,#997,#998,#999,#1000,#1001,#1002,#1003,#1004,#1005),
  .UNSPECIFIED.,.T.,.F.,(7,5,5,5,5,5,5,5,5,5,5,5,5,5,5,5,7),(0.,
    6.342250933298E-02,0.128827386147,0.179539394028,0.218568635078,
    0.29396733716,0.349169242729,0.436097552803,0.499460923413,
    0.563020338655,0.628566400581,0.679387877066,0.718501367943,
    0.794062828247,0.849383894542,0.936499851046,1.),.UNSPECIFIED.);
#924 = CARTESIAN_POINT('',(-5.145123514652,-18.));
#925 = CARTESIAN_POINT('',(-5.145123514652,-18.07939529539));
#926 = CARTESIAN_POINT('',(-5.143056075604,-18.15875830905));
#927 = CARTESIAN_POINT('',(-5.138923598129,-18.23768415027));
#928 = CARTESIAN_POINT('',(-5.13274648651,-18.31575359785));
#929 = CARTESIAN_POINT('',(-5.124562434081,-18.39252972309));
#930 = CARTESIAN_POINT('',(-5.103972144298,-18.54492431683));
#931 = CARTESIAN_POINT('',(-5.09144235585,-18.6204289333));
#932 = CARTESIAN_POINT('',(-5.076879478437,-18.69367687294));
#933 = CARTESIAN_POINT('',(-5.060329642379,-18.76421129896));
#934 = CARTESIAN_POINT('',(-5.041839584494,-18.83150065074));
#935 = CARTESIAN_POINT('',(-5.005648392746,-18.94410897188));
#936 = CARTESIAN_POINT('',(-4.988690298689,-18.99100718328));
#937 = CARTESIAN_POINT('',(-4.970608733916,-19.03529273027));
#938 = CARTESIAN_POINT('',(-4.951437414649,-19.07660950545));
#939 = CARTESIAN_POINT('',(-4.931214226872,-19.11457263465));
#940 = CARTESIAN_POINT('',(-4.893638375564,-19.17507968108));
#941 = CARTESIAN_POINT('',(-4.876691283881,-19.19917120729));
#942 = CARTESIAN_POINT('',(-4.859194033872,-19.22078641393));
#943 = CARTESIAN_POINT('',(-4.84120480709,-19.23970312737));
#944 = CARTESIAN_POINT('',(-4.822784558005,-19.25572751522));
#945 = CARTESIAN_POINT('',(-4.767700694798,-19.29373684659));
#946 = CARTESIAN_POINT('',(-4.73007919008,-19.30732901179));
#947 = CARTESIAN_POINT('',(-4.691930632845,-19.30808599012));
#948 = CARTESIAN_POINT('',(-4.65407031008,-19.29577573823));
#949 = CARTESIAN_POINT('',(-4.617313816237,-19.27120821875));
#950 = CARTESIAN_POINT('',(-4.556900346401,-19.21086979017));
#951 = CARTESIAN_POINT('',(-4.532338409685,-19.17982924679));
#952 = CARTESIAN_POINT('',(-4.508854649458,-19.14380308666));
#953 = CARTESIAN_POINT('',(-4.486546063704,-19.1033464829));
#954 = CARTESIAN_POINT('',(-4.46549970101,-19.0590273227));
#955 = CARTESIAN_POINT('',(-4.41475356616,-18.93648974217));
#956 = CARTESIAN_POINT('',(-4.386947055438,-18.85322256277));
#957 = CARTESIAN_POINT('',(-4.362481746027,-18.76333708791));
#958 = CARTESIAN_POINT('',(-4.341461324563,-18.66817296816));
#959 = CARTESIAN_POINT('',(-4.323987520687,-18.56881230337));
#960 = CARTESIAN_POINT('',(-4.300089618942,-18.39134653798));
#961 = CARTESIAN_POINT('',(-4.291955453228,-18.31479127961));
#962 = CARTESIAN_POINT('',(-4.285816209264,-18.23695446698));
#963 = CARTESIAN_POINT('',(-4.281709152899,-18.15826901568));
#964 = CARTESIAN_POINT('',(-4.279654446118,-18.07915040608));
#965 = CARTESIAN_POINT('',(-4.279654446118,-17.9206047046));
#966 = CARTESIAN_POINT('',(-4.281721885165,-17.84124169094));
#967 = CARTESIAN_POINT('',(-4.28585436264,-17.76231584972));
#968 = CARTESIAN_POINT('',(-4.292031474259,-17.68424640214));
#969 = CARTESIAN_POINT('',(-4.300215526688,-17.6074702769));
#970 = CARTESIAN_POINT('',(-4.320805816471,-17.45507568316));
#971 = CARTESIAN_POINT('',(-4.333335604919,-17.37957106669));
#972 = CARTESIAN_POINT('',(-4.347898482332,-17.30632312705));
#973 = CARTESIAN_POINT('',(-4.36444831839,-17.23578870103));
#974 = CARTESIAN_POINT('',(-4.382938376276,-17.16849934926));
#975 = CARTESIAN_POINT('',(-4.419129568023,-17.05589102811));
#976 = CARTESIAN_POINT('',(-4.43608766208,-17.00899281671));
#977 = CARTESIAN_POINT('',(-4.454169226854,-16.96470726972));
#978 = CARTESIAN_POINT('',(-4.47334054612,-16.92339049454));
#979 = CARTESIAN_POINT('',(-4.493563733898,-16.88542736534));
#980 = CARTESIAN_POINT('',(-4.531139585217,-16.82492031889));
#981 = CARTESIAN_POINT('',(-4.548086676884,-16.80082879272));
#982 = CARTESIAN_POINT('',(-4.565583926884,-16.77921358608));
#983 = CARTESIAN_POINT('',(-4.583573153675,-16.76029687262));
#984 = CARTESIAN_POINT('',(-4.601993402779,-16.74427248476));
#985 = CARTESIAN_POINT('',(-4.657077265971,-16.7062631534));
#986 = CARTESIAN_POINT('',(-4.694698770689,-16.6926709882));
#987 = CARTESIAN_POINT('',(-4.732847327924,-16.69191400987));
#988 = CARTESIAN_POINT('',(-4.770707650689,-16.70422426176));
#989 = CARTESIAN_POINT('',(-4.807464144533,-16.72879178124));
#990 = CARTESIAN_POINT('',(-4.867877614369,-16.78913020982));
#991 = CARTESIAN_POINT('',(-4.892439551084,-16.8201707532));
#992 = CARTESIAN_POINT('',(-4.915923311312,-16.85619691333));
#993 = CARTESIAN_POINT('',(-4.938231897066,-16.8966535171));
#994 = CARTESIAN_POINT('',(-4.959278259759,-16.94097267729));
#995 = CARTESIAN_POINT('',(-5.01002439461,-17.06351025782));
#996 = CARTESIAN_POINT('',(-5.037830905332,-17.14677743722));
#997 = CARTESIAN_POINT('',(-5.062296214742,-17.23666291208));
#998 = CARTESIAN_POINT('',(-5.083316636206,-17.33182703183));
#999 = CARTESIAN_POINT('',(-5.100790440082,-17.43118769662));
#1000 = CARTESIAN_POINT('',(-5.124688341828,-17.60865346201));
#1001 = CARTESIAN_POINT('',(-5.132822507542,-17.68520872038));
#1002 = CARTESIAN_POINT('',(-5.138961751505,-17.76304553301));
#1003 = CARTESIAN_POINT('',(-5.14306880787,-17.84173098431));
#1004 = CARTESIAN_POINT('',(-5.145123514652,-17.92084959391));
#1005 = CARTESIAN_POINT('',(-5.145123514652,-18.));
#1006 = ( GEOMETRIC_REPRESENTATION_CONTEXT(2) 
PARAMETRIC_REPRESENTATION_CONTEXT() REPRESENTATION_CONTEXT('2D SPACE',''
  ) );
#1007 = PCURVE('',#1008,#1013);
#1008 = CYLINDRICAL_SURFACE('',#1009,1.3);
#1009 = AXIS2_PLACEMENT_3D('',#1010,#1011,#1012);
#1010 = CARTESIAN_POINT('',(0.,0.,17.));
#1011 = DIRECTION('',(-0.,1.,-0.));
#1012 = DIRECTION('',(1.,0.,0.));
#1013 = DEFINITIONAL_REPRESENTATION('',(#1014),#1097);
#1014 = B_SPLINE_CURVE_WITH_KNOTS('',6,(#1015,#1016,#1017,#1018,#1019,
    #1020,#1021,#1022,#1023,#1024,#1025,#1026,#1027,#1028,#1029,#1030,
    #1031,#1032,#1033,#1034,#1035,#1036,#1037,#1038,#1039,#1040,#1041,
    #1042,#1043,#1044,#1045,#1046,#1047,#1048,#1049,#1050,#1051,#1052,
    #1053,#1054,#1055,#1056,#1057,#1058,#1059,#1060,#1061,#1062,#1063,
    #1064,#1065,#1066,#1067,#1068,#1069,#1070,#1071,#1072,#1073,#1074,
    #1075,#1076,#1077,#1078,#1079,#1080,#1081,#1082,#1083,#1084,#1085,
    #1086,#1087,#1088,#1089,#1090,#1091,#1092,#1093,#1094,#1095,#1096),
  .UNSPECIFIED.,.F.,.F.,(7,5,5,5,5,5,5,5,5,5,5,5,5,5,5,5,7),(0.,
    6.342250933298E-02,0.128827386147,0.179539394028,0.218568635078,
    0.29396733716,0.349169242729,0.436097552803,0.499460923413,
    0.563020338655,0.628566400581,0.679387877066,0.718501367943,
    0.794062828247,0.849383894542,0.936499851046,1.),.UNSPECIFIED.);
#1015 = CARTESIAN_POINT('',(0.,-2.814249455894));
#1016 = CARTESIAN_POINT('',(-6.107330415126E-02,-2.814249455894));
#1017 = CARTESIAN_POINT('',(-0.122121855239,-2.816936872145));
#1018 = CARTESIAN_POINT('',(-0.183243833288,-2.822309807212));
#1019 = CARTESIAN_POINT('',(-0.244526070025,-2.830249120147));
#1020 = CARTESIAN_POINT('',(-0.306050499661,-2.840528481599));
#1021 = CARTESIAN_POINT('',(-0.431683939386,-2.865504704914));
#1022 = CARTESIAN_POINT('',(-0.495811079527,-2.880329381641));
#1023 = CARTESIAN_POINT('',(-0.560465711805,-2.896964930776));
#1024 = CARTESIAN_POINT('',(-0.625813033265,-2.914987647233));
#1025 = CARTESIAN_POINT('',(-0.692022517646,-2.933894957073));
#1026 = CARTESIAN_POINT('',(-0.811447390145,-2.968020422378));
#1027 = CARTESIAN_POINT('',(-0.864282561636,-2.983125204377));
#1028 = CARTESIAN_POINT('',(-0.91785231682,-2.998155512194));
#1029 = CARTESIAN_POINT('',(-0.972217459145,-3.012807402975));
#1030 = CARTESIAN_POINT('',(-1.027449167786,-3.026758999456));
#1031 = CARTESIAN_POINT('',(-1.126876495548,-3.049625990164));
#1032 = CARTESIAN_POINT('',(-1.170700237871,-3.058965117999));
#1033 = CARTESIAN_POINT('',(-1.215049589015,-3.067524780244));
#1034 = CARTESIAN_POINT('',(-1.259882927488,-3.075142238533));
#1035 = CARTESIAN_POINT('',(-1.305169377226,-3.081673556377));
#1036 = CARTESIAN_POINT('',(-1.439200333329,-3.097294580586));
#1037 = CARTESIAN_POINT('',(-1.52900182689,-3.103083319506));
#1038 = CARTESIAN_POINT('',(-1.619299866274,-3.103449122346));
#1039 = CARTESIAN_POINT('',(-1.709316855017,-3.098150642781));
#1040 = CARTESIAN_POINT('',(-1.798242045134,-3.087871952022));
#1041 = CARTESIAN_POINT('',(-1.948441473237,-3.063602526493));
#1042 = CARTESIAN_POINT('',(-2.010824951839,-3.051330235186));
#1043 = CARTESIAN_POINT('',(-2.072163111437,-3.037441810066));
#1044 = CARTESIAN_POINT('',(-2.13248706531,-3.022376117272));
#1045 = CARTESIAN_POINT('',(-2.191799741551,-3.006581603749));
#1046 = CARTESIAN_POINT('',(-2.341839593625,-2.965137224138));
#1047 = CARTESIAN_POINT('',(-2.431280856691,-2.938970714184));
#1048 = CARTESIAN_POINT('',(-2.518889135409,-2.913469839806));
#1049 = CARTESIAN_POINT('',(-2.605077996747,-2.889922768408));
#1050 = CARTESIAN_POINT('',(-2.690252550871,-2.869371475478));
#1051 = CARTESIAN_POINT('',(-2.836490169271,-2.840370323306));
#1052 = CARTESIAN_POINT('',(-2.897821927425,-2.83015140473));
#1053 = CARTESIAN_POINT('',(-2.958913894358,-2.822260200228));
#1054 = CARTESIAN_POINT('',(-3.019847179384,-2.816920324471));
#1055 = CARTESIAN_POINT('',(-3.080707725832,-2.814249455894));
#1056 = CARTESIAN_POINT('',(-3.202665957741,-2.814249455894));
#1057 = CARTESIAN_POINT('',(-3.263714508829,-2.816936872145));
#1058 = CARTESIAN_POINT('',(-3.324836486878,-2.822309807212));
#1059 = CARTESIAN_POINT('',(-3.386118723615,-2.830249120147));
#1060 = CARTESIAN_POINT('',(-3.44764315325,-2.840528481599));
#1061 = CARTESIAN_POINT('',(-3.573276592976,-2.865504704914));
#1062 = CARTESIAN_POINT('',(-3.637403733117,-2.880329381641));
#1063 = CARTESIAN_POINT('',(-3.702058365395,-2.896964930776));
#1064 = CARTESIAN_POINT('',(-3.767405686855,-2.914987647233));
#1065 = CARTESIAN_POINT('',(-3.833615171236,-2.933894957073));
#1066 = CARTESIAN_POINT('',(-3.953040043734,-2.968020422378));
#1067 = CARTESIAN_POINT('',(-4.005875215226,-2.983125204377));
#1068 = CARTESIAN_POINT('',(-4.059444970409,-2.998155512194));
#1069 = CARTESIAN_POINT('',(-4.113810112735,-3.012807402975));
#1070 = CARTESIAN_POINT('',(-4.169041821376,-3.026758999456));
#1071 = CARTESIAN_POINT('',(-4.268469149167,-3.049625990171));
#1072 = CARTESIAN_POINT('',(-4.31229289145,-3.058965117995));
#1073 = CARTESIAN_POINT('',(-4.35664224257,-3.067524780238));
#1074 = CARTESIAN_POINT('',(-4.401475581069,-3.075142238534));
#1075 = CARTESIAN_POINT('',(-4.446762030852,-3.081673556381));
#1076 = CARTESIAN_POINT('',(-4.580792986919,-3.097294580586));
#1077 = CARTESIAN_POINT('',(-4.670594480479,-3.103083319506));
#1078 = CARTESIAN_POINT('',(-4.760892519864,-3.103449122346));
#1079 = CARTESIAN_POINT('',(-4.850909508607,-3.098150642781));
#1080 = CARTESIAN_POINT('',(-4.939834698724,-3.087871952022));
#1081 = CARTESIAN_POINT('',(-5.090034126827,-3.063602526493));
#1082 = CARTESIAN_POINT('',(-5.152417605429,-3.051330235186));
#1083 = CARTESIAN_POINT('',(-5.213755765027,-3.037441810066));
#1084 = CARTESIAN_POINT('',(-5.274079718899,-3.022376117272));
#1085 = CARTESIAN_POINT('',(-5.333392395141,-3.006581603749));
#1086 = CARTESIAN_POINT('',(-5.483432247215,-2.965137224138));
#1087 = CARTESIAN_POINT('',(-5.572873510281,-2.938970714184));
#1088 = CARTESIAN_POINT('',(-5.660481788999,-2.913469839806));
#1089 = CARTESIAN_POINT('',(-5.746670650337,-2.889922768408));
#1090 = CARTESIAN_POINT('',(-5.831845204461,-2.869371475478));
#1091 = CARTESIAN_POINT('',(-5.97808282286,-2.840370323306));
#1092 = CARTESIAN_POINT('',(-6.039414581015,-2.83015140473));
#1093 = CARTESIAN_POINT('',(-6.100506547948,-2.822260200228));
#1094 = CARTESIAN_POINT('',(-6.161439832973,-2.816920324471));
#1095 = CARTESIAN_POINT('',(-6.222300379422,-2.814249455894));
#1096 = CARTESIAN_POINT('',(-6.28318530718,-2.814249455894));
#1097 = ( GEOMETRIC_REPRESENTATION_CONTEXT(2) 
PARAMETRIC_REPRESENTATION_CONTEXT() REPRESENTATION_CONTEXT('2D SPACE',''
  ) );
#1098 = ADVANCED_FACE('',(#1099,#1102),#261,.T.);
#1099 = FACE_BOUND('',#1100,.T.);
#1100 = EDGE_LOOP('',(#1101));
#1101 = ORIENTED_EDGE('',*,*,#246,.T.);
#1102 = FACE_BOUND('',#1103,.T.);
#1103 = EDGE_LOOP('',(#1104));
#1104 = ORIENTED_EDGE('',*,*,#1105,.T.);
#1105 = EDGE_CURVE('',#1106,#1106,#1108,.T.);
#1106 = VERTEX_POINT('',#1107);
#1107 = CARTESIAN_POINT('',(23.,0.,3.));
#1108 = SURFACE_CURVE('',#1109,(#1114,#1125),.PCURVE_S1.);
#1109 = CIRCLE('',#1110,23.);
#1110 = AXIS2_PLACEMENT_3D('',#1111,#1112,#1113);
#1111 = CARTESIAN_POINT('',(0.,0.,3.));
#1112 = DIRECTION('',(0.,0.,-1.));
#1113 = DIRECTION('',(1.,0.,0.));
#1114 = PCURVE('',#261,#1115);
#1115 = DEFINITIONAL_REPRESENTATION('',(#1116),#1124);
#1116 = ( BOUNDED_CURVE() B_SPLINE_CURVE(2,(#1117,#1118,#1119,#1120,
#1121,#1122,#1123),.UNSPECIFIED.,.T.,.F.) B_SPLINE_CURVE_WITH_KNOTS((1,2
    ,2,2,2,1),(-2.094395102393,0.,2.094395102393,4.188790204786,
6.28318530718,8.377580409573),.UNSPECIFIED.) CURVE() 
GEOMETRIC_REPRESENTATION_ITEM() RATIONAL_B_SPLINE_CURVE((1.,0.5,1.,0.5,
1.,0.5,1.)) REPRESENTATION_ITEM('') );
#1117 = CARTESIAN_POINT('',(23.,-3.22020598281E-15));
#1118 = CARTESIAN_POINT('',(23.,-39.83716857408));
#1119 = CARTESIAN_POINT('',(-11.5,-19.91858428704));
#1120 = CARTESIAN_POINT('',(-46.,-8.853581258887E-15));
#1121 = CARTESIAN_POINT('',(-11.5,19.918584287042));
#1122 = CARTESIAN_POINT('',(23.,39.837168574084));
#1123 = CARTESIAN_POINT('',(23.,-3.22020598281E-15));
#1124 = ( GEOMETRIC_REPRESENTATION_CONTEXT(2) 
PARAMETRIC_REPRESENTATION_CONTEXT() REPRESENTATION_CONTEXT('2D SPACE',''
  ) );
#1125 = PCURVE('',#1126,#1131);
#1126 = CYLINDRICAL_SURFACE('',#1127,23.);
#1127 = AXIS2_PLACEMENT_3D('',#1128,#1129,#1130);
#1128 = CARTESIAN_POINT('',(0.,0.,0.));
#1129 = DIRECTION('',(-0.,-0.,-1.));
#1130 = DIRECTION('',(1.,0.,0.));
#1131 = DEFINITIONAL_REPRESENTATION('',(#1132),#1136);
#1132 = LINE('',#1133,#1134);
#1133 = CARTESIAN_POINT('',(-6.28318530718,-3.));
#1134 = VECTOR('',#1135,1.);
#1135 = DIRECTION('',(1.,-0.));
#1136 = ( GEOMETRIC_REPRESENTATION_CONTEXT(2) 
PARAMETRIC_REPRESENTATION_CONTEXT() REPRESENTATION_CONTEXT('2D SPACE',''
  ) );
#1137 = ADVANCED_FACE('',(#1138,#1169),#336,.T.);
#1138 = FACE_BOUND('',#1139,.T.);
#1139 = EDGE_LOOP('',(#1140));
#1140 = ORIENTED_EDGE('',*,*,#1141,.T.);
#1141 = EDGE_CURVE('',#1142,#1142,#1144,.T.);
#1142 = VERTEX_POINT('',#1143);
#1143 = CARTESIAN_POINT('',(37.,0.,34.));
#1144 = SURFACE_CURVE('',#1145,(#1150,#1157),.PCURVE_S1.);
#1145 = CIRCLE('',#1146,37.);
#1146 = AXIS2_PLACEMENT_3D('',#1147,#1148,#1149);
#1147 = CARTESIAN_POINT('',(0.,0.,34.));
#1148 = DIRECTION('',(0.,0.,1.));
#1149 = DIRECTION('',(1.,0.,0.));
#1150 = PCURVE('',#336,#1151);
#1151 = DEFINITIONAL_REPRESENTATION('',(#1152),#1156);
#1152 = CIRCLE('',#1153,37.);
#1153 = AXIS2_PLACEMENT_2D('',#1154,#1155);
#1154 = CARTESIAN_POINT('',(2.365301850879E-15,-3.22020598281E-15));
#1155 = DIRECTION('',(1.,0.));
#1156 = ( GEOMETRIC_REPRESENTATION_CONTEXT(2) 
PARAMETRIC_REPRESENTATION_CONTEXT() REPRESENTATION_CONTEXT('2D SPACE',''
  ) );
#1157 = PCURVE('',#1158,#1163);
#1158 = CYLINDRICAL_SURFACE('',#1159,37.);
#1159 = AXIS2_PLACEMENT_3D('',#1160,#1161,#1162);
#1160 = CARTESIAN_POINT('',(0.,0.,31.));
#1161 = DIRECTION('',(-0.,-0.,-1.));
#1162 = DIRECTION('',(1.,0.,0.));
#1163 = DEFINITIONAL_REPRESENTATION('',(#1164),#1168);
#1164 = LINE('',#1165,#1166);
#1165 = CARTESIAN_POINT('',(-0.,-3.));
#1166 = VECTOR('',#1167,1.);
#1167 = DIRECTION('',(-1.,0.));
#1168 = ( GEOMETRIC_REPRESENTATION_CONTEXT(2) 
PARAMETRIC_REPRESENTATION_CONTEXT() REPRESENTATION_CONTEXT('2D SPACE',''
  ) );
#1169 = FACE_BOUND('',#1170,.T.);
#1170 = EDGE_LOOP('',(#1171,#1172,#1173,#1174,#1175,#1176));
#1171 = ORIENTED_EDGE('',*,*,#323,.T.);
#1172 = ORIENTED_EDGE('',*,*,#539,.T.);
#1173 = ORIENTED_EDGE('',*,*,#493,.T.);
#1174 = ORIENTED_EDGE('',*,*,#469,.F.);
#1175 = ORIENTED_EDGE('',*,*,#422,.F.);
#1176 = ORIENTED_EDGE('',*,*,#375,.T.);
#1177 = ADVANCED_FACE('',(#1178),#741,.F.);
#1178 = FACE_BOUND('',#1179,.F.);
#1179 = EDGE_LOOP('',(#1180,#1181,#1204,#1348));
#1180 = ORIENTED_EDGE('',*,*,#567,.F.);
#1181 = ORIENTED_EDGE('',*,*,#1182,.T.);
#1182 = EDGE_CURVE('',#568,#1183,#1185,.T.);
#1183 = VERTEX_POINT('',#1184);
#1184 = CARTESIAN_POINT('',(1.3,22.963231479912,17.));
#1185 = SEAM_CURVE('',#1186,(#1190,#1197),.PCURVE_S1.);
#1186 = LINE('',#1187,#1188);
#1187 = CARTESIAN_POINT('',(1.3,0.,17.));
#1188 = VECTOR('',#1189,1.);
#1189 = DIRECTION('',(-0.,1.,-0.));
#1190 = PCURVE('',#741,#1191);
#1191 = DEFINITIONAL_REPRESENTATION('',(#1192),#1196);
#1192 = LINE('',#1193,#1194);
#1193 = CARTESIAN_POINT('',(6.28318530718,0.));
#1194 = VECTOR('',#1195,1.);
#1195 = DIRECTION('',(0.,-1.));
#1196 = ( GEOMETRIC_REPRESENTATION_CONTEXT(2) 
PARAMETRIC_REPRESENTATION_CONTEXT() REPRESENTATION_CONTEXT('2D SPACE',''
  ) );
#1197 = PCURVE('',#741,#1198);
#1198 = DEFINITIONAL_REPRESENTATION('',(#1199),#1203);
#1199 = LINE('',#1200,#1201);
#1200 = CARTESIAN_POINT('',(0.,0.));
#1201 = VECTOR('',#1202,1.);
#1202 = DIRECTION('',(0.,-1.));
#1203 = ( GEOMETRIC_REPRESENTATION_CONTEXT(2) 
PARAMETRIC_REPRESENTATION_CONTEXT() REPRESENTATION_CONTEXT('2D SPACE',''
  ) );
#1204 = ORIENTED_EDGE('',*,*,#1205,.T.);
#1205 = EDGE_CURVE('',#1183,#1183,#1206,.T.);
#1206 = SURFACE_CURVE('',#1207,(#1252,#1300),.PCURVE_S1.);
#1207 = B_SPLINE_CURVE_WITH_KNOTS('',7,(#1208,#1209,#1210,#1211,#1212,
    #1213,#1214,#1215,#1216,#1217,#1218,#1219,#1220,#1221,#1222,#1223,
    #1224,#1225,#1226,#1227,#1228,#1229,#1230,#1231,#1232,#1233,#1234,
    #1235,#1236,#1237,#1238,#1239,#1240,#1241,#1242,#1243,#1244,#1245,
    #1246,#1247,#1248,#1249,#1250,#1251),.UNSPECIFIED.,.T.,.F.,(8,6,6,6,
    6,6,6,8),(0.,0.151461156529,0.286881143461,0.424036333556,
    0.587131808632,0.713646662028,0.839235432358,1.),.UNSPECIFIED.);
#1208 = CARTESIAN_POINT('',(1.3,22.963231479912,17.));
#1209 = CARTESIAN_POINT('',(1.3,22.963231479912,17.156089928648));
#1210 = CARTESIAN_POINT('',(1.278135368806,22.964469232553,
    17.312239466002));
#1211 = CARTESIAN_POINT('',(1.234372078484,22.966947045622,
    17.466266530579));
#1212 = CARTESIAN_POINT('',(1.168210935783,22.970560288702,
    17.615752844327));
#1213 = CARTESIAN_POINT('',(1.078938551711,22.975088038645,
    17.757698276129));
#1214 = CARTESIAN_POINT('',(0.965823282185,22.980122411059,
    17.888188589222));
#1215 = CARTESIAN_POINT('',(0.706006913995,22.989489237584,
    18.10312738173));
#1216 = CARTESIAN_POINT('',(0.560804242839,22.993959216429,
    18.193742071684));
#1217 = CARTESIAN_POINT('',(0.395999162388,22.997868070914,
    18.264064372943));
#1218 = CARTESIAN_POINT('',(0.217480121251,23.000460673744,
    18.307592110366));
#1219 = CARTESIAN_POINT('',(3.282597515669E-02,23.001207117783,
    18.320883537498));
#1220 = CARTESIAN_POINT('',(-0.149849294971,23.000165981782,
    18.303691873262));
#1221 = CARTESIAN_POINT('',(-0.498966880872,22.995258165738,
    18.214053712566));
#1222 = CARTESIAN_POINT('',(-0.660011843433,22.991428378374,
    18.142226693519));
#1223 = CARTESIAN_POINT('',(-0.803294108574,22.986751244274,
    18.049028512471));
#1224 = CARTESIAN_POINT('',(-0.927056814374,22.981828355565,
    17.939238226844));
#1225 = CARTESIAN_POINT('',(-1.030411244282,22.977168860133,
    17.817313736518));
#1226 = CARTESIAN_POINT('',(-1.113254349191,22.973128798508,
    17.687439136601));
#1227 = CARTESIAN_POINT('',(-1.25121517164,22.966063905811,
    17.39425746524));
#1228 = CARTESIAN_POINT('',(-1.300303054095,22.96326416616,
    17.224646220902));
#1229 = CARTESIAN_POINT('',(-1.322507462175,22.96191000824,
    17.049054549017));
#1230 = CARTESIAN_POINT('',(-1.317289197416,22.962224806092,
    16.871788392782));
#1231 = CARTESIAN_POINT('',(-1.284605185799,22.964185271613,
    16.697185377198));
#1232 = CARTESIAN_POINT('',(-1.22491415326,22.967519468318,
    16.529636083336));
#1233 = CARTESIAN_POINT('',(-1.072708304633,22.975067545846,
    16.252774672487));
#1234 = CARTESIAN_POINT('',(-0.989093865308,22.978988996187,
    16.13616554371));
#1235 = CARTESIAN_POINT('',(-0.887934813151,22.983346966952,
    16.027247000486));
#1236 = CARTESIAN_POINT('',(-0.769490386768,22.987830827128,
    15.929524654267));
#1237 = CARTESIAN_POINT('',(-0.634670178415,22.992022493866,
    15.846637205559));
#1238 = CARTESIAN_POINT('',(-0.485075370857,22.995453449443,
    15.782379553883));
#1239 = CARTESIAN_POINT('',(-0.162702547282,22.999985293669,
    15.69960828102));
#1240 = CARTESIAN_POINT('',(6.317700551863E-03,23.001052461115,
    15.681682322632));
#1241 = CARTESIAN_POINT('',(0.177796761807,23.000600775006,
    15.689906272799));
#1242 = CARTESIAN_POINT('',(0.345021796519,22.998553398546,
    15.724399278433));
#1243 = CARTESIAN_POINT('',(0.501594554942,22.995276023697,
    15.782685230471));
#1244 = CARTESIAN_POINT('',(0.642317384237,22.991352305816,
    15.859782525375));
#1245 = CARTESIAN_POINT('',(0.920039847804,22.982120534922,
    16.061559706139));
#1246 = CARTESIAN_POINT('',(1.048818482093,22.976604481782,
    16.196324152397));
#1247 = CARTESIAN_POINT('',(1.150383868414,22.971531513665,
    16.345351328888));
#1248 = CARTESIAN_POINT('',(1.225556805321,22.967446296672,
    16.503656310361));
#1249 = CARTESIAN_POINT('',(1.275209743376,22.964634811163,
    16.667464689358));
#1250 = CARTESIAN_POINT('',(1.3,22.963231479912,16.833794176578));
#1251 = CARTESIAN_POINT('',(1.3,22.963231479912,17.));
#1252 = PCURVE('',#741,#1253);
#1253 = DEFINITIONAL_REPRESENTATION('',(#1254),#1299);
#1254 = B_SPLINE_CURVE_WITH_KNOTS('',7,(#1255,#1256,#1257,#1258,#1259,
    #1260,#1261,#1262,#1263,#1264,#1265,#1266,#1267,#1268,#1269,#1270,
    #1271,#1272,#1273,#1274,#1275,#1276,#1277,#1278,#1279,#1280,#1281,
    #1282,#1283,#1284,#1285,#1286,#1287,#1288,#1289,#1290,#1291,#1292,
    #1293,#1294,#1295,#1296,#1297,#1298),.UNSPECIFIED.,.F.,.F.,(8,6,6,6,
    6,6,6,8),(0.,0.151461156529,0.286881143461,0.424036333556,
    0.587131808632,0.713646662028,0.839235432358,1.),.UNSPECIFIED.);
#1255 = CARTESIAN_POINT('',(0.,-22.96323147991));
#1256 = CARTESIAN_POINT('',(0.120069175883,-22.96323147991));
#1257 = CARTESIAN_POINT('',(0.240183687077,-22.96446923255));
#1258 = CARTESIAN_POINT('',(0.361495700815,-22.96694704562));
#1259 = CARTESIAN_POINT('',(0.484972161944,-22.9705602887));
#1260 = CARTESIAN_POINT('',(0.611675155492,-22.97508803864));
#1261 = CARTESIAN_POINT('',(0.742702162302,-22.98012241105));
#1262 = CARTESIAN_POINT('',(1.002086081573,-22.98948923758));
#1263 = CARTESIAN_POINT('',(1.132579582211,-22.99395921642));
#1264 = CARTESIAN_POINT('',(1.267734102055,-22.99786807091));
#1265 = CARTESIAN_POINT('',(1.405672706296,-23.00046067374));
#1266 = CARTESIAN_POINT('',(1.544982177222,-23.00120711778));
#1267 = CARTESIAN_POINT('',(1.68437490751,-23.00016598178));
#1268 = CARTESIAN_POINT('',(1.961637614454,-22.99525816573));
#1269 = CARTESIAN_POINT('',(2.095367491276,-22.99142837837));
#1270 = CARTESIAN_POINT('',(2.224382626528,-22.98675124427));
#1271 = CARTESIAN_POINT('',(2.349259559167,-22.98182835556));
#1272 = CARTESIAN_POINT('',(2.470385730339,-22.97716886013));
#1273 = CARTESIAN_POINT('',(2.587913620864,-22.9731287985));
#1274 = CARTESIAN_POINT('',(2.837159443003,-22.96606390581));
#1275 = CARTESIAN_POINT('',(2.971289746125,-22.96326416616));
#1276 = CARTESIAN_POINT('',(3.104831248137,-22.96191000824));
#1277 = CARTESIAN_POINT('',(3.238324804634,-22.96222480609));
#1278 = CARTESIAN_POINT('',(3.372320678251,-22.96418527161));
#1279 = CARTESIAN_POINT('',(3.507382976958,-22.96751946831));
#1280 = CARTESIAN_POINT('',(3.75041469278,-22.97506754584));
#1281 = CARTESIAN_POINT('',(3.860004361866,-22.97898899618));
#1282 = CARTESIAN_POINT('',(3.9728677991,-22.98334696695));
#1283 = CARTESIAN_POINT('',(4.089061179252,-22.98783082712));
#1284 = CARTESIAN_POINT('',(4.208829590197,-22.99202249386));
#1285 = CARTESIAN_POINT('',(4.332580072147,-22.99545344944));
#1286 = CARTESIAN_POINT('',(4.588602585246,-22.99998529366));
#1287 = CARTESIAN_POINT('',(4.717962250574,-23.00105246111));
#1288 = CARTESIAN_POINT('',(4.847542730188,-23.000600775));
#1289 = CARTESIAN_POINT('',(4.976133644863,-22.99855339854));
#1290 = CARTESIAN_POINT('',(5.102460028391,-22.99527602369));
#1291 = CARTESIAN_POINT('',(5.224894175441,-22.99135230581));
#1292 = CARTESIAN_POINT('',(5.488958670708,-22.98212053492));
#1293 = CARTESIAN_POINT('',(5.630033906521,-22.97660448178));
#1294 = CARTESIAN_POINT('',(5.765937784997,-22.97153151366));
#1295 = CARTESIAN_POINT('',(5.897965886113,-22.96744629667));
#1296 = CARTESIAN_POINT('',(6.027389812736,-22.96463481116));
#1297 = CARTESIAN_POINT('',(6.155334673778,-22.96323147991));
#1298 = CARTESIAN_POINT('',(6.28318530718,-22.96323147991));
#1299 = ( GEOMETRIC_REPRESENTATION_CONTEXT(2) 
PARAMETRIC_REPRESENTATION_CONTEXT() REPRESENTATION_CONTEXT('2D SPACE',''
  ) );
#1300 = PCURVE('',#1126,#1301);
#1301 = DEFINITIONAL_REPRESENTATION('',(#1302),#1347);
#1302 = B_SPLINE_CURVE_WITH_KNOTS('',7,(#1303,#1304,#1305,#1306,#1307,
    #1308,#1309,#1310,#1311,#1312,#1313,#1314,#1315,#1316,#1317,#1318,
    #1319,#1320,#1321,#1322,#1323,#1324,#1325,#1326,#1327,#1328,#1329,
    #1330,#1331,#1332,#1333,#1334,#1335,#1336,#1337,#1338,#1339,#1340,
    #1341,#1342,#1343,#1344,#1345,#1346),.UNSPECIFIED.,.T.,.F.,(8,6,6,6,
    6,6,6,8),(0.,0.151461156529,0.286881143461,0.424036333556,
    0.587131808632,0.713646662028,0.839235432358,1.),.UNSPECIFIED.);
#1303 = CARTESIAN_POINT('',(-1.514244449251,-17.));
#1304 = CARTESIAN_POINT('',(-1.514244449251,-17.15608992864));
#1305 = CARTESIAN_POINT('',(-1.515196607555,-17.312239466));
#1306 = CARTESIAN_POINT('',(-1.517102405972,-17.46626653057));
#1307 = CARTESIAN_POINT('',(-1.51998325962,-17.61575284432));
#1308 = CARTESIAN_POINT('',(-1.523869588606,-17.75769827612));
#1309 = CARTESIAN_POINT('',(-1.528792336733,-17.88818858922));
#1310 = CARTESIAN_POINT('',(-1.540096039274,-18.10312738173));
#1311 = CARTESIAN_POINT('',(-1.546412099151,-18.19374207168));
#1312 = CARTESIAN_POINT('',(-1.553579273472,-18.26406437294));
#1313 = CARTESIAN_POINT('',(-1.561341097214,-18.30759211036));
#1314 = CARTESIAN_POINT('',(-1.569368973554,-18.32088353749));
#1315 = CARTESIAN_POINT('',(-1.577311231342,-18.30369187326));
#1316 = CARTESIAN_POINT('',(-1.592491756589,-18.21405371256));
#1317 = CARTESIAN_POINT('',(-1.599495359832,-18.14222669351));
#1318 = CARTESIAN_POINT('',(-1.605727996925,-18.04902851247));
#1319 = CARTESIAN_POINT('',(-1.611113093317,-17.93923822684));
#1320 = CARTESIAN_POINT('',(-1.615611275366,-17.81731373651));
#1321 = CARTESIAN_POINT('',(-1.619217419903,-17.6874391366));
#1322 = CARTESIAN_POINT('',(-1.625223576361,-17.39425746524));
#1323 = CARTESIAN_POINT('',(-1.627361264191,-17.2246462209));
#1324 = CARTESIAN_POINT('',(-1.628328480017,-17.04905454901));
#1325 = CARTESIAN_POINT('',(-1.628101183406,-16.87178839278));
#1326 = CARTESIAN_POINT('',(-1.626677574508,-16.69718537719));
#1327 = CARTESIAN_POINT('',(-1.624078317865,-16.52963608333));
#1328 = CARTESIAN_POINT('',(-1.617452539909,-16.25277467248));
#1329 = CARTESIAN_POINT('',(-1.613813146483,-16.13616554371));
#1330 = CARTESIAN_POINT('',(-1.609410901937,-16.02724700048));
#1331 = CARTESIAN_POINT('',(-1.604257594746,-15.92952465426));
#1332 = CARTESIAN_POINT('',(-1.598393294328,-15.84663720555));
#1333 = CARTESIAN_POINT('',(-1.591887718217,-15.78237955388));
#1334 = CARTESIAN_POINT('',(-1.577870123616,-15.69960828102));
#1335 = CARTESIAN_POINT('',(-1.570521489284,-15.68168232263));
#1336 = CARTESIAN_POINT('',(-1.563066343189,-15.68990627279));
#1337 = CARTESIAN_POINT('',(-1.555795706741,-15.72439927843));
#1338 = CARTESIAN_POINT('',(-1.548986966793,-15.78268523047));
#1339 = CARTESIAN_POINT('',(-1.542866294441,-15.85978252537));
#1340 = CARTESIAN_POINT('',(-1.530784735405,-16.06155970613));
#1341 = CARTESIAN_POINT('',(-1.525180787919,-16.19632415239));
#1342 = CARTESIAN_POINT('',(-1.520759498903,-16.34535132888));
#1343 = CARTESIAN_POINT('',(-1.517486292007,-16.50365631036));
#1344 = CARTESIAN_POINT('',(-1.515324012445,-16.66746468935));
#1345 = CARTESIAN_POINT('',(-1.514244449251,-16.83379417657));
#1346 = CARTESIAN_POINT('',(-1.514244449251,-17.));
#1347 = ( GEOMETRIC_REPRESENTATION_CONTEXT(2) 
PARAMETRIC_REPRESENTATION_CONTEXT() REPRESENTATION_CONTEXT('2D SPACE',''
  ) );
#1348 = ORIENTED_EDGE('',*,*,#1182,.F.);
#1349 = ADVANCED_FACE('',(#1350),#1008,.F.);
#1350 = FACE_BOUND('',#1351,.T.);
#1351 = EDGE_LOOP('',(#1352,#1353,#1376,#1520));
#1352 = ORIENTED_EDGE('',*,*,#834,.F.);
#1353 = ORIENTED_EDGE('',*,*,#1354,.T.);
#1354 = EDGE_CURVE('',#835,#1355,#1357,.T.);
#1355 = VERTEX_POINT('',#1356);
#1356 = CARTESIAN_POINT('',(1.3,-22.96323147991,17.));
#1357 = SEAM_CURVE('',#1358,(#1362,#1369),.PCURVE_S1.);
#1358 = LINE('',#1359,#1360);
#1359 = CARTESIAN_POINT('',(1.3,0.,17.));
#1360 = VECTOR('',#1361,1.);
#1361 = DIRECTION('',(0.,-1.,0.));
#1362 = PCURVE('',#1008,#1363);
#1363 = DEFINITIONAL_REPRESENTATION('',(#1364),#1368);
#1364 = LINE('',#1365,#1366);
#1365 = CARTESIAN_POINT('',(-6.28318530718,0.));
#1366 = VECTOR('',#1367,1.);
#1367 = DIRECTION('',(-0.,-1.));
#1368 = ( GEOMETRIC_REPRESENTATION_CONTEXT(2) 
PARAMETRIC_REPRESENTATION_CONTEXT() REPRESENTATION_CONTEXT('2D SPACE',''
  ) );
#1369 = PCURVE('',#1008,#1370);
#1370 = DEFINITIONAL_REPRESENTATION('',(#1371),#1375);
#1371 = LINE('',#1372,#1373);
#1372 = CARTESIAN_POINT('',(-0.,0.));
#1373 = VECTOR('',#1374,1.);
#1374 = DIRECTION('',(-0.,-1.));
#1375 = ( GEOMETRIC_REPRESENTATION_CONTEXT(2) 
PARAMETRIC_REPRESENTATION_CONTEXT() REPRESENTATION_CONTEXT('2D SPACE',''
  ) );
#1376 = ORIENTED_EDGE('',*,*,#1377,.T.);
#1377 = EDGE_CURVE('',#1355,#1355,#1378,.T.);
#1378 = SURFACE_CURVE('',#1379,(#1424,#1472),.PCURVE_S1.);
#1379 = B_SPLINE_CURVE_WITH_KNOTS('',7,(#1380,#1381,#1382,#1383,#1384,
    #1385,#1386,#1387,#1388,#1389,#1390,#1391,#1392,#1393,#1394,#1395,
    #1396,#1397,#1398,#1399,#1400,#1401,#1402,#1403,#1404,#1405,#1406,
    #1407,#1408,#1409,#1410,#1411,#1412,#1413,#1414,#1415,#1416,#1417,
    #1418,#1419,#1420,#1421,#1422,#1423),.UNSPECIFIED.,.T.,.F.,(8,6,6,6,
    6,6,6,8),(0.,0.151461159542,0.286881149167,0.424036341991,
    0.58713182031,0.713646672646,0.839235438319,1.),.UNSPECIFIED.);
#1380 = CARTESIAN_POINT('',(1.3,-22.96323147991,17.));
#1381 = CARTESIAN_POINT('',(1.3,-22.96323147991,17.156089928648));
#1382 = CARTESIAN_POINT('',(1.278135368807,-22.96446923255,
    17.312239466002));
#1383 = CARTESIAN_POINT('',(1.234372078483,-22.96694704562,
    17.46626653058));
#1384 = CARTESIAN_POINT('',(1.168210935784,-22.9705602887,
    17.615752844327));
#1385 = CARTESIAN_POINT('',(1.078938551711,-22.97508803864,
    17.757698276129));
#1386 = CARTESIAN_POINT('',(0.965823282185,-22.98012241105,
    17.888188589222));
#1387 = CARTESIAN_POINT('',(0.706006913995,-22.98948923758,
    18.10312738173));
#1388 = CARTESIAN_POINT('',(0.560804242839,-22.99395921642,
    18.193742071684));
#1389 = CARTESIAN_POINT('',(0.395999162388,-22.99786807091,
    18.264064372943));
#1390 = CARTESIAN_POINT('',(0.217480121251,-23.00046067374,
    18.307592110366));
#1391 = CARTESIAN_POINT('',(3.282597515644E-02,-23.00120711778,
    18.320883537498));
#1392 = CARTESIAN_POINT('',(-0.149849294971,-23.00016598178,
    18.303691873262));
#1393 = CARTESIAN_POINT('',(-0.498966880872,-22.99525816573,
    18.214053712566));
#1394 = CARTESIAN_POINT('',(-0.660011843432,-22.99142837837,
    18.142226693519));
#1395 = CARTESIAN_POINT('',(-0.803294108574,-22.98675124427,
    18.049028512471));
#1396 = CARTESIAN_POINT('',(-0.927056814373,-22.98182835556,
    17.939238226844));
#1397 = CARTESIAN_POINT('',(-1.030411244282,-22.97716886013,
    17.817313736518));
#1398 = CARTESIAN_POINT('',(-1.113254349191,-22.9731287985,
    17.687439136601));
#1399 = CARTESIAN_POINT('',(-1.25121517164,-22.96606390581,
    17.394257465239));
#1400 = CARTESIAN_POINT('',(-1.300303054095,-22.96326416616,
    17.224646220903));
#1401 = CARTESIAN_POINT('',(-1.322507462175,-22.96191000824,
    17.049054549016));
#1402 = CARTESIAN_POINT('',(-1.317289197416,-22.96222480609,
    16.871788392782));
#1403 = CARTESIAN_POINT('',(-1.284605185799,-22.96418527161,
    16.697185377198));
#1404 = CARTESIAN_POINT('',(-1.224914153261,-22.96751946831,
    16.529636083336));
#1405 = CARTESIAN_POINT('',(-1.072708306513,-22.97506754575,
    16.252774675906));
#1406 = CARTESIAN_POINT('',(-0.98909386171,-22.97898899643,
    16.136165534803));
#1407 = CARTESIAN_POINT('',(-0.887934811988,-22.98334696674,
    16.027247009357));
#1408 = CARTESIAN_POINT('',(-0.769490396794,-22.98783082709,
    15.929524651888));
#1409 = CARTESIAN_POINT('',(-0.634670167099,-22.992022494,
    15.846637203668));
#1410 = CARTESIAN_POINT('',(-0.485075375499,-22.99545344937,
    15.782379555075));
#1411 = CARTESIAN_POINT('',(-0.162702547281,-22.99998529366,
    15.69960828102));
#1412 = CARTESIAN_POINT('',(6.317700551469E-03,-23.00105246111,
    15.681682322632));
#1413 = CARTESIAN_POINT('',(0.177796761807,-23.000600775,15.6899062728)
  );
#1414 = CARTESIAN_POINT('',(0.345021796518,-22.99855339854,
    15.724399278433));
#1415 = CARTESIAN_POINT('',(0.501594554943,-22.99527602369,
    15.782685230471));
#1416 = CARTESIAN_POINT('',(0.642317384237,-22.99135230581,
    15.859782525375));
#1417 = CARTESIAN_POINT('',(0.920039847804,-22.98212053492,
    16.061559706139));
#1418 = CARTESIAN_POINT('',(1.048818482093,-22.97660448178,
    16.196324152397));
#1419 = CARTESIAN_POINT('',(1.150383868414,-22.97153151366,
    16.345351328888));
#1420 = CARTESIAN_POINT('',(1.225556805321,-22.96744629667,
    16.503656310361));
#1421 = CARTESIAN_POINT('',(1.275209743376,-22.96463481116,
    16.667464689358));
#1422 = CARTESIAN_POINT('',(1.3,-22.96323147991,16.833794176578));
#1423 = CARTESIAN_POINT('',(1.3,-22.96323147991,17.));
#1424 = PCURVE('',#1008,#1425);
#1425 = DEFINITIONAL_REPRESENTATION('',(#1426),#1471);
#1426 = B_SPLINE_CURVE_WITH_KNOTS('',7,(#1427,#1428,#1429,#1430,#1431,
    #1432,#1433,#1434,#1435,#1436,#1437,#1438,#1439,#1440,#1441,#1442,
    #1443,#1444,#1445,#1446,#1447,#1448,#1449,#1450,#1451,#1452,#1453,
    #1454,#1455,#1456,#1457,#1458,#1459,#1460,#1461,#1462,#1463,#1464,
    #1465,#1466,#1467,#1468,#1469,#1470),.UNSPECIFIED.,.F.,.F.,(8,6,6,6,
    6,6,6,8),(0.,0.151461159542,0.286881149167,0.424036341991,
    0.58713182031,0.713646672646,0.839235438319,1.),.UNSPECIFIED.);
#1427 = CARTESIAN_POINT('',(0.,-22.96323147991));
#1428 = CARTESIAN_POINT('',(-0.120069175883,-22.96323147991));
#1429 = CARTESIAN_POINT('',(-0.240183687076,-22.96446923255));
#1430 = CARTESIAN_POINT('',(-0.361495700815,-22.96694704562));
#1431 = CARTESIAN_POINT('',(-0.484972161944,-22.9705602887));
#1432 = CARTESIAN_POINT('',(-0.611675155492,-22.97508803864));
#1433 = CARTESIAN_POINT('',(-0.742702162302,-22.98012241105));
#1434 = CARTESIAN_POINT('',(-1.002086081573,-22.98948923758));
#1435 = CARTESIAN_POINT('',(-1.132579582211,-22.99395921642));
#1436 = CARTESIAN_POINT('',(-1.267734102055,-22.99786807091));
#1437 = CARTESIAN_POINT('',(-1.405672706296,-23.00046067374));
#1438 = CARTESIAN_POINT('',(-1.544982177222,-23.00120711778));
#1439 = CARTESIAN_POINT('',(-1.68437490751,-23.00016598178));
#1440 = CARTESIAN_POINT('',(-1.961637614454,-22.99525816573));
#1441 = CARTESIAN_POINT('',(-2.095367491275,-22.99142837837));
#1442 = CARTESIAN_POINT('',(-2.224382626529,-22.98675124427));
#1443 = CARTESIAN_POINT('',(-2.349259559166,-22.98182835556));
#1444 = CARTESIAN_POINT('',(-2.470385730339,-22.97716886013));
#1445 = CARTESIAN_POINT('',(-2.587913620864,-22.9731287985));
#1446 = CARTESIAN_POINT('',(-2.837159443004,-22.96606390581));
#1447 = CARTESIAN_POINT('',(-2.971289746125,-22.96326416616));
#1448 = CARTESIAN_POINT('',(-3.104831248137,-22.96191000824));
#1449 = CARTESIAN_POINT('',(-3.238324804634,-22.96222480609));
#1450 = CARTESIAN_POINT('',(-3.372320678251,-22.96418527161));
#1451 = CARTESIAN_POINT('',(-3.507382976958,-22.96751946831));
#1452 = CARTESIAN_POINT('',(-3.750414689779,-22.97506754575));
#1453 = CARTESIAN_POINT('',(-3.860004368704,-22.97898899643));
#1454 = CARTESIAN_POINT('',(-3.972867795477,-22.98334696674));
#1455 = CARTESIAN_POINT('',(-4.089061173834,-22.98783082709));
#1456 = CARTESIAN_POINT('',(-4.208829598596,-22.992022494));
#1457 = CARTESIAN_POINT('',(-4.33258006846,-22.99545344937));
#1458 = CARTESIAN_POINT('',(-4.588602585247,-22.99998529366));
#1459 = CARTESIAN_POINT('',(-4.717962250574,-23.00105246111));
#1460 = CARTESIAN_POINT('',(-4.847542730189,-23.000600775));
#1461 = CARTESIAN_POINT('',(-4.976133644862,-22.99855339854));
#1462 = CARTESIAN_POINT('',(-5.102460028392,-22.99527602369));
#1463 = CARTESIAN_POINT('',(-5.224894175441,-22.99135230581));
#1464 = CARTESIAN_POINT('',(-5.488958670708,-22.98212053492));
#1465 = CARTESIAN_POINT('',(-5.630033906521,-22.97660448178));
#1466 = CARTESIAN_POINT('',(-5.765937784997,-22.97153151366));
#1467 = CARTESIAN_POINT('',(-5.897965886113,-22.96744629667));
#1468 = CARTESIAN_POINT('',(-6.027389812736,-22.96463481116));
#1469 = CARTESIAN_POINT('',(-6.155334673778,-22.96323147991));
#1470 = CARTESIAN_POINT('',(-6.28318530718,-22.96323147991));
#1471 = ( GEOMETRIC_REPRESENTATION_CONTEXT(2) 
PARAMETRIC_REPRESENTATION_CONTEXT() REPRESENTATION_CONTEXT('2D SPACE',''
  ) );
#1472 = PCURVE('',#1126,#1473);
#1473 = DEFINITIONAL_REPRESENTATION('',(#1474),#1519);
#1474 = B_SPLINE_CURVE_WITH_KNOTS('',7,(#1475,#1476,#1477,#1478,#1479,
    #1480,#1481,#1482,#1483,#1484,#1485,#1486,#1487,#1488,#1489,#1490,
    #1491,#1492,#1493,#1494,#1495,#1496,#1497,#1498,#1499,#1500,#1501,
    #1502,#1503,#1504,#1505,#1506,#1507,#1508,#1509,#1510,#1511,#1512,
    #1513,#1514,#1515,#1516,#1517,#1518),.UNSPECIFIED.,.T.,.F.,(8,6,6,6,
    6,6,6,8),(0.,0.151461159542,0.286881149167,0.424036341991,
    0.58713182031,0.713646672646,0.839235438319,1.),.UNSPECIFIED.);
#1475 = CARTESIAN_POINT('',(-4.768940857929,-17.));
#1476 = CARTESIAN_POINT('',(-4.768940857929,-17.15608992864));
#1477 = CARTESIAN_POINT('',(-4.767988699624,-17.312239466));
#1478 = CARTESIAN_POINT('',(-4.766082901208,-17.46626653058));
#1479 = CARTESIAN_POINT('',(-4.76320204756,-17.61575284432));
#1480 = CARTESIAN_POINT('',(-4.759315718574,-17.75769827612));
#1481 = CARTESIAN_POINT('',(-4.754392970447,-17.88818858922));
#1482 = CARTESIAN_POINT('',(-4.743089267905,-18.10312738173));
#1483 = CARTESIAN_POINT('',(-4.736773208029,-18.19374207168));
#1484 = CARTESIAN_POINT('',(-4.729606033708,-18.26406437294));
#1485 = CARTESIAN_POINT('',(-4.721844209965,-18.30759211036));
#1486 = CARTESIAN_POINT('',(-4.713816333625,-18.32088353749));
#1487 = CARTESIAN_POINT('',(-4.705874075837,-18.30369187326));
#1488 = CARTESIAN_POINT('',(-4.69069355059,-18.21405371256));
#1489 = CARTESIAN_POINT('',(-4.683689947347,-18.14222669351));
#1490 = CARTESIAN_POINT('',(-4.677457310254,-18.04902851247));
#1491 = CARTESIAN_POINT('',(-4.672072213863,-17.93923822684));
#1492 = CARTESIAN_POINT('',(-4.667574031814,-17.81731373651));
#1493 = CARTESIAN_POINT('',(-4.663967887276,-17.6874391366));
#1494 = CARTESIAN_POINT('',(-4.657961730819,-17.39425746523));
#1495 = CARTESIAN_POINT('',(-4.655824042989,-17.2246462209));
#1496 = CARTESIAN_POINT('',(-4.654856827163,-17.04905454901));
#1497 = CARTESIAN_POINT('',(-4.655084123774,-16.87178839278));
#1498 = CARTESIAN_POINT('',(-4.656507732671,-16.69718537719));
#1499 = CARTESIAN_POINT('',(-4.659106989315,-16.52963608333));
#1500 = CARTESIAN_POINT('',(-4.665732767188,-16.2527746759));
#1501 = CARTESIAN_POINT('',(-4.669372160853,-16.1361655348));
#1502 = CARTESIAN_POINT('',(-4.673774405293,-16.02724700935));
#1503 = CARTESIAN_POINT('',(-4.678927711997,-15.92952465188));
#1504 = CARTESIAN_POINT('',(-4.684792013344,-15.84663720366));
#1505 = CARTESIAN_POINT('',(-4.691297588761,-15.78237955507));
#1506 = CARTESIAN_POINT('',(-4.705315183564,-15.69960828102));
#1507 = CARTESIAN_POINT('',(-4.712663817895,-15.68168232263));
#1508 = CARTESIAN_POINT('',(-4.72011896399,-15.6899062728));
#1509 = CARTESIAN_POINT('',(-4.727389600438,-15.72439927843));
#1510 = CARTESIAN_POINT('',(-4.734198340387,-15.78268523047));
#1511 = CARTESIAN_POINT('',(-4.740319012738,-15.85978252537));
#1512 = CARTESIAN_POINT('',(-4.752400571774,-16.06155970613));
#1513 = CARTESIAN_POINT('',(-4.758004519261,-16.19632415239));
#1514 = CARTESIAN_POINT('',(-4.762425808276,-16.34535132888));
#1515 = CARTESIAN_POINT('',(-4.765699015172,-16.50365631036));
#1516 = CARTESIAN_POINT('',(-4.767861294735,-16.66746468935));
#1517 = CARTESIAN_POINT('',(-4.768940857929,-16.83379417657));
#1518 = CARTESIAN_POINT('',(-4.768940857929,-17.));
#1519 = ( GEOMETRIC_REPRESENTATION_CONTEXT(2) 
PARAMETRIC_REPRESENTATION_CONTEXT() REPRESENTATION_CONTEXT('2D SPACE',''
  ) );
#1520 = ORIENTED_EDGE('',*,*,#1354,.F.);
#1521 = ADVANCED_FACE('',(#1522,#1580,#1583),#1126,.T.);
#1522 = FACE_BOUND('',#1523,.F.);
#1523 = EDGE_LOOP('',(#1524,#1525,#1548,#1579));
#1524 = ORIENTED_EDGE('',*,*,#1105,.T.);
#1525 = ORIENTED_EDGE('',*,*,#1526,.T.);
#1526 = EDGE_CURVE('',#1106,#1527,#1529,.T.);
#1527 = VERTEX_POINT('',#1528);
#1528 = CARTESIAN_POINT('',(23.,0.,31.));
#1529 = SEAM_CURVE('',#1530,(#1534,#1541),.PCURVE_S1.);
#1530 = LINE('',#1531,#1532);
#1531 = CARTESIAN_POINT('',(23.,0.,0.));
#1532 = VECTOR('',#1533,1.);
#1533 = DIRECTION('',(0.,0.,1.));
#1534 = PCURVE('',#1126,#1535);
#1535 = DEFINITIONAL_REPRESENTATION('',(#1536),#1540);
#1536 = LINE('',#1537,#1538);
#1537 = CARTESIAN_POINT('',(-6.28318530718,0.));
#1538 = VECTOR('',#1539,1.);
#1539 = DIRECTION('',(-0.,-1.));
#1540 = ( GEOMETRIC_REPRESENTATION_CONTEXT(2) 
PARAMETRIC_REPRESENTATION_CONTEXT() REPRESENTATION_CONTEXT('2D SPACE',''
  ) );
#1541 = PCURVE('',#1126,#1542);
#1542 = DEFINITIONAL_REPRESENTATION('',(#1543),#1547);
#1543 = LINE('',#1544,#1545);
#1544 = CARTESIAN_POINT('',(-0.,0.));
#1545 = VECTOR('',#1546,1.);
#1546 = DIRECTION('',(-0.,-1.));
#1547 = ( GEOMETRIC_REPRESENTATION_CONTEXT(2) 
PARAMETRIC_REPRESENTATION_CONTEXT() REPRESENTATION_CONTEXT('2D SPACE',''
  ) );
#1548 = ORIENTED_EDGE('',*,*,#1549,.F.);
#1549 = EDGE_CURVE('',#1527,#1527,#1550,.T.);
#1550 = SURFACE_CURVE('',#1551,(#1556,#1563),.PCURVE_S1.);
#1551 = CIRCLE('',#1552,23.);
#1552 = AXIS2_PLACEMENT_3D('',#1553,#1554,#1555);
#1553 = CARTESIAN_POINT('',(0.,0.,31.));
#1554 = DIRECTION('',(0.,0.,-1.));
#1555 = DIRECTION('',(1.,0.,0.));
#1556 = PCURVE('',#1126,#1557);
#1557 = DEFINITIONAL_REPRESENTATION('',(#1558),#1562);
#1558 = LINE('',#1559,#1560);
#1559 = CARTESIAN_POINT('',(-6.28318530718,-31.));
#1560 = VECTOR('',#1561,1.);
#1561 = DIRECTION('',(1.,-0.));
#1562 = ( GEOMETRIC_REPRESENTATION_CONTEXT(2) 
PARAMETRIC_REPRESENTATION_CONTEXT() REPRESENTATION_CONTEXT('2D SPACE',''
  ) );
#1563 = PCURVE('',#1564,#1569);
#1564 = PLANE('',#1565);
#1565 = AXIS2_PLACEMENT_3D('',#1566,#1567,#1568);
#1566 = CARTESIAN_POINT('',(-2.365301850879E-15,3.22020598281E-15,31.));
#1567 = DIRECTION('',(0.,0.,1.));
#1568 = DIRECTION('',(1.,0.,-0.));
#1569 = DEFINITIONAL_REPRESENTATION('',(#1570),#1578);
#1570 = ( BOUNDED_CURVE() B_SPLINE_CURVE(2,(#1571,#1572,#1573,#1574,
#1575,#1576,#1577),.UNSPECIFIED.,.T.,.F.) B_SPLINE_CURVE_WITH_KNOTS((1,2
    ,2,2,2,1),(-2.094395102393,0.,2.094395102393,4.188790204786,
6.28318530718,8.377580409573),.UNSPECIFIED.) CURVE() 
GEOMETRIC_REPRESENTATION_ITEM() RATIONAL_B_SPLINE_CURVE((1.,0.5,1.,0.5,
1.,0.5,1.)) REPRESENTATION_ITEM('') );
#1571 = CARTESIAN_POINT('',(23.,-3.22020598281E-15));
#1572 = CARTESIAN_POINT('',(23.,-39.83716857408));
#1573 = CARTESIAN_POINT('',(-11.5,-19.91858428704));
#1574 = CARTESIAN_POINT('',(-46.,-8.853581258887E-15));
#1575 = CARTESIAN_POINT('',(-11.5,19.918584287042));
#1576 = CARTESIAN_POINT('',(23.,39.837168574084));
#1577 = CARTESIAN_POINT('',(23.,-3.22020598281E-15));
#1578 = ( GEOMETRIC_REPRESENTATION_CONTEXT(2) 
PARAMETRIC_REPRESENTATION_CONTEXT() REPRESENTATION_CONTEXT('2D SPACE',''
  ) );
#1579 = ORIENTED_EDGE('',*,*,#1526,.F.);
#1580 = FACE_BOUND('',#1581,.F.);
#1581 = EDGE_LOOP('',(#1582));
#1582 = ORIENTED_EDGE('',*,*,#1205,.F.);
#1583 = FACE_BOUND('',#1584,.F.);
#1584 = EDGE_LOOP('',(#1585));
#1585 = ORIENTED_EDGE('',*,*,#1377,.T.);
#1586 = ADVANCED_FACE('',(#1587),#1158,.T.);
#1587 = FACE_BOUND('',#1588,.F.);
#1588 = EDGE_LOOP('',(#1589,#1612,#1613,#1614));
#1589 = ORIENTED_EDGE('',*,*,#1590,.T.);
#1590 = EDGE_CURVE('',#1591,#1142,#1593,.T.);
#1591 = VERTEX_POINT('',#1592);
#1592 = CARTESIAN_POINT('',(37.,0.,31.));
#1593 = SEAM_CURVE('',#1594,(#1598,#1605),.PCURVE_S1.);
#1594 = LINE('',#1595,#1596);
#1595 = CARTESIAN_POINT('',(37.,0.,31.));
#1596 = VECTOR('',#1597,1.);
#1597 = DIRECTION('',(0.,0.,1.));
#1598 = PCURVE('',#1158,#1599);
#1599 = DEFINITIONAL_REPRESENTATION('',(#1600),#1604);
#1600 = LINE('',#1601,#1602);
#1601 = CARTESIAN_POINT('',(-0.,0.));
#1602 = VECTOR('',#1603,1.);
#1603 = DIRECTION('',(-0.,-1.));
#1604 = ( GEOMETRIC_REPRESENTATION_CONTEXT(2) 
PARAMETRIC_REPRESENTATION_CONTEXT() REPRESENTATION_CONTEXT('2D SPACE',''
  ) );
#1605 = PCURVE('',#1158,#1606);
#1606 = DEFINITIONAL_REPRESENTATION('',(#1607),#1611);
#1607 = LINE('',#1608,#1609);
#1608 = CARTESIAN_POINT('',(-6.28318530718,0.));
#1609 = VECTOR('',#1610,1.);
#1610 = DIRECTION('',(-0.,-1.));
#1611 = ( GEOMETRIC_REPRESENTATION_CONTEXT(2) 
PARAMETRIC_REPRESENTATION_CONTEXT() REPRESENTATION_CONTEXT('2D SPACE',''
  ) );
#1612 = ORIENTED_EDGE('',*,*,#1141,.T.);
#1613 = ORIENTED_EDGE('',*,*,#1590,.F.);
#1614 = ORIENTED_EDGE('',*,*,#1615,.F.);
#1615 = EDGE_CURVE('',#1591,#1591,#1616,.T.);
#1616 = SURFACE_CURVE('',#1617,(#1622,#1629),.PCURVE_S1.);
#1617 = CIRCLE('',#1618,37.);
#1618 = AXIS2_PLACEMENT_3D('',#1619,#1620,#1621);
#1619 = CARTESIAN_POINT('',(0.,0.,31.));
#1620 = DIRECTION('',(0.,0.,1.));
#1621 = DIRECTION('',(1.,0.,0.));
#1622 = PCURVE('',#1158,#1623);
#1623 = DEFINITIONAL_REPRESENTATION('',(#1624),#1628);
#1624 = LINE('',#1625,#1626);
#1625 = CARTESIAN_POINT('',(-0.,0.));
#1626 = VECTOR('',#1627,1.);
#1627 = DIRECTION('',(-1.,0.));
#1628 = ( GEOMETRIC_REPRESENTATION_CONTEXT(2) 
PARAMETRIC_REPRESENTATION_CONTEXT() REPRESENTATION_CONTEXT('2D SPACE',''
  ) );
#1629 = PCURVE('',#1564,#1630);
#1630 = DEFINITIONAL_REPRESENTATION('',(#1631),#1635);
#1631 = CIRCLE('',#1632,37.);
#1632 = AXIS2_PLACEMENT_2D('',#1633,#1634);
#1633 = CARTESIAN_POINT('',(2.365301850879E-15,-3.22020598281E-15));
#1634 = DIRECTION('',(1.,0.));
#1635 = ( GEOMETRIC_REPRESENTATION_CONTEXT(2) 
PARAMETRIC_REPRESENTATION_CONTEXT() REPRESENTATION_CONTEXT('2D SPACE',''
  ) );
#1636 = ADVANCED_FACE('',(#1637,#1640),#1564,.F.);
#1637 = FACE_BOUND('',#1638,.F.);
#1638 = EDGE_LOOP('',(#1639));
#1639 = ORIENTED_EDGE('',*,*,#1615,.T.);
#1640 = FACE_BOUND('',#1641,.F.);
#1641 = EDGE_LOOP('',(#1642));
#1642 = ORIENTED_EDGE('',*,*,#1549,.T.);
#1643 = ( GEOMETRIC_REPRESENTATION_CONTEXT(3) 
GLOBAL_UNCERTAINTY_ASSIGNED_CONTEXT((#1647)) 
GLOBAL_UNIT_ASSIGNED_CONTEXT((#1644,#1645,#1646)) REPRESENTATION_CONTEXT
('Context #1','3D Context with UNIT and UNCERTAINTY') );
#1644 = ( LENGTH_UNIT() NAMED_UNIT(*) SI_UNIT(.MILLI.,.METRE.) );
#1645 = ( NAMED_UNIT(*) PLANE_ANGLE_UNIT() SI_UNIT($,.RADIAN.) );
#1646 = ( NAMED_UNIT(*) SI_UNIT($,.STERADIAN.) SOLID_ANGLE_UNIT() );
#1647 = UNCERTAINTY_MEASURE_WITH_UNIT(LENGTH_MEASURE(1.E-07),#1644,
  'distance_accuracy_value','confusion accuracy');
#1648 = PRODUCT_RELATED_PRODUCT_CATEGORY('part',$,(#7));
ENDSEC;
END-ISO-10303-21;
